# USDConverter OBJ File: 3DModel.obj
mtllib 3DModel.mtl
g submesh
v 0.00709586 0.0340423 0.00843706
v 0.00727265 0.0334743 0.00869413
v 0.00699745 0.033497 0.00809677
v 0.00682577 0.0341413 0.00818242
v 0.00697417 0.0345519 0.0084858
v 0.00672545 0.0283164 0.00793616
v 0.00706761 0.0279154 0.00801977
v 0.00684162 0.0275315 0.00796338
v 0.0072616 0.0272866 0.00830476
v 0.00680979 0.0267746 0.00790671
v 0.0033539 0.026264 0.00806494
v 0.00322454 0.0257472 0.00874681
v 0.00319152 0.0266352 0.00869855
v 0.00364645 0.0254906 0.00806287
v 0.0043718 0.0248583 0.00807135
v 0.00355927 0.0247353 0.00801459
v 0.00419887 0.0260773 0.00809739
v 0.00432733 0.0237511 0.0080388
v 0.00490065 0.0240073 0.00799762
v 0.00460842 0.0229072 0.00799881
v 0.00326391 0.0256912 0.00820776
v 0.00333397 0.0253273 0.00824968
v 0.00514898 0.0258014 0.00800744
v 0.00379985 0.0239212 0.00802934
v 0.0048324 0.0347902 0.00825016
v 0.00539407 0.034723 0.00822008
v 0.00498079 0.0342419 0.00814832
v 0.00387189 0.0319594 0.00802278
v 0.00384152 0.0336083 0.00810392
v 0.00473529 0.0331718 0.00803634
v 0.00456242 0.035805 0.00942335
v 0.00445921 0.0357318 0.00970575
v 0.00493906 0.0359583 0.00968551
v 0.00441299 0.0342731 0.00810525
v 0.00394364 0.0344667 0.00821912
v 0.00501786 0.0354187 0.00853158
v 0.00464051 0.035761 0.00901033
v 0.00494214 0.0357333 0.00881058
v 0.00428529 0.034958 0.00841756
v 0.00373731 0.0347897 0.00858077
v 0.00515411 0.0358554 0.00895177
v 0.00401434 0.0350889 0.00875704
v 0.00432535 0.0354566 0.00873453
v 0.00476421 0.0312356 0.0079112
v 0.00482393 0.0288472 0.00792732
v 0.00399356 0.0301862 0.00798277
v 0.00403367 0.0353029 0.00907056
v 0.00429261 0.0355359 0.00906234
v 0.00418636 0.0356275 0.00940928
v 0.00336885 0.0295789 -0.0136942
v 0.00386863 0.030593 -0.0139411
v 0.00439472 0.0298517 -0.0138383
v 0.00518169 0.0330256 -0.0143481
v 0.00540481 0.0319593 -0.0143955
v 0.00467764 0.032113 -0.0144256
v 0.00517949 0.0302348 -0.0140288
v 0.00469943 0.0310681 -0.0142826
v 0.00563893 0.0309782 -0.0142244
v 0.00600675 0.0337623 -0.014027
v 0.00582801 0.0326502 -0.0142373
v 0.00372902 0.0318249 -0.0142597
v 0.00607873 0.0318335 -0.0141315
v 0.0063012 0.0329066 -0.0139394
v 0.00320509 0.0306899 -0.0137683
v 0.00585655 0.0299813 -0.0139537
v 0.00280479 0.0297904 -0.0134914
v 0.00511924 0.0291612 -0.0138562
v 0.00618974 0.0308384 -0.0139973
v 0.00658555 0.0341182 -0.0131526
v 0.00648969 0.0336252 -0.0136914
v 0.00648746 0.0342095 -0.0136415
v 0.00664361 0.0336808 -0.0126921
v 0.00666172 0.0343242 -0.0123048
v 0.00671725 0.0336757 -0.0118884
v 0.00659841 0.033244 -0.0133617
v 0.00667814 0.0328943 -0.0126569
v 0.00585385 0.0290611 -0.0139538
v 0.00565599 0.0194296 -0.0212911
v 0.00715107 0.0192519 -0.0202222
v 0.00689537 0.0192775 -0.0215478
v 0.00532531 0.0191379 -0.0194172
v 0.00608527 0.0189146 -0.0171905
v 0.00763385 0.019127 -0.0183387
v 0.0098113 0.0189105 -0.0135813
v 0.0111059 0.0189069 -0.0117917
v 0.0118596 0.0191263 -0.0133087
v 0.00702776 0.018905 -0.0155255
v 0.00737867 0.0189116 -0.0139697
v 0.00828011 0.0188871 -0.0143705
v 0.0135582 0.0192916 -0.0109244
v 0.0124311 0.0191849 -0.011716
v 0.0120602 0.0189627 -0.0102999
v 0.00552965 0.0189009 -0.0159107
v 0.00655977 0.0190691 -0.0133865
v 0.0070115 0.0189445 -0.0133816
v 0.00637838 0.018913 -0.0140847
v 0.00760194 0.0188505 -0.0127468
v 0.0084996 0.018957 -0.0160789
v 0.0108465 0.0190718 -0.0157608
v 0.00615341 0.019383 -0.0223024
v 0.00574506 0.019424 -0.0227837
v 0.00497434 0.0194943 -0.0223587
v 0.00848388 0.0187493 -0.012963
v 0.00546783 0.0190302 -0.0149145
v 0.0063564 0.0189577 -0.0149325
v 0.00620931 0.0194414 -0.0138212
v 0.00582176 0.0191256 -0.014251
v 0.00499907 0.0191237 -0.0146611
v 0.00537701 0.0191308 -0.0144334
v 0.00493596 0.0194276 -0.014233
v 0.00474923 0.018829 -0.0154691
v 0.00470996 0.0189443 -0.014982
v 0.00957475 0.0185144 -0.0113083
v 0.0104138 0.0187231 0.0176232
v 0.00962007 0.0183152 0.0167622
v 0.00916396 0.0185825 0.0184476
v 0.00872941 0.0180888 0.0158879
v 0.00772714 0.0182128 0.0170596
v 0.00850282 0.0182639 0.0174421
v 0.0105261 0.0190245 0.0189248
v 0.0105964 0.019215 0.0206031
v 0.0087131 0.0188169 0.0201912
v 0.0115195 0.0184294 0.0149793
v 0.0100604 0.0182428 0.0154304
v 0.0106676 0.0185262 0.0164401
v 0.00609079 0.0185705 0.0169805
v 0.00596489 0.0185732 0.016712
v 0.00554041 0.018604 0.0168837
v 0.00766117 0.0181891 0.0159993
v 0.00660546 0.0184568 0.0160602
v 0.00675086 0.018403 0.0171994
v 0.00473641 0.0186218 0.0166192
v 0.00443979 0.0185144 0.0155693
v 0.00289856 0.0185066 0.0166476
v 0.0049682 0.0184437 0.0179747
v 0.00263386 0.0184778 0.0191425
v -8.19279e-06 0.0185046 0.0179355
v 0.00075689 0.0186013 0.0203444
v 0.00578858 0.0185231 0.0163323
v 0.00705397 0.0183951 0.0189306
v 0.00453553 0.0184198 0.0201569
v 0.0052924 0.0186368 0.0159592
v 0.00526715 0.0185944 0.016554
v 0.00262905 0.0187533 0.0218333
v 0.00595257 0.0186277 0.0156794
v 0.0166457 0.00582787 -0.00893498
v 0.0178907 0.00625367 -0.00836779
v 0.016853 0.00468955 -0.00833783
v 0.0158613 0.00528809 -0.00938683
v 0.016073 0.00470501 -0.00889214
v 0.0160307 0.00701738 -0.0109905
v 0.0162653 0.00858385 -0.0102711
v 0.0163851 0.0073987 -0.00976425
v 0.015675 0.0043746 -0.00922407
v 0.0156692 0.00350881 -0.0106306
v 0.015948 0.00459152 -0.0115631
v 0.0156198 0.00468417 -0.0105641
v 0.0154917 0.00390167 -0.00995931
v 0.0155397 0.00462147 -0.00980117
v 0.015822 0.0058623 -0.0101683
v 0.0159804 0.00501394 -0.0125996
v 0.0158601 0.00597071 -0.0129886
v 0.0159598 0.00584246 -0.011907
v 0.0193112 0.00687823 -0.00809361
v 0.0185591 0.00734048 -0.00829525
v 0.016002 0.00718095 -0.0123275
v 0.016834 0.00699225 -0.00914569
v 0.0162708 0.00627745 -0.00948473
v 0.0158605 0.00553617 -0.011082
v 0.0160861 0.00855724 -0.0114469
v 0.0165065 0.0085614 -0.00951969
v 0.0166405 0.0082266 -0.00930142
v 0.0168962 0.00793045 -0.0090581
v 0.0172088 0.00665276 -0.00880012
v 0.0175854 0.00758328 -0.00859751
v 0.0190749 0.00598516 -0.00802449
v 0.0159442 0.00342029 -0.0118928
v 0.0160348 0.00412045 -0.012545
v 0.0162478 0.0102628 -0.0105292
v 0.0203919 0.00653188 -0.00792485
v 0.0165993 0.0175469 -0.00470528
v 0.0166179 0.0179066 -0.00531327
v 0.0166533 0.0179675 -0.0042532
v 0.0166335 0.0173525 -0.00371073
v 0.0167689 0.0155681 -0.00596797
v 0.0168738 0.0165631 -0.00513796
v 0.016898 0.0158132 -0.00462975
v 0.0166493 0.0173196 -0.00546434
v 0.0165015 0.0177064 -0.00645074
v 0.0167148 0.0179722 -0.00297026
v 0.016765 0.0145925 -0.00482508
v 0.0168035 0.0156206 -0.000831062
v 0.0168887 0.0166255 -0.000949458
v 0.0168099 0.0155181 0.00029373
v 0.0166963 0.0171147 -0.00463644
v 0.0168139 0.0169394 -0.00311578
v 0.0168769 0.0165659 -0.00389095
v 0.0165749 0.0144325 -1.82207e-05
v 0.0166119 0.0148238 -0.000911966
v 0.0168688 0.0154449 -0.00197329
v 0.016971 0.0164189 -0.00259458
v 0.0168294 0.0171938 -0.00241611
v 0.0164678 0.0138452 -0.00100594
v 0.0169498 0.0155714 -0.00353172
v 0.0166947 0.0167264 -0.0064425
v 0.016658 0.0142484 -0.00204346
v 0.0166217 0.015801 -0.00791289
v 0.0165225 0.0137171 -0.00685613
v 0.0162932 0.0137842 -0.00922783
v 0.0165836 0.0132046 -0.00197253
v 0.0168191 0.0143659 -0.00331681
v 0.0166021 0.0184017 -0.00487867
v 0.0167768 0.0136729 -0.0027647
v 0.0168447 0.0135132 -0.00347665
v 0.0167574 0.0135283 -0.00442866
v 0.0166456 0.0135249 -0.00547017
v 0.0165533 0.018252 -0.00583422
v 0.0164343 0.00203277 0.00837154
v 0.0171322 0.00249103 0.00615035
v 0.016866 0.00284089 0.00734845
v 0.0170478 0.00344204 0.00919958
v 0.0166973 0.00272553 0.00845274
v 0.0171899 0.00348821 0.00781002
v 0.0101533 0.00105761 0.00304446
v 0.01208 0.000557721 0.0157847
v 0.00859183 0.000454172 0.0164001
v 0.0174836 0.00355618 0.00632754
v 0.0190129 0.00286698 -0.00104225
v 0.0231333 0.00431178 -0.00479376
v 0.023138 0.00389051 -0.00192232
v 0.00134025 0.000111848 0.0159592
v 0.0174634 0.00451115 0.00955584
v 0.017416 0.00509546 0.0105419
v 0.0171168 0.00367194 0.0105666
v 0.0170047 0.00408694 0.0115481
v 0.0190995 0.00407439 0.00542497
v 0.0172681 0.00335529 0.00702869
v 0.0177142 0.00402675 0.00689841
v 0.0189488 0.00322917 0.00378941
v 0.0163699 0.00182381 0.00370454
v 0.0254489 0.00499203 -0.00172787
v 0.02376 0.00420006 0.000179418
v 0.0220464 0.00391483 0.00307724
v 0.0163742 0.00165364 0.011716
v 0.0163022 0.00189812 0.0100463
v 0.0167374 0.00248939 0.0105889
v 0.0165125 0.00238904 0.00944297
v 0.0152769 0.00124061 0.00696074
v 0.0173678 0.00280869 -0.00673684
v 0.0198924 0.00343468 -0.00528797
v -0.00928293 0.000562787 0.00207591
v 0.0168399 0.00280185 0.0117001
v 0.0167732 0.00331038 0.0123692
v 0.0152285 0.00224498 -0.00564032
v 0.0136419 0.00148597 -0.0112874
v 0.0148373 0.000803247 0.00978884
v 0.0159513 0.00121117 0.00959809
v 0.0013645 0.00100091 -0.0112798
v 0.00893612 0.00127153 -0.0160631
v 0.0142174 0.000840053 0.013351
v 0.0165639 0.00263348 0.0131168
v 0.00720447 0.0342958 0.00896777
v 0.00725 0.0338151 0.00919343
v 0.00554543 0.033851 0.00803749
v 0.00576452 0.032307 0.00791135
v 0.00600215 0.0357369 0.00920282
v 0.00600559 0.0357782 0.0097094
v 0.00638143 0.0355298 0.00947036
v 0.00703704 0.0320583 0.0081021
v 0.00662584 0.0326435 0.00799878
v 0.00709698 0.0329341 0.00819586
v 0.0056795 0.0357352 0.00882745
v 0.00562275 0.0359132 0.00935477
v 0.00678885 0.0351016 0.00896572
v 0.00675853 0.0351847 0.00990798
v 0.00710872 0.0346258 0.00966555
v 0.00635813 0.0337667 0.00803666
v 0.00599985 0.0344819 0.00816409
v 0.00653075 0.0347331 0.00825775
v 0.00733591 0.0326125 0.00903422
v 0.00737354 0.0333735 0.00975113
v 0.00740988 0.0323464 0.00999672
v 0.00636904 0.0356419 0.0103001
v 0.00567002 0.0359525 0.0102482
v 0.0059122 0.0351863 0.00842818
v 0.00642047 0.0352626 0.00858246
v 0.00722804 0.0326688 0.00845156
v 0.00724536 0.0321123 0.00849371
v 0.00733806 0.0315092 0.00906075
v 0.00625117 0.0355454 0.00883792
v 0.00716336 0.0340851 0.00956926
v 0.00561921 0.034619 -0.0138124
v 0.00534305 0.0339538 -0.014092
v 0.00271846 0.0319748 -0.0110389
v 0.00269996 0.0329262 -0.0114312
v 0.0026498 0.0325405 -0.0118244
v 0.00267424 0.0339077 -0.0129149
v 0.00273888 0.0338103 -0.0136114
v 0.00256214 0.0333091 -0.0132429
v 0.00267531 0.0317164 -0.0136635
v 0.00261741 0.0315045 -0.0131155
v 0.00258911 0.0320517 -0.0133078
v 0.00304342 0.0315643 -0.0139379
v 0.00283827 0.0311013 -0.0136845
v 0.00280433 0.0305732 -0.0134814
v 0.0026015 0.0323781 -0.0136697
v 0.00270546 0.030976 -0.0133299
v 0.00259489 0.0308127 -0.0127072
v 0.00270829 0.0330198 -0.0138137
v 0.00300077 0.0323434 -0.0140136
v 0.00283885 0.0344165 -0.0131479
v 0.00447457 0.0338598 -0.0141189
v 0.00371846 0.0342713 -0.0138314
v 0.00422757 0.0347264 -0.0136823
v 0.00258235 0.0326477 -0.0132219
v 0.00263466 0.0300946 -0.0130722
v 0.00261525 0.0307158 -0.0116973
v 0.00261223 0.0318803 -0.0124347
v 0.00430365 0.0328591 -0.0143504
v 0.00340624 0.03335 -0.0140762
v 0.00306441 0.0344466 -0.0135904
v 0.00496963 0.0345171 -0.0138649
v 0.00260422 0.0330882 -0.0124081
v 0.0025939 0.0290248 -0.0129216
v 0.002725 0.0339871 -0.0122365
v 0.00259306 0.0296779 -0.01229
v 0.0026995 0.0306054 -0.0104253
v 0.00269957 0.0290667 -0.0110901
v 0.00267344 0.0295218 -0.00998896
v 0.00271343 0.0319181 -0.00931198
v 0.00279631 0.0333539 -0.010342
v 0.00303872 0.0347942 -0.0109041
v 0.00285019 0.034151 -0.0109488
v 0.00294166 0.0344065 -0.0102704
v 0.00313082 0.0350771 -0.0101083
v 0.00275824 0.0336563 -0.0114827
v 0.00293962 0.0343897 -0.0116669
v 0.00290014 0.0346651 -0.00978601
v 0.00281904 0.0341538 -0.00937197
v 0.00277044 0.0331245 -0.00886695
v 0.00324652 0.0351819 -0.00915989
v 0.00344876 0.0354098 -0.00981358
v 0.0029792 0.0347931 -0.00945612
v 0.00380275 0.0357261 -0.00971896
v 0.00255644 0.0288681 -0.00912676
v 0.00263834 0.0303225 -0.00931018
v 0.00270228 0.0339441 -0.00837274
v 0.00291245 0.0345888 -0.00882971
v 0.00361722 0.0355359 -0.0103854
v 0.00338271 0.0353121 -0.0109994
v 0.00271167 0.0335941 -0.00774806
v 0.00272643 0.0331479 -0.0079942
v 0.0029096 0.0331507 -0.0075548
v 0.00285608 0.0326814 -0.0076182
v 0.00274674 0.0323794 -0.0081307
v 0.00276946 0.0341997 -0.00775548
v 0.00319154 0.0347601 -0.00786711
v 0.00286943 0.0346343 -0.00825995
v 0.0026836 0.031633 -0.00828773
v 0.00275833 0.0308933 -0.00790813
v 0.00283067 0.0316487 -0.00772655
v 0.00310196 0.0337361 -0.00745876
v 0.00271884 0.0310286 -0.00862556
v 0.00315818 0.034338 -0.00757927
v 0.00348822 0.0345512 -0.00766559
v 0.0035993 0.0356133 -0.00872739
v 0.00318594 0.0351442 -0.00839788
v 0.00302098 0.0349017 -0.00861563
v 0.00367049 0.0353198 -0.00806367
v 0.00258266 0.0298461 -0.00836098
v 0.0038292 0.0347105 0.0129543
v 0.00344992 0.0338971 0.0129668
v 0.00379287 0.0343669 0.0134748
v 0.00411001 0.0351614 0.013189
v 0.00443353 0.035243 0.0136418
v 0.00437822 0.0354391 0.0131495
v 0.00486481 0.0358461 0.0113628
v 0.00511628 0.0359388 0.0120656
v 0.00552263 0.0359352 0.0113259
v 0.00492583 0.0357994 0.0131145
v 0.00461084 0.0356849 0.0127417
v 0.00463184 0.0357009 0.0132616
v 0.00421149 0.0352401 0.0127033
v 0.00457221 0.0355611 0.0119622
v 0.00364687 0.0340558 0.013832
v 0.00408608 0.0345562 0.0140449
v 0.00568793 0.0359044 0.0121595
v 0.00550252 0.0358664 0.0126894
v 0.00603757 0.0357811 0.012734
v 0.00343446 0.033339 0.0136449
v 0.00455091 0.0347319 0.0140876
v 0.0049246 0.0350329 0.0139787
v 0.00437002 0.0349294 0.0139176
v 0.00408068 0.0348842 0.0135745
v 0.00349023 0.034215 0.0119451
v 0.00558146 0.0352811 0.0139019
v 0.00566201 0.0356441 0.013514
v 0.00500671 0.0355907 0.013565
v 0.00393512 0.0349746 0.0118477
v 0.00484569 0.0357339 0.0123754
v 0.00507497 0.0358298 0.0126675
v 0.0041917 0.0352917 0.0130387
v 0.00374601 0.0348483 0.0108806
v 0.00361583 0.0346147 0.0114836
v 0.00459685 0.0355005 0.013422
v 0.00574681 0.0357711 0.0130873
v 0.00530987 0.0357799 0.0131434
v 0.00335787 0.0333183 0.0120443
v 0.00341627 0.0330621 0.0128711
v 0.00399632 0.0345899 0.0135051
v 0.00336335 0.0320762 0.012193
v 0.00348977 0.0343214 0.0111447
v 0.00334796 0.0336565 0.0109933
v 0.00334751 0.0326095 0.0108989
v 0.00427675 0.0355153 0.0108948
v 0.00336178 0.0343196 0.00887408
v 0.00335603 0.0340688 0.0092828
v 0.00354717 0.0345723 0.00903348
v 0.00333994 0.0334475 0.00851598
v 0.00341669 0.0340145 0.00868082
v 0.00348363 0.0338162 0.00829467
v 0.00328587 0.0333465 0.0089803
v 0.00326782 0.0326617 0.00854648
v 0.00320944 0.0325703 0.00923008
v 0.00359413 0.034254 0.00834684
v 0.00348592 0.0344416 0.00864064
v 0.00348503 0.0342354 0.0103013
v 0.00347938 0.0346586 0.00957197
v 0.00346357 0.033297 0.00826454
v 0.00351465 0.032734 0.00813411
v 0.00329633 0.0332612 0.00992993
v 0.0033072 0.0311347 0.0104938
v 0.00323466 0.0322614 0.00987917
v 0.00319889 0.0316132 0.00914891
v 0.004518 0.0357906 0.0101468
v 0.00408994 0.0354771 0.0100266
v 0.00379567 0.0349211 0.00903654
v 0.00343622 0.0322645 0.00821489
v 0.00322318 0.0306578 0.00863116
v 0.00334214 0.0315687 0.0083684
v 0.00366277 0.0349719 0.0101141
v 0.00495758 0.0359119 0.0105483
v 0.00319942 0.0305323 0.0092386
v 0.00373682 0.0347471 0.00929237
v 0.00382902 0.0351074 0.00951469
v 0.00394134 0.0352133 0.0105067
v -0.00434926 0.00486675 0.0223944
v -0.0041498 0.00355253 0.0225047
v -0.00331246 0.0042576 0.0227322
v -0.00146167 0.00937936 0.0238956
v -0.00302016 0.00981209 0.0235806
v -0.00315132 0.00830664 0.0233726
v -0.0024709 0.0140389 0.0238683
v -0.00205462 0.0123755 0.0238204
v -0.0014544 0.0141392 0.0240279
v -0.00472415 0.00779166 0.0226245
v -0.00431854 0.00950298 0.0230538
v -0.00582537 0.00907575 0.0222857
v -0.00767583 0.00145048 0.0206033
v -0.00582404 0.00121172 0.0211526
v -0.00682544 0.00184484 0.0212469
v -0.00834273 0.0007907 0.0191029
v -0.00293957 0.000217274 0.0202547
v -0.00208777 0.00289246 0.0230365
v -0.00329681 0.00306411 0.0228121
v -0.00330226 0.00175478 0.0226008
v -0.0022788 0.00408527 0.0229921
v -0.00556685 0.00205332 0.0220067
v -0.0080539 0.00188845 0.0206819
v -0.0091934 0.00179294 0.0199357
v -0.00880426 0.00249574 0.0204209
v -0.00751351 0.00244157 0.0210182
v -0.00246386 0.00518019 0.0230247
v -0.00521878 0.00358627 0.0221046
v -0.00458855 0.0026436 0.0225364
v -0.00560258 0.00274999 0.0220937
v -0.0066505 0.00338503 0.0214323
v -0.0061005 0.00256746 0.0218311
v -0.0065287 0.00233933 0.0215551
v -0.00317894 0.00550771 0.0228512
v -0.00814573 0.00309399 0.0207355
v -0.00234949 0.00681574 0.0233179
v -0.0038188 0.00655236 0.0227664
v -0.00529854 0.00617374 0.0220636
v -0.00567183 0.00468253 0.0218329
v -0.00548 0.0112134 0.0227281
v -0.00687816 0.0101482 0.0218408
v -0.00820085 0.00434057 0.0205637
v -0.00903589 0.00338149 0.0202884
v -0.00685616 0.00533846 0.0212319
v -0.00280083 0.0113044 0.0236438
v -0.00353517 0.0135601 0.0236087
v -0.00644199 0.0072573 0.0216511
v -0.00874464 0 0.014779
v -0.00850596 0.006136 0.0204336
v -0.00483731 0.0129348 0.0231578
v -0.00391517 0.0112584 0.0233377
v -0.000746147 0.0123141 0.0239091
v -0.00767523 0.00831807 0.0211263
v -0.00861248 0.00990465 0.0206779
v 0.00381065 0.0353239 -0.0132603
v 0.00408352 0.035792 -0.0129182
v 0.00487155 0.0353237 -0.0134138
v 0.00306384 0.0346993 -0.0124123
v 0.00317521 0.035004 -0.0130927
v 0.00344607 0.0356001 -0.0125925
v 0.00354148 0.0348407 -0.0135057
v 0.00465365 0.0358945 -0.0129092
v 0.00413015 0.0361859 -0.00948703
v 0.00417935 0.0361994 -0.0103471
v 0.00298785 0.0347291 -0.0129444
v 0.0029083 0.0346776 -0.0131867
v 0.00337542 0.0354719 -0.0118011
v 0.00410826 0.0362166 -0.0113777
v 0.00463894 0.036398 -0.0109322
v 0.00316857 0.0349918 -0.0115725
v 0.00422068 0.0361608 -0.0123956
v 0.00387733 0.0359258 -0.0106378
v 0.00380936 0.035973 -0.0125115
v 0.00370053 0.0357762 -0.0112327
v 0.00371522 0.0359261 -0.0119735
v 0.00469294 0.0363778 -0.0098218
v 0.00481904 0.0361258 -0.0125416
v 0.00466977 0.0363321 -0.0118747
v 0.00562233 0.0361054 -0.0116855
v 0.00515226 0.0363577 -0.0113773
v 0.00565732 0.0361957 -0.0109194
v 0.00610509 0.0354042 -0.0124217
v 0.00600038 0.0358466 -0.0123839
v 0.00596897 0.0357525 -0.0119467
v 0.00600708 0.0357792 -0.0112252
v 0.00641215 0.0350687 -0.011822
v 0.00569904 0.0359418 -0.0125967
v 0.0057037 0.0359989 -0.0121892
v 0.00647571 0.034842 -0.0126536
v 0.00627255 0.0352536 -0.0130408
v 0.00607092 0.0356876 -0.0127048
v 0.00588611 0.035666 -0.0129651
v 0.00531494 0.0358279 -0.0129421
v 0.00522062 0.0363436 -0.0104583
v 0.0063934 0.034644 -0.0131997
v 0.00574339 0.0353084 -0.0133521
v 0.005259 0.0361567 -0.0122035
v 0.00620522 0.0346994 -0.0136236
v 0.00663077 0.0346803 -0.00969933
v 0.00644195 0.0350947 -0.00922212
v 0.00677732 0.0345736 -0.00880653
v 0.00415826 0.0355945 -0.00800524
v 0.00390729 0.0357262 -0.008338
v 0.0037273 0.0348862 -0.00775715
v 0.00432198 0.0351876 -0.00774985
v 0.0057918 0.0359661 -0.00875902
v 0.0054233 0.0358909 -0.00834606
v 0.00603306 0.0356842 -0.00851058
v 0.00615839 0.0355813 -0.00878004
v 0.00615928 0.0355812 -0.00920179
v 0.00599903 0.0357968 -0.00886441
v 0.00583544 0.0360095 -0.0100589
v 0.00627265 0.0352852 -0.00984277
v 0.00612101 0.035537 -0.0105623
v 0.00582468 0.0360172 -0.0092548
v 0.00690671 0.0333368 -0.0093715
v 0.00675779 0.0339267 -0.0105654
v 0.00681116 0.0340857 -0.00940612
v 0.00439661 0.0362383 -0.00905804
v 0.00469959 0.0356848 -0.00805289
v 0.00432465 0.035981 -0.00824014
v 0.00669185 0.0327625 -0.0113101
v 0.00680806 0.0327648 -0.0101978
v 0.00665943 0.0343907 -0.011523
v 0.00409527 0.0360269 -0.00871081
v 0.00412809 0.0361338 -0.00902693
v 0.00393499 0.0359496 -0.00912546
v 0.00690298 0.0338422 -0.00881384
v 0.00656828 0.0347473 -0.0110682
v 0.00630656 0.0352132 -0.0110409
v 0.00633071 0.035247 -0.00859412
v 0.00589662 0.0358914 -0.0107018
v 0.00652219 0.0349569 -0.0104642
v 0.0049664 0.0361985 -0.00896502
v 0.00479377 0.0359315 -0.0084411
v 0.00450398 0.0361286 -0.00862402
v 0.00547807 0.0361583 -0.00894202
v 0.00538703 0.036299 -0.00957846
v 0.00406676 0.0345254 -0.00764402
v 0.00656493 0.0347214 -0.00799164
v 0.00597456 0.0353603 -0.00804581
v 0.00581614 0.0348142 -0.00763586
v 0.0052796 0.0352992 -0.00775889
v 0.00538557 0.0349068 -0.00764253
v 0.00488381 0.0348232 -0.0076834
v 0.00688955 0.0339891 -0.00817849
v 0.00416713 0.0361583 -0.0088772
v 0.00668095 0.03247 -0.0122532
v 0.0066556 0.0318811 -0.0119458
v 0.0073344 0.0306007 0.0084569
v 0.00737117 0.0303928 0.00916881
v 0.00333094 0.029511 0.00839526
v 0.00346997 0.028542 0.00821235
v 0.00329807 0.0283625 0.00861935
v 0.00571714 0.0264621 0.00790735
v 0.00497333 0.0269301 0.00791565
v 0.00612408 0.0291587 0.00791126
v 0.00563122 0.0305647 0.00787649
v 0.00650729 0.0309201 0.00791836
v 0.0060959 0.0275443 0.00791023
v 0.00715175 0.0303707 0.0081623
v 0.00708196 0.0310532 0.00812232
v 0.0063553 0.0263949 0.00787036
v 0.00607329 0.0257148 0.00795665
v 0.00742364 0.0309071 0.0102674
v 0.00729875 0.0294661 0.00867411
v 0.00717253 0.0285291 0.00824181
v 0.00713822 0.0293867 0.00815904
v 0.00355441 0.0299733 0.0080485
v 0.00344724 0.0306749 0.00813363
v 0.00722245 0.0247793 0.00834733
v 0.00723443 0.0253714 0.00818728
v 0.00728397 0.0257462 0.0084577
v 0.00394466 0.0272336 0.00807023
v 0.00325227 0.0294296 0.00947018
v 0.00318356 0.0300042 0.00885848
v 0.00682334 0.0293335 0.00798327
v 0.00716738 0.0260899 0.00810013
v 0.0072538 0.0314429 0.00842194
v 0.00733967 0.0265931 0.00864445
v 0.00727542 0.026434 0.00832157
v 0.00670643 0.0258321 0.00788969
v 0.00649435 0.0250039 0.00797758
v 0.00704247 0.0251776 0.00801053
v 0.00693131 0.0242918 0.00790241
v 0.00719893 0.0299059 0.00825448
v 0.00698614 0.0301058 0.00804894
v 0.00381024 0.0282512 0.00807931
v 0.00399224 0.0291185 0.00802048
v 0.00326789 0.0282789 0.00918892
v 0.00739743 0.0294649 0.00971941
v 0.00362984 0.0289356 0.00810272
v 0.00344365 0.0280912 0.00818482
v 0.00717861 0.0317517 0.00820115
v 0.00339704 0.0276307 0.00824671
v 0.00325922 0.0270082 0.00824954
v 0.00326624 0.0274917 0.00889595
v 0.0036649 0.0295193 0.00806156
v 0.00332666 0.028099 0.0100444
v 0.00737073 0.028309 0.00920299
v 0.00600763 0.0271317 -0.00757445
v 0.00543945 0.0274882 -0.00753263
v 0.00531738 0.0266208 -0.00739373
v 0.0063701 0.0224835 -0.00779611
v 0.0065807 0.0220807 -0.00828026
v 0.00660103 0.0229483 -0.00826251
v 0.00648166 0.0232343 -0.00786671
v 0.00625795 0.0264631 -0.00761696
v 0.0066186 0.0265367 -0.00813866
v 0.00671867 0.0272197 -0.00838396
v 0.00655001 0.0272908 -0.0078513
v 0.00641347 0.0218052 -0.00782914
v 0.00622493 0.0211177 -0.00769956
v 0.00654707 0.0214471 -0.00808574
v 0.00661954 0.0255661 -0.00852896
v 0.00658622 0.0261724 -0.00931492
v 0.00668036 0.0267063 -0.00883175
v 0.00661931 0.0243536 -0.00876735
v 0.00651698 0.0245781 -0.00932805
v 0.00602496 0.0242688 -0.00760571
v 0.00564066 0.0235931 -0.00758786
v 0.00630237 0.0237466 -0.00773592
v 0.00659053 0.0237652 -0.00804293
v 0.0064182 0.0244024 -0.00779907
v 0.00577093 0.0257461 -0.00751431
v 0.00537606 0.0244449 -0.00754917
v 0.00427009 0.0248938 -0.0076034
v 0.00464278 0.0239168 -0.00760603
v 0.00641096 0.0258097 -0.00774788
v 0.00621855 0.025435 -0.00763512
v 0.00649528 0.02514 -0.00787738
v 0.00678328 0.0280065 -0.00830592
v 0.00664498 0.028291 -0.00779299
v 0.00661114 0.0244793 -0.00825889
v 0.00672302 0.0276272 -0.00902628
v 0.00601917 0.0249488 -0.00753575
v 0.00427441 0.022521 -0.00763401
v 0.00485548 0.0230101 -0.00763693
v 0.00389007 0.0232769 -0.00759088
v 0.00547982 0.0208761 -0.00756465
v 0.00431488 0.0203692 -0.00754062
v 0.00496015 0.0197044 -0.00752223
v 0.00653775 0.0269744 -0.00957801
v 0.00621139 0.0278286 -0.00751367
v 0.00526083 0.0251857 -0.00749647
v 0.00642249 0.0261556 -0.00768652
v 0.00651184 0.0261295 -0.00792969
v 0.00664359 0.0276155 -0.00976702
v 0.00665501 0.0236012 -0.00857033
v 0.00569882 0.0226012 -0.00766094
v 0.00542317 0.021771 -0.00762138
v 0.0059754 0.0217897 -0.00767735
v 0.00466139 0.0257949 -0.00737838
v 0.00487687 0.0221984 -0.00771582
v 0.00649885 0.0254246 -0.00949399
v 0.00649133 0.0248309 -0.0101779
v 0.00652981 0.0261217 -0.0100159
v 0.00660097 0.0236057 -0.00926266
v 0.00660965 0.0272354 -0.0105196
v 0.00615266 0.0231561 -0.00767518
v 0.00486152 0.0213789 -0.00766778
v 0.00657766 0.022515 -0.0091654
v 0.00312501 0.0229792 -0.00764218
v 0.00357243 0.0223506 -0.00759741
v 0.00369058 0.0241701 -0.00759303
v 0.00408933 0.0216459 -0.00771011
v 0.00648593 0.025737 -0.0107687
v 0.00582669 0.0198607 -0.00752391
v 0.00595739 0.0205548 -0.00757526
v 0.0226823 0.0086375 -0.00804976
v 0.023934 0.00889578 -0.00824401
v 0.0232198 0.00819554 -0.00819449
v 0.017778 0.00870069 -0.00832984
v 0.0185123 0.00909606 -0.00805884
v 0.0185585 0.00819539 -0.00827129
v 0.021116 0.00839582 -0.00802823
v 0.0220365 0.00943191 -0.0077486
v 0.0202369 0.00802205 -0.00819879
v 0.0196718 0.00867198 -0.00805449
v 0.0194999 0.00774784 -0.0082292
v 0.0204829 0.00748491 -0.00812923
v 0.0221522 0.00745121 -0.00810112
v 0.0172241 0.00850221 -0.00862289
v 0.0179513 0.0123932 -0.00562624
v 0.018757 0.0120563 -0.00593088
v 0.0179095 0.0118088 -0.00641891
v 0.0195631 0.0103432 -0.00713924
v 0.0205496 0.00939307 -0.0076564
v 0.0197018 0.00940654 -0.0076868
v 0.0212646 0.01035 -0.0072852
v 0.0162944 0.0124371 -0.00848306
v 0.0239335 0.0078034 -0.00828339
v 0.0164966 0.0121967 -0.00752433
v 0.016658 0.0112352 -0.00798994
v 0.0164185 0.0115995 -0.00833625
v 0.0174614 0.0113584 -0.00715416
v 0.0172213 0.0119946 -0.00671173
v 0.0163504 0.0111487 -0.00919079
v 0.0249934 0.00890128 -0.00843465
v 0.0244487 0.010063 -0.0080948
v 0.0167455 0.0125075 -0.00651862
v 0.0169021 0.01174 -0.00726973
v 0.0170174 0.0101749 -0.00837515
v 0.0165695 0.0108054 -0.00866151
v 0.018429 0.0100058 -0.00766434
v 0.0182652 0.0109418 -0.00702495
v 0.019137 0.00949823 -0.00774819
v 0.0177326 0.00966012 -0.00810903
v 0.017639 0.0105394 -0.00771154
v 0.0172589 0.00917836 -0.00843622
v 0.0165422 0.00980552 -0.00934743
v 0.0168182 0.00888971 -0.00892378
v 0.0189319 0.0113904 -0.00649567
v 0.0170956 0.0110323 -0.00769782
v 0.017338 0.0123286 -0.00612959
v 0.0171352 0.0128157 -0.00536029
v 0.0166108 0.0130929 -0.00601008
v 0.0161967 0.0120566 -0.00993462
v 0.0197118 0.0113054 -0.00657497
v 0.019684 0.011923 -0.00611647
v 0.0206509 0.0113117 -0.00665349
v 0.0229082 0.0105334 -0.00753706
v 0.0218673 0.01114 -0.00698647
v 0.023276 0.00952951 -0.00793691
v 0.0256924 0.00988335 -0.00824373
v 0.0165054 0.0129001 -0.000956583
v 0.0168925 0.0125275 -0.0020487
v 0.0168425 0.0120774 -0.00138383
v 0.0173635 0.0120973 -0.00171068
v 0.0178584 0.0122824 -0.0018325
v 0.0174762 0.0125803 -0.00222265
v 0.0171653 0.012737 0.000853559
v 0.0171527 0.0121773 5.5849e-05
v 0.0166804 0.0127602 5.9259e-05
v 0.016638 0.0125769 -0.00161514
v 0.0166416 0.0123948 -0.00123374
v 0.0170906 0.0129911 0.00612431
v 0.0170212 0.0133843 0.00475586
v 0.0170602 0.0139802 0.00586253
v 0.0170107 0.0144255 0.00282428
v 0.0170876 0.0145545 0.0045076
v 0.0170398 0.0136666 0.00369729
v 0.017687 0.0118126 -0.000362424
v 0.0178583 0.0120778 0.000262148
v 0.0196161 0.0124446 -0.00162303
v 0.0190301 0.0126503 -0.00207524
v 0.018638 0.0122579 -0.00151963
v 0.0169676 0.0136863 0.0020664
v 0.0168578 0.0133826 0.00103506
v 0.0167674 0.0143422 0.00122289
v 0.0176888 0.012414 0.000690054
v 0.0178167 0.012737 0.00133114
v 0.0186131 0.012363 0.000810579
v 0.0170341 0.0135774 0.00284415
v 0.0173251 0.0127579 0.00453262
v 0.0179888 0.012781 0.00393002
v 0.0172436 0.0129992 0.00384307
v 0.0191622 0.0118384 -0.000434728
v 0.0201571 0.0118417 -0.000572636
v 0.0193053 0.0120571 -0.000990638
v 0.0178658 0.0119666 -0.00140964
v 0.0165532 0.0135745 6.22156e-05
v 0.0212808 0.0115891 -0.000425537
v 0.0215816 0.0115628 -0.000775062
v 0.0211336 0.0118872 -0.00114989
v 0.0192233 0.0127235 0.00162861
v 0.0180215 0.012952 0.00210014
v 0.0188972 0.0127853 0.00277778
v 0.0219978 0.0114308 -0.000501603
v 0.0221299 0.0118333 6.30326e-05
v 0.0179492 0.0124743 0.00495872
v 0.0187669 0.0125467 0.00445379
v 0.0172849 0.0130633 0.00168381
v 0.0174681 0.0117269 -0.00112814
v 0.017066 0.0119297 -0.000724081
v 0.0221566 0.012 -0.00181287
v 0.0221242 0.0115565 -0.00104268
v 0.0229665 0.0115161 -0.00133709
v 0.016722 0.0122852 -0.000737322
v 0.0170689 0.0131629 0.00316827
v 0.0207049 0.0119764 9.94783e-05
v 0.021193 0.0123754 0.000703508
v 0.0177171 0.0129586 0.00306364
v 0.0201726 0.0121311 -0.00116367
v 0.0199605 0.012363 0.00074135
v 0.0228752 0.0112566 -0.000613463
v 0.0238242 0.0113206 -0.00101727
v 0.0202401 0.0127145 0.00205955
v 0.0204302 0.0125671 0.00127243
v 0.0184422 0.0127754 0.00145931
v 0.0190775 0.0126842 0.00364273
v 0.0172544 0.013146 0.00250894
v 0.0181505 0.012611 -0.00221093
v 0.0212886 0.0126349 0.00145846
v 0.0205156 0.0123614 -0.00163033
v 0.0202746 0.0127226 0.00303163
v 0.0172161 0.012701 0.00530405
v 0.0183124 0.0117677 -0.000856984
v 0.0244033 0.0115736 -0.001437
v 0.0236598 0.0116147 -0.00157376
v 0.0198205 0.0125554 0.00406569
v 0.0194945 0.0120262 0.000137585
v 0.0184639 0.011867 -4.84269e-05
v 0.0223372 0.012448 0.000863942
v 0.0188206 0.0122344 0.00517231
v 0.0211116 0.0123843 -0.00193307
v 0.0213612 0.0128153 0.00220211
v 0.0170479 0.0155253 0.00197875
v 0.00587407 0.0295782 -0.00739534
v 0.0066281 0.0300164 -0.0075492
v 0.00640125 0.0308114 -0.00745319
v 0.00677533 0.0324909 -0.00773876
v 0.00641266 0.031759 -0.00744448
v 0.00678502 0.0314945 -0.00772998
v 0.00682931 0.029156 -0.00830423
v 0.00665183 0.0292453 -0.00762374
v 0.0040195 0.0337433 -0.00728912
v 0.00473171 0.0327285 -0.00726127
v 0.00485452 0.0337064 -0.007274
v 0.0052806 0.03345 -0.00722679
v 0.00560916 0.0340911 -0.00738865
v 0.00552428 0.0324307 -0.007313
v 0.00572911 0.0330608 -0.00725666
v 0.00534214 0.0345728 -0.00763886
v 0.00688942 0.0318084 -0.008252
v 0.00571882 0.0335639 -0.00723135
v 0.00688871 0.0322178 -0.00918588
v 0.00694405 0.0330516 -0.00843312
v 0.00673996 0.0340385 -0.00762627
v 0.00627125 0.0343232 -0.00746683
v 0.00625099 0.0335836 -0.0073154
v 0.00679323 0.0284287 -0.00989767
v 0.00660855 0.0284615 -0.0114547
v 0.0066843 0.0298636 -0.0116533
v 0.00681018 0.029586 -0.0105018
v 0.00684931 0.0304002 -0.00984775
v 0.00673346 0.0304923 -0.0109043
v 0.00670102 0.031651 -0.0104466
v 0.0066548 0.0309868 -0.0117741
v 0.00685165 0.0307074 -0.00892149
v 0.0068991 0.0295914 -0.00933158
v 0.00689808 0.0302766 -0.00928421
v 0.00286499 0.028937 -0.00757597
v 0.00296747 0.0298278 -0.00750351
v 0.00272614 0.0299069 -0.00774642
v 0.00251387 0.0284588 -0.00814657
v 0.00556008 0.031353 -0.00737907
v 0.00682955 0.0285703 -0.0089114
v 0.0025755 0.0292769 -0.0079212
v 0.00345784 0.0299491 -0.0073517
v 0.0033451 0.0287998 -0.00737913
v 0.00457033 0.0299477 -0.00732455
v 0.00478395 0.0288009 -0.00737588
v 0.00290535 0.0305037 -0.00746658
v 0.00343975 0.032632 -0.00735964
v 0.00294939 0.0322113 -0.00757378
v 0.00395973 0.02907 -0.00734757
v 0.00411262 0.0313658 -0.0073263
v 0.00565381 0.0283448 -0.00742727
v 0.00349673 0.0342275 -0.00744464
v 0.00320289 0.031374 -0.00740397
v 0.0028947 0.0311934 -0.0075492
v 0.00630633 0.0285856 -0.00742255
v 0.00676139 0.0299205 -0.00799531
v 0.00678405 0.0307807 -0.00792224
v 0.00389644 0.0281604 -0.00745937
v 0.00670181 0.0324082 -0.0106095
v 0.00618158 0.0325441 -0.00734922
v 0.00666116 0.0331511 -0.00751444
v 0.0068575 0.0334335 -0.00779307
v 0.00474669 0.0342642 -0.00752904
v 0.00670261 0.0335887 -0.00754075
v 0.0264144 0.0121225 -0.00613638
v 0.0256409 0.0124658 -0.00561231
v 0.026406 0.0123165 -0.00522001
v 0.0266917 0.0115527 -0.00565394
v 0.0256576 0.0121872 -0.00662541
v 0.0263087 0.0118206 -0.00683597
v 0.019963 0.0127054 -0.00236774
v 0.0215004 0.0126644 -0.00262384
v 0.0252112 0.0118135 -0.00733856
v 0.0247613 0.0121702 -0.00648332
v 0.0179037 0.0129827 -0.00334718
v 0.0181186 0.0129643 -0.00390941
v 0.0173367 0.0131113 -0.00391068
v 0.0219884 0.0127961 -0.00404471
v 0.0209797 0.0127451 -0.004731
v 0.0210356 0.0128972 -0.003605
v 0.0181344 0.0128088 -0.00464372
v 0.0173165 0.0130694 -0.00442165
v 0.0169732 0.0130218 -0.0027662
v 0.0177811 0.0126685 -0.00517587
v 0.0169597 0.0131859 -0.00420963
v 0.0169334 0.0132886 -0.00392769
v 0.0263446 0.0113993 -0.00715603
v 0.0265927 0.0114162 -0.00655898
v 0.0192453 0.0126869 -0.00484481
v 0.0194878 0.0128791 -0.00397818
v 0.0260115 0.0118181 -0.00722414
v 0.0238942 0.0119471 -0.00667374
v 0.0200231 0.01248 -0.0054921
v 0.0217125 0.0117632 -0.00650573
v 0.0228562 0.0115469 -0.00689725
v 0.0186585 0.0128709 -0.00267528
v 0.0176912 0.012874 -0.0028035
v 0.0266181 0.0115635 -0.00445714
v 0.0260816 0.0112781 -0.00767757
v 0.018329 0.0126129 -0.00511516
v 0.0190514 0.0129238 -0.00323159
v 0.0202431 0.0128945 -0.00313954
v 0.0242069 0.0112163 -0.00751692
v 0.025368 0.0109115 -0.00793982
v 0.0231522 0.0118712 -0.00185982
v 0.023982 0.011938 -0.0020094
v 0.0223484 0.0127662 -0.00328542
v 0.0230369 0.0124243 -0.00246762
v 0.0231539 0.0127104 -0.00394869
v 0.0250331 0.0118385 -0.00192615
v 0.0244639 0.0124955 -0.00266654
v 0.0257337 0.0125567 -0.00474082
v 0.0263478 0.0124066 -0.004345
v 0.0172066 0.0130928 -0.00342323
v 0.0243906 0.0125997 -0.00480188
v 0.0243997 0.0126823 -0.00368539
v 0.0227194 0.0126135 -0.00484433
v 0.0193552 0.0122747 -0.00572283
v 0.018874 0.012429 -0.00540378
v 0.0261732 0.0105872 -0.00794282
v 0.0251654 0.0126482 -0.00413507
v 0.020931 0.0121259 -0.00604586
v 0.0222366 0.0122793 -0.00587434
v 0.0210068 0.012471 -0.00549687
v 0.0249128 0.0123897 -0.00589179
v 0.0238549 0.0123433 -0.00579779
v 0.0234466 0.0126485 -0.00316251
v 0.026215 0.012471 -0.00373522
v 0.0258309 0.0125863 -0.00406949
v 0.0265135 0.0120359 -0.00377336
v 0.0257285 0.0121985 -0.00241258
v 0.025508 0.0125906 -0.00334004
v 0.00270576 0.0276414 -0.00949146
v 0.00260815 0.0276798 -0.00866058
v 0.00250189 0.0267015 -0.00889916
v 0.00260572 0.0266643 -0.0100477
v 0.00256911 0.0255629 -0.00946799
v 0.00303988 0.0280237 -0.0137179
v 0.00278149 0.0274997 -0.0136807
v 0.00263551 0.0280284 -0.0133073
v 0.00248171 0.0271675 -0.0128032
v 0.00247368 0.02617 -0.0128771
v 0.00250415 0.0266637 -0.0118868
v 0.00258522 0.0278452 -0.0124408
v 0.0040014 0.0274643 -0.0138201
v 0.00329887 0.0275111 -0.013803
v 0.00381435 0.0285148 -0.0137324
v 0.00482963 0.0279657 -0.00750679
v 0.00255247 0.0263242 -0.010856
v 0.00250332 0.0254632 -0.0112221
v 0.00259548 0.0257761 -0.0103455
v 0.00264515 0.026997 -0.0109668
v 0.00269395 0.0277853 -0.0104822
v 0.00264727 0.027822 -0.0115268
v 0.00270501 0.0285126 -0.0100407
v 0.00360607 0.0269443 -0.0137856
v 0.00252968 0.027013 -0.0133837
v 0.00269041 0.0241827 -0.00819874
v 0.00306821 0.0243012 -0.00772689
v 0.00294214 0.0251601 -0.00776143
v 0.00252325 0.0232426 -0.0106252
v 0.0025395 0.0247033 -0.0103935
v 0.00255607 0.0241759 -0.0116105
v 0.00272465 0.0289679 -0.0135224
v 0.00257772 0.0255137 -0.0133998
v 0.00295519 0.0250833 -0.0136972
v 0.00264458 0.0246539 -0.0134278
v 0.00304232 0.0285962 -0.0136869
v 0.00257633 0.0286562 -0.0121155
v 0.00362371 0.0262333 -0.0138273
v 0.00443316 0.0266661 -0.0138582
v 0.00482432 0.0278077 -0.0138544
v 0.00343144 0.0248057 -0.00754585
v 0.00346705 0.0253864 -0.00745432
v 0.0030198 0.0267828 -0.0137009
v 0.00246157 0.0243798 -0.0123579
v 0.00244695 0.023495 -0.012685
v 0.00259385 0.0263229 -0.0134883
v 0.00346176 0.0253976 -0.01382
v 0.00300097 0.0259487 -0.0136951
v 0.00249822 0.02524 -0.0121311
v 0.00318887 0.0282101 -0.00754331
v 0.00340578 0.0275469 -0.00748256
v 0.00245815 0.0247288 -0.0128853
v 0.00266062 0.0236413 -0.0133448
v 0.00258912 0.0242204 -0.00926218
v 0.00253406 0.026936 -0.00804095
v 0.00291813 0.0277833 -0.00776648
v 0.00252904 0.0230977 -0.00891641
v 0.00264728 0.0230569 -0.00806016
v 0.00253801 0.023169 -0.00958876
v 0.00253273 0.0222292 -0.00996457
v 0.00282129 0.0260671 -0.0078192
v 0.00252837 0.025504 -0.00840615
v 0.00317428 0.026768 -0.00752638
v 0.00419791 0.0271749 -0.00744039
v 0.0031653 0.0258835 -0.00757702
v 0.00286672 0.0236869 -0.00778247
v 0.00250594 0.0227293 -0.0120241
v 0.00328685 0.0237249 -0.00766308
v 0.00380658 0.0261308 -0.0073694
v 0.00446727 0.0264227 -0.00734035
v 0.00400843 0.0255477 -0.00742064
v 0.0267509 0.0123088 0.00264722
v 0.026739 0.0119447 0.00174504
v 0.0260644 0.0125006 0.0018439
v 0.0253167 0.0123165 0.000910138
v 0.0256423 0.0124378 0.00127933
v 0.0260554 0.0122263 0.000874168
v 0.0249787 0.0115703 -0.000103266
v 0.0251615 0.0113452 -0.000543769
v 0.0244914 0.0113496 -0.000498077
v 0.0267677 0.0103199 -0.00255437
v 0.0267245 0.0103623 -0.0013787
v 0.0269182 0.00978255 -0.000907133
v 0.0262785 0.0116708 -0.00228098
v 0.026546 0.0114187 -0.00252204
v 0.0264053 0.0121847 -0.00296941
v 0.0216091 0.0127027 0.00359112
v 0.026421 0.0110664 -0.00186852
v 0.0261354 0.0112834 -0.00177065
v 0.0262273 0.0109502 -0.00122462
v 0.0241518 0.0123868 0.000997167
v 0.0233804 0.0126122 0.00146609
v 0.0248749 0.012589 0.00155697
v 0.0248264 0.0124629 0.00425598
v 0.0247307 0.0126506 0.00359737
v 0.0233075 0.012657 0.0040236
v 0.0251806 0.0119905 0.00040269
v 0.0234858 0.0121683 0.000570171
v 0.0253408 0.0126782 0.00266672
v 0.0252354 0.0114288 -0.00119003
v 0.0246374 0.0113615 -0.000948865
v 0.0257183 0.0125096 0.00361056
v 0.026543 0.0123198 0.00360883
v 0.0262396 0.0124964 0.00301796
v 0.0258181 0.0111234 -0.000640833
v 0.0233709 0.0115888 -0.000105427
v 0.0243 0.0116944 2.14485e-05
v 0.0270661 0.0115482 0.00260039
v 0.0268468 0.0111525 0.00164233
v 0.0268822 0.0116141 0.00204018
v 0.0265827 0.0113821 0.000645526
v 0.0265419 0.0118064 0.000926599
v 0.0267122 0.0114687 0.00113517
v 0.0267486 0.0108045 0.000471108
v 0.0264906 0.011035 5.71798e-05
v 0.0268984 0.0100476 0.000964546
v 0.0258491 0.0112476 -0.0013505
v 0.0255717 0.0115247 -0.00163374
v 0.0239894 0.0127516 0.00236767
v 0.0241663 0.0127475 0.0031505
v 0.0206419 0.0122774 0.00464494
v 0.0216157 0.0120227 0.00522233
v 0.0218539 0.0124313 0.00452516
v 0.0264239 0.0108079 -0.000621795
v 0.0261477 0.011208 -7.48292e-05
v 0.0237884 0.0113393 -0.00041015
v 0.0270416 0.0102873 0.00253584
v 0.0271799 0.0109918 0.00376434
v 0.0270662 0.0102341 0.00355012
v 0.0266872 0.0105184 -0.000518981
v 0.0260503 0.0122142 0.00444832
v 0.0213755 0.0128115 0.00283044
v 0.0195315 0.0122828 0.00478632
v 0.0256715 0.0115196 4.89171e-05
v 0.0270161 0.00891937 0.000256583
v 0.0230741 0.0127833 0.00312784
v 0.0224535 0.0128057 0.00244676
v 0.0262731 0.0115849 0.00045363
v 0.0201224 0.011705 0.00556563
v 0.0245733 0.0122783 0.000692601
v 0.0258927 0.0114803 -0.0017565
v 0.0222094 0.0127005 0.00166979
v 0.0266369 0.0108245 -0.00214997
v 0.0265575 0.0106679 -0.00134881
v 0.025978 0.0116646 -0.00207156
v 0.0271063 0.0119022 0.00355234
v 0.0256783 0.0117498 -0.00200094
v 0.026229 0.0125464 0.00256205
v 0.0266395 0.0105063 -0.000941814
v 0.0266689 0.0113549 -0.00319195
v 0.0269246 0.00916588 0.00164291
v 0.0228956 0.0123084 0.00494667
v 0.0239646 0.012354 0.00474695
v 0.0238941 0.0120594 0.00523358
v 0.0230705 0.0118093 0.00559098
v 0.0249979 0.0121497 0.00503534
v 0.0260324 0.0118783 0.00524469
v 0.0267633 0.0118553 0.00481205
v 0.0268346 0.0121179 0.00416417
v 0.0270754 0.0116114 0.0043387
v 0.0269595 0.00913392 0.00271766
v 0.0268707 0.00822389 0.0023098
v 0.0270216 0.00815053 0.00124679
v 0.0270587 0.00977521 0.00321888
v 0.00705033 0.0191408 0.0140649
v 0.0070558 0.0195271 0.0140349
v 0.00673435 0.0193665 0.01416
v 0.0107342 0.0182342 0.0104135
v 0.0106133 0.0180045 0.0117497
v 0.011938 0.0182969 0.011392
v 0.0103885 0.0178926 0.012881
v 0.0074303 0.0193373 0.0137638
v 0.00726266 0.0201412 0.0139243
v 0.00680247 0.0200166 0.0141533
v 0.0135499 0.0187154 0.0121546
v 0.0117796 0.0182454 0.0132058
v 0.0128605 0.0185979 0.0138264
v 0.00967031 0.0178846 0.0120049
v 0.00692111 0.0206142 0.0141583
v 0.00629211 0.0209057 0.0142254
v 0.00722545 0.0188131 0.0140704
v 0.00632368 0.0198152 0.0142128
v 0.00752673 0.018547 0.014117
v 0.00807001 0.0184979 0.0134798
v 0.00762221 0.0188097 0.013652
v 0.00949114 0.0180787 0.0140301
v 0.00889947 0.0181293 0.0135521
v 0.0139477 0.0188314 0.0137572
v 0.0066793 0.0187949 0.0142559
v 0.00621786 0.0192216 0.0143006
v 0.00940065 0.0181086 0.0147541
v 0.0104302 0.0181113 0.014153
v 0.00870409 0.018095 0.0147106
v 0.00766046 0.0183071 0.0147723
v 0.0141574 0.0190108 0.0108302
v 0.0149522 0.0190638 0.0113511
v 0.0155617 0.019211 0.0103141
v 0.0143855 0.0191334 0.00950275
v 0.0163857 0.0185575 0.0101311
v 0.0163914 0.0184602 0.0109935
v 0.0169324 0.0184262 0.0105692
v 0.0157316 0.0188198 0.011701
v 0.0156269 0.0190588 0.0111346
v 0.0061118 0.0258718 0.0143889
v 0.00571917 0.0247805 0.0142713
v 0.00660929 0.0248421 0.0142956
v 0.0131156 0.0188726 0.0155553
v 0.00554174 0.0197852 0.0142701
v 0.0071048 0.0185073 0.0143827
v 0.0160011 0.0185961 0.0124356
v 0.0162007 0.0185153 0.0117226
v 0.0158664 0.0186964 0.0110392
v 0.0133553 0.0187894 0.010512
v 0.0146677 0.0189024 0.0126989
v 0.0168581 0.0185242 0.00978561
v 0.0171562 0.0181957 0.00934645
v 0.0167573 0.0185904 0.00908372
v 0.00568922 0.0189298 0.0144667
v 0.00614802 0.018733 0.0145492
v 0.0149634 0.0188884 0.0138115
v 0.0154412 0.0188616 0.0126191
v 0.0159977 0.0186843 0.0104204
v 0.0159856 0.0189114 0.00987876
v 0.00511297 0.0189568 0.0143843
v 0.00653793 0.0185894 0.0149482
v 0.00815732 0.0181016 0.015322
v 0.0156176 0.0191009 0.00897837
v 0.0163382 0.0187517 0.00936999
v 0.0172173 0.0180202 0.0102261
v 0.0171602 0.017419 0.00981791
v 0.0170473 0.0170151 0.00899703
v 0.0171928 0.0178651 0.00878811
v 0.00558223 0.0186865 0.0150556
v 0.00695893 0.0214893 0.0141673
v 0.00652545 0.0222485 0.0141877
v 0.00744455 0.021587 0.0133617
v 0.00728298 0.0214361 0.0138482
v 0.00740442 0.0207971 0.0136633
v 0.00700497 0.0222966 0.0141342
v 0.00737193 0.0220983 0.0137031
v 0.00722181 0.0208344 0.0140012
v 0.00746186 0.0233639 0.0133869
v 0.00738789 0.0231757 0.0136769
v 0.00745675 0.0226706 0.0133519
v 0.00570389 0.0221215 0.0141791
v 0.00746731 0.0195701 0.0115587
v 0.00743208 0.0198447 0.0126205
v 0.00764483 0.0190859 0.0124489
v 0.00537145 0.0187287 0.0146927
v 0.004942 0.0186013 0.0147991
v 0.00747088 0.0209577 0.0132095
v 0.00737877 0.0208787 0.0126008
v 0.00743465 0.0214013 0.0129882
v 0.00761848 0.0191964 0.0131913
v 0.00775103 0.0187851 0.0130849
v 0.00689529 0.0230613 0.014099
v 0.00743239 0.020147 0.0133512
v 0.0070462 0.0239844 0.014046
v 0.00613633 0.0235036 0.0142331
v 0.00719159 0.0219949 0.0140009
v 0.00733618 0.0227025 0.0139334
v 0.00798641 0.0186007 0.0123528
v 0.00867056 0.0182249 0.0125414
v 0.00765508 0.0189711 0.0118667
v 0.00793493 0.01865 0.0116367
v 0.00720463 0.023338 0.0139321
v 0.00851743 0.0183393 0.0115778
v 0.00902801 0.0180734 0.0117697
v 0.00704953 0.0257555 0.0141861
v 0.00698223 0.026657 0.0141722
v 0.00752299 0.0195646 0.0132689
v 0.00743342 0.0237414 0.0137444
v 0.00726171 0.0250311 0.0139915
v 0.00743749 0.0221581 0.0125952
v 0.00738362 0.0243112 0.0137206
v 0.00744258 0.0262907 0.0138414
v -0.0196836 0.0207756 -0.000807453
v -0.0183348 0.0202719 -0.000905537
v -0.0193643 0.0199021 -0.000847227
v -0.0194772 0.0192882 -0.00082817
v -0.0191999 0.018896 -0.00132794
v -0.0201335 0.0190748 -0.000992753
v -0.0190339 0.0217941 -0.000847758
v -0.0196107 0.022978 -0.000867102
v -0.0184949 0.0230934 -0.000944863
v -0.0206266 0.0192917 -0.000799516
v -0.020823 0.019015 -0.00105191
v -0.0209478 0.0193233 -0.000791107
v -0.0174833 0.0193595 -0.000939022
v -0.0180529 0.0189627 -0.00138294
v -0.0186272 0.0193614 -0.000845684
v -0.0222209 0.0190408 0.000163062
v -0.022265 0.0189638 -0.000843497
v -0.0229947 0.0190435 -0.000348802
v -0.0218718 0.0190702 -0.000212551
v -0.0215017 0.0190141 -0.000942374
v -0.0235238 0.0186378 -0.00529423
v -0.0244324 0.0187656 -0.00421298
v -0.0236847 0.0192018 -0.00365652
v -0.0202201 0.0196275 -0.000759927
v -0.0223335 0.0190478 -0.00511697
v -0.0222338 0.018945 -0.00314705
v -0.0178353 0.0223216 -0.00100245
v -0.0171176 0.0213187 -0.00101452
v -0.0209897 0.0205315 -0.00052261
v -0.0205568 0.0209345 -0.000722943
v -0.0203274 0.0203396 -0.000818394
v -0.0207706 0.0201039 -0.000803104
v -0.0202645 0.0214754 -0.00068458
v -0.0191163 0.0255264 -0.000901995
v -0.0178162 0.0244776 -0.000944459
v -0.0192355 0.0240903 -0.000891222
v -0.0209306 0.0187058 -0.00160076
v -0.0199435 0.0184881 -0.00204773
v -0.0210754 0.0186179 -0.00241986
v -0.0213962 0.0191698 -0.000210315
v -0.0168107 0.0230526 -0.00101391
v -0.0210312 0.0210339 -0.000668789
v -0.0226394 0.0189793 -0.00164221
v -0.0252167 0.0157898 -0.00378292
v -0.0249314 0.0173417 -0.00417347
v -0.0242855 0.0159482 -0.00504292
v -0.024416 0.0181628 -0.00463478
v -0.0250248 0.0183954 -0.00366034
v -0.0210532 0.0261402 -7.1923e-05
v -0.021063 0.02701 0.000776124
v -0.0209454 0.0273167 -0.000103243
v -0.0209275 0.0197188 -0.000729009
v -0.0218747 0.0188153 -0.00182112
v -0.0201592 0.0187608 -0.00139491
v -0.0208317 0.0213415 -0.000715621
v -0.0156594 0.0249262 -0.00101562
v -0.013754 0.0229581 -0.00124361
v -0.0136987 0.0237284 -0.00120991
v -0.0133167 0.0228019 -0.00127847
v -0.013582 0.0220141 -0.0012528
v -0.0128774 0.0222521 -0.00118803
v -0.0156398 0.0220169 -0.0010499
v -0.0155008 0.0208254 -0.00104234
v -0.0148226 0.0230038 -0.00112282
v -0.0129519 0.0231031 -0.00113306
v -0.0145333 0.0216448 -0.00113291
v -0.0171437 0.0201046 -0.000996016
v -0.0165442 0.0195541 -0.000955526
v -0.0162841 0.0202393 -0.00104986
v -0.0202412 0.0222499 -0.000692671
v -0.0209158 0.0218354 -0.000818132
v -0.0237566 0.0174915 -0.00571305
v -0.0204758 0.0231618 -0.000647167
v -0.0202919 0.0185679 -0.0032697
v -0.0208067 0.0224504 -0.000640216
v -0.0199841 0.0237637 -0.000788671
v -0.0198893 0.0246636 -0.0008194
v -0.020129 0.025814 -0.000789856
v -0.0204062 0.0241227 -0.000668884
v -0.0209797 0.0230974 -0.000454421
v -0.0234288 0.0192005 -0.00201722
v -0.0241883 0.0192235 -0.000270314
v -0.0209145 0.023911 -0.000548844
v -0.0204316 0.0248138 -0.000691701
v -0.0206506 0.0245182 -0.000700761
v -0.0208335 0.0251679 -0.000621034
v -0.0248312 0.0190771 -0.00325513
v -0.0205866 0.0261118 -0.000761294
v -0.0204186 0.0269162 -0.000763241
v -0.0208269 0.0265575 -0.000543908
v -0.0211837 0.0192582 -0.000661159
v -0.0209698 0.0237154 0.000254487
v -0.0209957 0.0212679 -0.000261318
v -0.0209137 0.0217116 0.000692038
v -0.0209463 0.0222806 -0.000176553
v -0.0209758 0.0203415 0.00042642
v -0.0209717 0.0198539 -0.000261271
v -0.0210093 0.0200563 -0.00057039
v -0.0209767 0.0194434 0.000335674
v -0.0187259 0.0198161 -0.000910817
v -0.020992 0.0194414 -0.000528025
v -0.0210057 0.0193754 -0.000247661
v -0.0246211 0.0193153 -0.00206367
v -0.0254789 0.0187347 -0.00268507
v -0.0252192 0.0191103 -0.00231118
v -0.0256927 0.0180027 -0.00287789
v -0.0257579 0.0170657 -0.00299198
v -0.0262687 0.0175823 -0.00184037
v -0.0257379 0.0188787 -0.00163072
v -0.0260387 0.0184313 -0.00179797
v -0.0253866 0.0191491 -0.00144682
v -0.021008 0.0244474 -0.000284686
v -0.0210445 0.0249854 -8.53267e-05
v -0.0176391 0.0262873 -0.000987971
v -0.0209378 0.0253601 0.00149046
v -0.0210618 0.0255041 0.000471107
v 0.00661402 0.0351629 0.0136221
v 0.00669892 0.0354564 0.0128891
v 0.00619585 0.0356924 0.0133575
v 0.00571967 0.0348095 0.0140683
v 0.00624787 0.0350494 0.0139674
v 0.00688429 0.0347212 0.0140831
v 0.00609484 0.0354312 0.0137063
v 0.00731451 0.0272361 0.00915847
v 0.00739545 0.0279354 0.0118023
v 0.00749702 0.0269676 0.0131908
v 0.00744725 0.0265566 0.0121016
v 0.00740815 0.0268982 0.0109533
v 0.00671754 0.0333811 0.0144831
v 0.00733925 0.033977 0.014107
v 0.0063866 0.0341588 0.014281
v 0.00725972 0.0346078 0.0136455
v 0.00763929 0.0334485 0.0134766
v 0.00748009 0.0329307 0.0140783
v 0.00761986 0.032766 0.013585
v 0.0076261 0.0326308 0.0129427
v 0.00748166 0.0336871 0.0125133
v 0.00748733 0.0340996 0.0133309
v 0.0075887 0.0318523 0.0135742
v 0.00751817 0.0323613 0.0115132
v 0.00695871 0.0326046 0.0144261
v 0.00732882 0.0320534 0.0141517
v 0.00762411 0.0314905 0.0126088
v 0.00665848 0.0315808 0.0143839
v 0.00725181 0.0314272 0.0142742
v 0.00740025 0.0313048 0.0139802
v 0.00744574 0.0303042 0.0137112
v 0.00757871 0.0304663 0.0130709
v 0.00728023 0.0306199 0.0141386
v 0.00701701 0.0308176 0.0143909
v 0.00691923 0.0299838 0.0142644
v 0.00756917 0.0305999 0.0125348
v 0.0064152 0.0303081 0.0143976
v 0.00536212 0.0306151 0.0144311
v 0.00743225 0.0293168 0.0133501
v 0.00733075 0.0293428 0.013683
v 0.00718542 0.0294495 0.01393
v 0.0068295 0.0291694 0.0140784
v 0.00648944 0.0293874 0.0142107
v 0.0072889 0.0286892 0.0136912
v 0.0074893 0.0294693 0.0124316
v 0.00740347 0.0281852 0.0132269
v 0.00721267 0.0279918 0.0138382
v 0.00537387 0.0334216 0.0144235
v 0.00604393 0.0324139 0.0144248
v 0.00694557 0.0285244 0.0139502
v 0.00643175 0.0285561 0.0140947
v 0.00672447 0.0275742 0.0141125
v 0.00746967 0.0307195 0.0117145
v 0.00590636 0.0278116 0.0141717
v 0.0073479 0.0273494 0.0138809
v 0.0074116 0.0268304 0.0138647
v 0.00612211 0.0272222 0.014235
v 0.00636335 0.0268221 0.0142353
v 0.0074713 0.0257453 0.0131156
v 0.00541877 0.0269037 0.0143241
v 0.0056869 0.0290334 0.0142208
v 0.00735126 0.0276146 0.0102178
v 0.00628877 0.0346084 0.0141067
v 0.00578459 0.034391 0.0140423
v 0.00738952 0.0285261 0.0103416
v 0.00739229 0.0295118 0.0110787
v 0.00668464 0.0354214 0.0120401
v 0.00690654 0.0349839 0.0119817
v 0.00678243 0.0352952 0.0115031
v 0.0073192 0.034275 0.0109326
v 0.00726138 0.0340861 0.0104813
v 0.00722164 0.034577 0.0109982
v 0.00720954 0.0343773 0.011745
v 0.00731461 0.0341634 0.011125
v 0.00618243 0.0357621 0.0119551
v 0.00700944 0.0348843 0.0137126
v 0.00604387 0.0358082 0.0110192
v 0.00695448 0.0349305 0.0134247
v 0.00646949 0.035575 0.0112627
v 0.00743073 0.0330247 0.0105753
v 0.00738698 0.0335344 0.0105273
v 0.00739832 0.0336046 0.0112592
v 0.0068314 0.0352077 0.0108009
v 0.00712829 0.0346871 0.0131056
v 0.00699425 0.0349375 0.0114146
v 0.00695425 0.0350649 0.012563
v 0.00718952 0.0345236 0.01252
v 0.00733374 0.0342849 0.012941
v 0.00705804 0.034757 0.0103638
v 0.00232859 0.0198476 -0.0130357
v 0.00219866 0.0194229 -0.0133249
v 0.00224723 0.0194511 -0.0126151
v 0.00540329 0.0269689 -0.0139101
v 0.00608574 0.0267522 -0.0139019
v 0.00553861 0.0262311 -0.013947
v 0.0041583 0.0210144 -0.013879
v 0.00462595 0.0208917 -0.0138675
v 0.00434545 0.0201838 -0.0139013
v 0.00291158 0.0232507 -0.0137087
v 0.00308817 0.0223957 -0.0138585
v 0.00269492 0.0228126 -0.013685
v 0.0042485 0.0238837 -0.0138821
v 0.00335806 0.0234653 -0.0138516
v 0.00345742 0.0244896 -0.0138611
v 0.0026593 0.0222001 -0.0137321
v 0.00245026 0.0226204 -0.0133898
v 0.00252972 0.0216274 -0.0135071
v 0.00280027 0.0218919 -0.0138384
v 0.0030529 0.0215151 -0.0138568
v 0.00550167 0.0276333 -0.0139473
v 0.00585067 0.0273237 -0.0139865
v -0.00160756 0.0190954 -0.0130727
v -0.00213839 0.0189916 -0.0142169
v -0.00295186 0.0191547 -0.013513
v 0.00465739 0.0216761 -0.0139797
v 0.00370436 0.0216726 -0.0138411
v 0.00477422 0.0249729 -0.0138366
v 0.00402932 0.0249296 -0.0138694
v 0.00421706 0.0257002 -0.0139038
v 0.00391793 0.022663 -0.013911
v 0.00511065 0.0207157 -0.0139497
v 0.00462463 0.0228149 -0.0138659
v 0.00579999 0.0213576 -0.0140094
v 0.0029271 0.0240968 -0.0136834
v 0.00530022 0.0224854 -0.0139205
v -0.000195537 0.0188516 -0.0111979
v 0.000677771 0.0187754 -0.0128019
v -0.000451785 0.0188805 -0.0130016
v 0.00102717 0.0187681 -0.011502
v 0.00447652 0.0191484 -0.0146013
v 0.00424586 0.0194741 -0.0141947
v 0.00171414 0.0188272 -0.0120942
v 0.00142379 0.0188797 -0.0132301
v -0.000961982 0.0189926 -0.0122579
v 0.00496802 0.0259394 -0.0138774
v 0.00588801 0.0278187 -0.0139536
v 2.09672e-05 0.0185477 -0.0142375
v 0.00118981 0.0186543 -0.0143549
v -0.00181528 0.0191127 -0.0117767
v 0.00185918 0.0190241 -0.0137422
v 0.00188862 0.0190866 -0.0129195
v -0.00389706 0.0192776 -0.012859
v -0.00407931 0.0191779 -0.0137838
v 0.00268333 0.0190014 -0.0151971
v 0.00208578 0.0189926 -0.0146063
v 0.00277858 0.019158 -0.0143524
v 0.00237105 0.0192569 -0.0139192
v 0.00267598 0.0198926 -0.0136955
v 0.00283101 0.0193842 -0.013874
v 0.0034325 0.019495 -0.0139928
v 0.00333938 0.0190693 -0.0147557
v 0.00391148 0.0191578 -0.0144918
v 0.00193999 0.0186709 -0.0156623
v 0.00525487 0.0240562 -0.0139273
v 0.00583523 0.0231931 -0.0139208
v 0.0053538 0.0236234 -0.0139535
v -0.00424258 0.0190057 -0.0150093
v -0.00342715 0.0189549 -0.0143348
v -0.00281497 0.018907 -0.0151878
v 0.00546152 0.0254681 -0.0138633
v 0.00511044 0.0233726 -0.01389
v 0.00337743 0.0201553 -0.0138592
v 0.00536057 0.0200002 -0.014064
v -0.00101282 0.0188005 -0.0140972
v -0.000741204 0.0185288 -0.015046
v -0.00160998 0.0187404 -0.0149882
v 0.00510191 0.0264279 -0.0139292
v -0.00535922 0.0193821 -0.014045
v -0.00568213 0.0191346 -0.0144589
v -0.00580179 0.0192322 -0.0135319
v 0.00409076 0.0190012 -0.0151359
v 0.000319329 0.0183779 -0.0156964
v -0.00491743 0.0192925 -0.0135533
v 0.00226389 0.019255 -0.0119558
v 0.00207972 0.0190863 -0.0123784
v -0.00274408 0.0192151 -0.0124692
v -0.00510825 0.0191861 -0.0142862
v 0.00609501 0.0284092 -0.0139468
v 0.00560141 0.0283308 -0.0139457
v 0.00585077 0.0222613 -0.0139321
v -0.00478206 0.0191879 -0.0140076
v -0.00505795 0.0193957 -0.0140294
v 0.00600114 0.0257886 -0.0139239
v 0.00579079 0.0251132 -0.0139289
v 0.00543695 0.0248282 -0.0138612
v -0.00446005 0.0189999 -0.0143382
v 0.00584179 0.0243924 -0.0139154
v 0.0034942 0.0208718 -0.0138778
v 0.0029255 0.0204796 -0.0137832
v 0.00294677 0.0210039 -0.0137477
v 0.00244913 0.0200458 -0.0121265
v 0.00246927 0.0203933 -0.0131361
v 0.00266076 0.0207788 -0.0135424
v 0.00247987 0.0210543 -0.0131394
v 0.00235876 0.0209638 -0.0123689
v 0.00233758 0.0223909 -0.0129136
v 0.00238511 0.0217137 -0.0126625
v 0.00262329 0.0203634 -0.0136494
v 0.0266523 0.00598374 -0.00497829
v 0.0260161 0.00559887 -0.00556502
v 0.0267458 0.00629026 -0.00540629
v 0.0266884 0.0107973 -0.00374502
v 0.0266222 0.00976889 -0.00379228
v 0.0266726 0.0105993 -0.00460491
v 0.0268277 0.00690392 -0.0053557
v 0.0267005 0.00656828 -0.0062632
v 0.026613 0.00984653 -0.00596918
v 0.0266817 0.00962073 -0.00496941
v 0.0265121 0.00875255 -0.00583188
v 0.0265639 0.00810754 -0.00551918
v 0.0264815 0.00793659 -0.00605828
v 0.0268473 0.00919798 -0.00258399
v 0.0269533 0.00834338 -0.00136521
v 0.0268208 0.0080573 -0.00308288
v 0.0266559 0.00728573 -0.00598859
v 0.0196511 0.00366469 -0.00701641
v 0.0267621 0.00703201 -0.00373252
v 0.0266307 0.00779164 -0.00420495
v 0.0266174 0.00845055 -0.00484775
v 0.0266029 0.00872993 -0.00378822
v 0.0265914 0.00854712 -0.00656462
v 0.0265802 0.009372 -0.00661931
v 0.0266239 0.00893459 -0.00716064
v 0.0267257 0.00911666 -0.00433693
v 0.0266504 0.00777441 -0.0068082
v 0.0267303 0.0103852 -0.00534548
v 0.0267991 0.010763 -0.00612873
v 0.0262914 0.00580377 -0.00391139
v 0.0266713 0.0101071 -0.00665908
v 0.0266895 0.00656831 -0.00310138
v 0.0267877 0.00743648 -0.00245745
v 0.0267865 0.00654409 -0.00471805
v 0.0267368 0.0110457 -0.00525482
v 0.0265186 0.0106622 -0.00722989
v 0.0265469 0.00755005 -0.00526581
v 0.0265887 0.00974996 -0.00725415
v 0.0262117 0.00577976 -0.00645147
v 0.0249439 0.00529617 -0.00687612
v 0.0267241 0.00712144 -0.00468085
v 0.0225511 0.00451829 -0.00703923
v 0.0264744 0.00612362 -0.00260171
v 0.0266266 0.00615395 -0.00332614
v 0.026941 0.0078409 3.17677e-05
v 0.0266391 0.0071867 -0.000664755
v 0.0268583 0.00777938 -0.000913482
v 0.015567 0.0021344 -0.00958437
v 0.0265722 0.00691557 -0.00196257
v 0.0264352 0.00630683 -0.00120905
v 0.0267765 0.007525 -0.00151985
v 0.0158801 0.0038268 -0.00859838
v 0.0154823 0.00330152 -0.00939027
v 0.0155098 0.00388282 -0.00942374
v 0.018068 0.00501487 -0.00796861
v 0.018368 0.00424072 -0.00768767
v 0.017358 0.00424939 -0.0079748
v 0.0155483 0.00207455 -0.0122233
v 0.0158409 0.00280045 -0.0122542
v 0.0157087 0.00274609 -0.0111533
v 0.0167635 0.00383588 -0.00809278
v 0.0155181 0.00272788 -0.00966111
v 0.0158763 0.00228006 -0.00863173
v 0.0207696 0.00495026 -0.00750601
v 0.0165688 0.00318767 -0.00801843
v 0.019645 0.0053902 -0.00778638
v 0.021553 0.00608715 -0.00782866
v 0.0232354 0.00578841 -0.00763325
v 0.0230715 0.00672832 -0.00801442
v 0.0250258 0.00625961 -0.00775405
v 0.0260502 0.00859756 -0.00831517
v 0.0262967 0.00801051 -0.00791324
v 0.0259298 0.00717722 -0.00793808
v 0.0264081 0.00973153 -0.00784239
v 0.0252008 0.00769752 -0.00831259
v 0.0265435 0.00934052 -0.00754595
v 0.0265664 0.00691657 -0.00699454
v 0.024402 0.00683152 -0.00807471
v 0.0258704 0.0062706 -0.00744617
v 0.0262685 0.00617363 -0.00691686
v 0.0252596 0.00695881 -0.00808732
v 0.026501 0.00858382 -0.00768784
v 0.0264291 0.00752115 -0.00750405
v 0.0263149 0.00673848 -0.00740325
v 0.00608309 0.0205206 -0.0138952
v 0.0057047 0.0204749 -0.0139652
v 0.00598439 0.0200002 -0.0139649
v 0.00638827 0.0202223 -0.0135899
v 0.00565623 0.0195062 -0.0141876
v 0.00645666 0.0206559 -0.0103757
v 0.00652714 0.021429 -0.0110954
v 0.00654316 0.0215021 -0.00989077
v 0.00642444 0.0209806 -0.0132491
v 0.00650573 0.0203607 -0.0129887
v 0.00653878 0.022371 -0.0104839
v 0.00649391 0.0235534 -0.0107408
v 0.00652398 0.0231372 -0.0098684
v 0.00647257 0.0238676 -0.00988098
v 0.00658631 0.0209228 -0.00947068
v 0.00661049 0.0214552 -0.00877556
v 0.0065813 0.0247194 -0.0108521
v 0.00640193 0.0225111 -0.0116839
v 0.00650115 0.0232422 -0.0127795
v 0.00642111 0.0239445 -0.0129565
v 0.00639714 0.0242421 -0.0122819
v 0.00641397 0.0227182 -0.0133168
v 0.00633301 0.0228875 -0.0137592
v 0.00639933 0.0233017 -0.0135781
v 0.00620415 0.0226879 -0.0138553
v 0.00656323 0.0322543 -0.0135574
v 0.00662237 0.0313873 -0.0126114
v 0.00661403 0.0320586 -0.0128447
v 0.00650195 0.021545 -0.0119897
v 0.00656698 0.0313807 -0.013302
v 0.00641213 0.0313963 -0.0138332
v 0.00651158 0.030674 -0.0135913
v 0.00665585 0.0304759 -0.0128093
v 0.00633454 0.0237542 -0.0132709
v 0.00646155 0.0235637 -0.0118126
v 0.00653737 0.0243542 -0.0114214
v 0.00644503 0.0206907 -0.0111503
v 0.00649804 0.0200285 -0.0111211
v 0.00625205 0.0239615 -0.0137217
v 0.00629929 0.0215466 -0.0135873
v 0.00614407 0.021953 -0.0138656
v 0.00649874 0.0250421 -0.0117589
v 0.00647679 0.025108 -0.0111883
v 0.00630049 0.022298 -0.0135789
v 0.00646464 0.0267693 -0.0113324
v 0.00646546 0.0258906 -0.0114744
v 0.00650045 0.0258552 -0.0121018
v 0.00642759 0.0251144 -0.0124806
v 0.00638333 0.0244575 -0.0131768
v 0.00649212 0.0265204 -0.0117968
v 0.00656781 0.0275484 -0.0113284
v 0.00649549 0.0205353 -0.0123892
v 0.00653108 0.0197052 -0.0124417
v 0.00609373 0.0224878 -0.0138593
v 0.00657237 0.0219357 -0.0128563
v 0.00622028 0.0245805 -0.0137052
v 0.00629104 0.0251937 -0.0135138
v 0.00655974 0.0282276 -0.012562
v 0.00653744 0.0272636 -0.0127426
v 0.00655267 0.0278395 -0.0132621
v 0.00645661 0.0262467 -0.01279
v 0.00655698 0.0256162 -0.0125645
v 0.00658785 0.0273878 -0.0119356
v 0.00647016 0.0254095 -0.0129999
v 0.00633308 0.0301476 -0.0137798
v 0.0063353 0.0292512 -0.0137672
v 0.0065103 0.0267032 -0.0122969
v 0.00610537 0.0250566 -0.0138625
v 0.00640422 0.0269401 -0.0133049
v 0.00664066 0.0293318 -0.0125935
v 0.00623303 0.0255092 -0.0137439
v 0.00633128 0.0259675 -0.0134973
v 0.00652608 0.028802 -0.0132467
v 0.00653849 0.0297867 -0.0133301
v 0.00636719 0.0274852 -0.013622
v 0.0064341 0.0282295 -0.0136595
v 0.00617248 0.0276524 -0.0138745
v 0.0065663 0.0196215 -0.0131596
v 0.00636712 0.0208087 -0.0117554
v 0.00654727 0.0212218 -0.0123849
v 0.00623717 0.0209328 -0.0136908
v 0.00639322 0.0201239 -0.011918
v 0.00653741 0.0210296 -0.0127843
v -0.019237 0.0367557 -0.000693746
v -0.0185149 0.0368097 -0.000694944
v -0.0189862 0.0355528 -0.000787868
v -0.019152 0.0379151 -0.000724514
v -0.0181499 0.0388428 -0.000750531
v -0.0180878 0.0379066 -0.000701964
v -0.0174987 0.037025 -0.000676041
v -0.0172067 0.0378477 -0.000724162
v -0.018908 0.0389006 -0.00069116
v -0.0157757 0.040866 -8.97347e-05
v -0.0159456 0.0412447 0.000275702
v -0.0149805 0.0410748 8.14287e-05
v -0.0198256 0.0407795 0.00183369
v -0.0191311 0.0412656 0.00131105
v -0.0198284 0.040754 0.00119465
v -0.0210389 0.0368584 0.000676721
v -0.0208101 0.0378993 0.000525127
v -0.0206787 0.0373539 -8.92982e-05
v -0.019492 0.0389937 -0.000601461
v -0.0201672 0.0380312 -0.000529656
v -0.020194 0.0389806 -0.000354838
v -0.0198273 0.0356956 -0.000666122
v -0.0198589 0.0366721 -0.000609746
v -0.0211539 0.0356218 0.000653524
v -0.0210867 0.0342943 0.000360897
v -0.0211974 0.0345642 0.00117722
v -0.0200519 0.0404379 0.00043181
v -0.0202171 0.0399415 0.00020196
v -0.0201618 0.0400906 0.00111154
v -0.0199817 0.0396048 -0.000281275
v -0.0150056 0.0405371 -0.000367722
v -0.0140819 0.04089 -0.000103922
v -0.0141468 0.0404146 -0.000426748
v -0.020405 0.0390189 -0.000143348
v -0.020513 0.0386803 0.000132885
v -0.0203463 0.0393779 0.000154628
v -0.017764 0.0407685 -0.00012711
v -0.0180841 0.0411699 0.000276232
v -0.0168568 0.0409712 0.000104409
v -0.0143392 0.0399707 -0.000655114
v -0.0203739 0.0371943 -0.000446664
v -0.0205183 0.0365591 -0.00035003
v -0.0177872 0.0359205 -0.000810189
v -0.0157052 0.0398161 -0.000624602
v -0.0169183 0.0392821 -0.000847714
v -0.0169586 0.039911 -0.0005283
v -0.0165719 0.0404537 -0.000283468
v -0.0199805 0.0405735 0.000841519
v -0.0196133 0.0409701 0.000657475
v -0.014125 0.0389128 -0.000952379
v -0.0139832 0.0394175 -0.000896294
v -0.0134132 0.03907 -0.00093476
v -0.0161367 0.0414615 0.000778584
v -0.0169911 0.0413096 0.00055473
v -0.0147739 0.039328 -0.000861368
v -0.0198725 0.0348963 -0.000790063
v -0.0202972 0.035775 -0.000582811
v -0.0206912 0.0357755 -0.000282305
v -0.0205254 0.0347503 -0.000584158
v -0.0209053 0.0351646 6.96677e-06
v -0.0130892 0.0382217 -0.000986822
v -0.0127034 0.0388732 -0.000698689
v -0.013825 0.0383182 -0.00108171
v -0.0163236 0.0383222 -0.00089089
v -0.0148492 0.0383317 -0.000951864
v -0.0155262 0.0374011 -0.00096009
v -0.0188637 0.0412802 0.000650707
v -0.0207902 0.0385437 0.00115109
v -0.0209964 0.0374759 0.00157432
v -0.0193112 0.0399619 -0.000349278
v -0.0135678 0.0397212 -0.000805275
v -0.0187689 0.0394603 -0.000579189
v -0.0184424 0.0409244 1.05981e-05
v -0.0156976 0.0390762 -0.000860294
v -0.0189749 0.0410276 0.000197764
v -0.0195187 0.0405882 -1.82011e-06
v -0.0208945 0.0363045 0.000104948
v -0.0212344 0.0360353 0.00143071
v -0.0165651 0.0372506 -0.000753843
v -0.0128751 0.0397004 -0.000610049
v -0.0140987 0.0378124 -0.00104798
v -0.0143587 0.0370025 -0.00102901
v -0.0173897 0.0385299 -0.000810482
v -0.0199048 0.0401619 -0.000114895
v -0.0171136 0.041488 0.00113072
v -0.0206358 0.0380309 -0.000124003
v -0.0177683 0.0402293 -0.000366689
v -0.0135069 0.0403369 -0.000441435
v -0.0134824 0.0374539 -0.00108678
v -0.0178704 0.0396831 -0.000566298
v -0.0187322 0.0405467 -0.000213372
v -0.0181145 0.0414898 0.000932142
v -0.0184718 0.0399807 -0.000383437
v -0.0204618 0.0392446 0.00104975
v -0.018959 0.0412754 0.0022047
v -0.0208474 0.0384621 0.0020478
v -0.0207038 0.0375426 0.00276347
v -0.0206134 0.0391981 0.00259696
v -0.0203066 0.0385806 0.00323201
v -0.0199561 0.0393735 0.00328428
v -0.0202855 0.0401317 0.00225791
v -0.0203987 0.0395548 0.00179459
v -0.0206751 0.0390911 0.00183456
v -0.0208185 0.0358719 0.00264388
v -0.0203907 0.0360253 0.00322003
v -0.0206895 0.0343873 0.00284977
v -0.0210701 0.0349536 0.00206182
v -0.0210502 0.0363592 0.00214567
v -0.0200296 0.0332611 0.00332315
v -0.0207488 0.0326855 0.00272128
v -0.0211304 0.0337414 0.00166012
v -0.020966 0.0336209 0.00226963
v -0.0201564 0.0399743 0.00293808
v -0.0196221 0.0406535 0.00266449
v -0.0181267 0.0415677 0.00157171
v -0.0181074 0.041397 0.00208929
v -0.0170686 0.0413858 0.00185096
v -0.026194 0.0189707 -0.000359605
v -0.0258137 0.0191174 0.000378914
v -0.0252095 0.0192197 -0.000664936
v -0.0206405 0.0194418 0.00277058
v -0.0204756 0.0192286 0.00330483
v -0.0202258 0.0193586 0.00303378
v -0.0184335 0.0197473 0.00292249
v -0.0184093 0.0191554 0.00325709
v -0.0178318 0.0193289 0.00296709
v -0.0235252 0.0192926 0.00228279
v -0.0239369 0.0192247 0.00325709
v -0.0227756 0.0190586 0.00324201
v -0.0207147 0.0254922 0.00252871
v -0.020396 0.0255406 0.00300205
v -0.020599 0.0259777 0.0028709
v -0.0173965 0.020311 0.00287908
v -0.0182988 0.0206064 0.00304494
v -0.0202428 0.0217371 0.0029158
v -0.0202879 0.0207775 0.00285412
v -0.0198679 0.0212658 0.00301677
v -0.0176267 0.0215733 0.00296344
v -0.0161451 0.0212869 0.00286349
v -0.0170258 0.0212774 0.00289598
v -0.0201041 0.0199088 0.0028969
v -0.0199097 0.0205376 0.0029622
v -0.0215008 0.0191243 0.000681814
v -0.0251073 0.0192242 0.000551272
v -0.0258327 0.019101 0.00118827
v -0.0252225 0.0192763 0.00179192
v -0.0192369 0.0203532 0.00299333
v -0.0190981 0.0193256 0.00306027
v -0.0190995 0.0191977 0.00363249
v -0.0222066 0.0191 0.00119442
v -0.0265775 0.018216 -0.000791177
v -0.0223715 0.0191116 0.00236117
v -0.0232741 0.0192051 0.0011185
v -0.0167058 0.0221986 0.00301773
v -0.0262301 0.0187124 -0.000994707
v -0.0206704 0.0265082 0.00263636
v -0.0222617 0.0192995 0.00581706
v -0.0203072 0.0191675 0.00576081
v -0.0214973 0.0191399 0.00443628
v -0.0249385 0.0191957 0.00273428
v -0.0258173 0.0190123 0.00243483
v -0.0254796 0.0191448 0.00327529
v -0.0240578 0.0192243 0.00433555
v -0.0247828 0.0191945 0.00372745
v -0.0201859 0.0263801 0.00308264
v -0.0180049 0.0225667 0.00308704
v -0.0173442 0.0227617 0.00311406
v -0.0177631 0.0237151 0.00310708
v -0.0165046 0.0236678 0.00305511
v -0.022905 0.019136 0.00436457
v -0.0213187 0.0192139 0.00227149
v -0.0207507 0.0196384 0.00206487
v -0.0187125 0.0248523 0.00310464
v -0.018659 0.0231323 0.00311764
v -0.0168738 0.0186517 0.0055965
v -0.0173553 0.0188983 0.00417036
v -0.0184192 0.0188912 0.00543437
v -0.018584 0.0216606 0.00302993
v -0.018902 0.0190438 0.00446937
v -0.0151662 0.0229547 0.00299664
v -0.0153481 0.0216677 0.00283308
v -0.0207647 0.0230667 0.00147367
v -0.0207436 0.0213182 0.00174461
v -0.0205809 0.022369 0.0022945
v -0.024293 0.0193246 0.00122626
v -0.0210424 0.0193289 0.00189879
v -0.0213679 0.0191656 0.00152499
v -0.0209136 0.0195286 0.00119843
v -0.020775 0.020377 0.00143686
v -0.0205754 0.0210021 0.00238844
v -0.0207176 0.0203679 0.00208653
v -0.0243941 0.0193259 0.00225692
v -0.0199346 0.0223834 0.00297518
v -0.0203326 0.0224054 0.00277219
v -0.0193523 0.022103 0.00304666
v -0.0201386 0.0231217 0.00291899
v -0.0216324 0.0191416 0.00276776
v -0.0217648 0.0190786 0.00335022
v -0.0204168 0.0232227 0.00271753
v -0.0204526 0.0216252 0.00265387
v -0.0202188 0.0236609 0.00294576
v -0.0204706 0.0238535 0.00279759
v -0.0206211 0.0239284 0.00234245
v -0.0264985 0.0189982 0.000843966
v -0.0269436 0.0188171 0.000571173
v -0.0271923 0.0184817 0.00156057
v -0.0196625 0.0236534 0.00308798
v -0.0209974 0.0191463 0.00362505
v -0.0211022 0.0191055 0.00305101
v -0.0204186 0.024504 0.00298987
v -0.0222586 0.0190508 0.0038186
v -0.0264462 0.0188823 0.00189507
v -0.0258625 0.0191189 0.00178614
v -0.0201947 0.0191902 0.00411714
v -0.0198459 0.0252441 0.00310059
v -0.0208099 0.0261449 0.00217074
v -0.0208648 0.0271359 0.00200358
v -0.0205611 0.0200987 0.00258788
v -0.0268459 0.0185467 -7.07375e-05
v -0.0265385 0.0187073 -0.000558968
v -0.0181973 0.0191351 0.00371767
v -0.0197578 0.0192916 0.00315921
v -0.0179837 0.0191708 0.00334118
v -0.00999853 0.00307822 0.0196664
v -0.0152728 0.00933086 0.0152162
v -0.0152001 0.0107012 0.0153231
v -0.016645 0.0100996 0.0142278
v -0.013001 0.00865249 0.0173148
v -0.0131768 0.00942203 0.0170673
v -0.0137897 0.00868035 0.0166215
v -0.0117633 0.00942152 0.0182485
v -0.0127598 0.00785755 0.0177215
v -0.0118886 0.00368182 0.0181021
v -0.011907 0.00279158 0.0180915
v -0.0114308 0.00313909 0.0185017
v -0.0113667 0.00399441 0.0185304
v -0.011494 0.00354511 0.0184608
v -0.0141816 0.00954501 0.0161616
v -0.00970048 0.00759522 0.0198684
v -0.0105508 0.00542062 0.0193734
v -0.0115771 0.00481649 0.0183818
v -0.0123695 0.00433958 0.0176619
v -0.0111472 0.0035301 0.0186264
v -0.0108202 0.00312786 0.01897
v -0.0106435 0.00399079 0.0191251
v -0.0125989 0.00343726 0.0175215
v -0.0124918 0.00253209 0.0172808
v -0.0115506 0.00627151 0.0187368
v -0.0124754 0.00534637 0.0177868
v -0.0145991 0.00805724 0.0157551
v -0.0133182 0.0111028 0.0168839
v -0.0102673 0.00234368 0.0194063
v -0.0105451 0.00271729 0.0192813
v -0.0110418 0.00263406 0.0187558
v -0.0103337 0.00889517 0.0194349
v -0.0108691 0.0018916 0.0185945
v -0.0114204 0.00784503 0.0187839
v -0.009592 0.00436671 0.019901
v -0.0165546 0.0115972 0.0142378
v -0.017982 0.0121299 0.0129613
v -0.0168934 0.0123359 0.0138923
v -0.0170223 0.0132328 0.0137568
v -0.0133299 0.00323998 0.0167921
v -0.0111513 0.00456706 0.0188824
v -0.00993353 0.0102577 0.019705
v -0.0137491 0.0078733 0.0168612
v -0.0110403 0.0115934 0.0188948
v -0.0172743 0.00561157 0.0134183
v -0.0169868 0.00662505 0.0137612
v -0.0178174 0.00708269 0.0132677
v -0.0151888 0.00529522 0.0154747
v -0.0161559 0.00550885 0.0144068
v -0.0160343 0.00459701 0.0146922
v -0.0196404 0.00900324 0.0114966
v -0.019604 0.00792825 0.0114484
v -0.0190304 0.0082363 0.0120141
v -0.0147969 0.00717638 0.0156907
v -0.0149074 0.00650067 0.0156829
v -0.0144215 0.00710661 0.0162642
v -0.0192901 0.0076775 0.0118474
v -0.0196374 0.00724552 0.0115703
v -0.0189581 0.00730125 0.0123096
v -0.0190838 0.0105566 0.0119925
v -0.0185406 0.00911384 0.0123763
v -0.01798 0.010091 0.013014
v -0.0156009 0.012637 0.0148644
v -0.0158839 0.00673044 0.0146085
v -0.0165635 0.00634745 0.0141339
v -0.0196003 0.00638627 0.0116799
v -0.0140471 0.00325548 0.0161739
v -0.0137778 0.00398555 0.0165078
v -0.017396 0.00863024 0.0135386
v -0.0183501 0.00805728 0.012777
v -0.0126278 0.00661132 0.01793
v -0.0136699 0.00686754 0.0170435
v -0.0137862 0.00536948 0.0167967
v -0.0152032 0.00712174 0.0152684
v -0.0154128 0.00620968 0.015079
v -0.0138908 0.00186114 0.0157734
v -0.015061 0.00178239 0.0146393
v -0.0131987 0.00102422 0.0149115
v -0.0188122 0.00577735 0.0124087
v -0.0159046 0.00844456 0.0147531
v -0.0145896 0.00263517 0.0156173
v -0.0134737 0.00242423 0.0163839
v -0.0177325 0.00279157 0.012925
v -0.0178505 0.00360945 0.0129754
v -0.0183672 0.00323009 0.012292
v -0.0165199 0.00730301 0.0141812
v -0.0155579 0.00407299 0.0149987
v -0.0131128 0.00428964 0.0171038
v -0.0183609 0.00435982 0.012598
v -0.0164834 0.00453979 0.0142185
v -0.0173979 0.00429524 0.0133372
v -0.0163699 0.00363391 0.0141938
v -0.0168499 0.00484712 0.0137817
v -0.0168991 0.00415505 0.0138336
v -0.017205 0.00350124 0.0135487
v -0.0168718 0.00278972 0.013682
v -0.0181047 0.00217149 0.0124359
v -0.0171058 0.00196604 0.0130036
v -0.0157262 0.00745518 0.0148336
v -0.0153661 0.00780077 0.015143
v -0.015571 0.00300229 0.0146872
v -0.0161524 0.00203346 0.0138764
v -0.00953287 0.00232986 0.0198848
v -0.0161845 0.00284407 0.0141305
v -0.0178838 0.00170831 0.0119679
v -0.0151574 0.000800759 0.0116836
v -0.0146918 0.00384459 0.0157513
v -0.011808 0.00143987 0.0167857
v -0.0144171 0.00618088 0.0162855
v -0.0187296 0.0024299 0.0118462
v 0.0130974 0.019284 -0.00543088
v 0.0133788 0.019139 -0.00723473
v 0.0117411 0.0190739 -0.00694591
v 0.015602 0.0191381 -0.00116531
v 0.0148904 0.019307 -0.00243254
v 0.0143331 0.0194103 -0.00127734
v 0.00675388 0.0190036 -0.00824279
v 0.00702009 0.0187888 -0.00881788
v 0.00669419 0.0190702 -0.00872301
v 0.0066355 0.0194937 -0.00824798
v 0.0066183 0.0198904 -0.0101144
v 0.0142763 0.0192145 -0.00490171
v 0.0143336 0.0191515 -0.00626328
v 0.00741299 0.0187936 -0.0119885
v 0.00818365 0.0185489 -0.0116733
v 0.006904 0.0190699 -0.0127609
v 0.00866835 0.0183026 -0.0100593
v 0.00949614 0.0184363 -0.00859274
v 0.00991335 0.0184577 -0.00983358
v 0.00660674 0.0203299 -0.00945078
v 0.0165982 0.0186621 -0.00113623
v 0.0168139 0.0177714 -0.00159397
v 0.0166432 0.0184601 -0.00219826
v 0.00657302 0.0209062 -0.00807653
v 0.016597 0.0184977 -0.00292472
v 0.0162957 0.0187983 -0.00312532
v 0.0164767 0.0187011 -0.00260535
v 0.0107738 0.0186513 -0.0103496
v 0.0110767 0.0187504 -0.00890102
v 0.0160484 0.0190458 0.000591133
v 0.0164461 0.0187382 -0.000118577
v 0.0161704 0.0189093 -0.000485267
v 0.00895806 0.0186884 -0.00725983
v 0.00944625 0.0189922 -0.00557662
v 0.0101516 0.0187563 -0.0074588
v 0.0163373 0.0188413 -0.00431922
v 0.0161251 0.0187433 -0.00569
v 0.0157622 0.0189612 -0.00471302
v 0.00678982 0.0189704 -0.0119075
v 0.00745009 0.0186119 -0.0109321
v 0.0123613 0.0193815 -0.00366745
v 0.0114113 0.0192694 -0.00488307
v 0.0103995 0.019219 -0.00242884
v 0.0146619 0.0189675 -0.00792414
v 0.0167933 0.0179463 -0.000661613
v 0.0167817 0.0179475 0.000126602
v 0.0168341 0.017366 -8.18573e-05
v 0.0166971 0.0183754 -0.000339501
v 0.0167252 0.0184452 0.000416869
v 0.00541445 0.0192224 -0.00747747
v 0.00589396 0.0190561 -0.00732037
v 0.00763477 0.0189686 -0.00509182
v 0.00773546 0.0189426 -0.00624525
v 0.00613162 0.0188838 -0.00626488
v 0.0134838 0.0193723 0.000904412
v 0.0150233 0.0192924 0.00064133
v 0.0153144 0.0188912 -0.00637453
v 0.0158619 0.018734 -0.00720283
v 0.0158453 0.0190071 -0.00367693
v 0.0126956 0.0194186 -0.00163554
v 0.0113638 0.0192079 0.000467465
v 0.0137967 0.0193435 -0.00332543
v 0.0156447 0.0190619 -0.00269309
v 0.0131653 0.0190334 -0.00898157
v 0.00679966 0.0189668 -0.00957037
v 0.0150726 0.0191537 -0.00385649
v 0.00662315 0.0192916 -0.0105434
v 0.0066136 0.0194568 -0.0111816
v 0.0150596 0.019061 -0.00524407
v 0.00657926 0.0202322 -0.00811825
v 0.00629504 0.0204356 -0.00769287
v 0.00633106 0.019726 -0.00774603
v 0.00847968 0.018838 -0.00656976
v 0.00834905 0.0184033 -0.00861829
v 0.00782974 0.0187563 -0.00743351
v 0.00754624 0.018556 -0.00871514
v 0.00826846 0.0190029 -0.00371426
v 0.00710436 0.018834 -0.00797864
v 0.00726142 0.0186324 -0.00973504
v 0.00694328 0.018942 -0.00713982
v 0.0166158 0.0184477 -0.00375709
v 0.0065387 0.0191064 -0.00775032
v 0.0143123 0.0191114 -0.00992989
v 0.00694226 0.0188296 -0.0104662
v 0.00631109 0.0189193 -0.00723877
v 0.00666362 0.0194188 -0.00901668
v 0.00667567 0.0194278 -0.00970412
v 0.00616135 0.0193164 -0.00757458
v 0.00666743 0.0200162 -0.00873065
v 0.00666784 0.0197571 -0.00939308
v 0.00558177 0.0188887 -0.00709
v 0.00650145 0.0195007 -0.0117059
v 0.0071402 0.0187432 0.000413511
v 0.00880826 0.0188779 0.00042327
v 0.00736228 0.0189035 -0.0015802
v 0.00552426 0.0187051 6.55565e-05
v 0.0169805 0.0167306 0.00106265
v 0.00656667 0.0206318 -0.00872963
v 0.0162119 0.0188034 -0.0021348
v 0.00675032 0.0190262 -0.0111624
v 0.00780208 0.0184021 -0.00963035
v 0.0168794 0.0174197 -0.000762235
v 0.01564 0.0188245 -0.00550074
v 0.00624376 0.0188409 -0.00400656
v 0.014311 0.0189958 -0.009124
v 0.00490068 0.0188031 -0.00224556
v 0.00488861 0.0187684 -0.00373753
v 0.00496255 0.0187008 -0.00463194
v 0.00551997 0.0187592 -0.00524558
v 9.99625e-05 0.00716946 0.0235852
v -0.00122343 0.00719821 0.0235734
v -0.00125756 0.00552598 0.0231864
v 0.0124575 0.0135681 0.0223884
v 0.0115082 0.0120108 0.0226979
v 0.0126664 0.0114919 0.0220745
v 0.0122974 0.0185919 0.0221496
v 0.012388 0.0190474 0.0217377
v 0.01119 0.0187489 0.0224774
v -0.000126747 0.0187242 0.0224451
v -0.00069091 0.0187408 0.0221476
v -0.000509851 0.0187267 0.022985
v 0.000868127 0.0187726 0.0223106
v -8.52553e-05 0.0185309 0.0236895
v 0.000308688 0.0186979 0.0234908
v 0.0018097 0.0187834 0.0231389
v 0.000861652 0.0186911 0.0233962
v 0.00545624 0.0185178 0.0211995
v 0.00209402 0.0185612 0.0237473
v 0.00287187 0.0186891 0.0233387
v 0.0005788 0.0185059 0.023748
v 0.00690095 0.0186462 0.0213303
v 0.000298655 0.018746 0.0229907
v 0.00125072 0.0184703 0.0237975
v 0.0042331 0.0186093 0.0217622
v 0.00383328 0.0186663 0.0227469
v 0.00847107 0.0188557 0.0217147
v 0.0114422 0.0192207 0.0214963
v 0.0115341 0.0105532 0.0226498
v 0.0103127 0.010789 0.0229647
v -0.000553215 0.0186015 0.0213163
v 0.00680071 0.0186022 0.0228108
v 0.00519992 0.0185834 0.0226584
v 0.000323922 0.0183589 0.0240884
v -0.000856704 0.0186382 0.0236194
v -0.000479815 0.0185375 0.0240669
v -0.000688015 0.0181541 0.0242462
v 0.000166193 0.0176506 0.0243262
v -0.00112491 0.0184673 0.0239955
v -0.00157867 0.0173709 0.0242667
v 0.00278339 0.0152191 0.0241944
v 0.00440543 0.0148385 0.0239576
v 0.00419266 0.0157915 0.0240866
v 0.00568129 0.0157967 0.0238898
v 0.00401193 0.0169546 0.0240782
v 0.00585133 0.0171362 0.0239067
v 0.00831003 0.0187057 0.0227617
v 0.00976815 0.018981 0.0220326
v 0.00944552 0.0186565 0.0228688
v 0.0097339 0.0182779 0.0233129
v 0.00317225 0.0182763 0.023934
v 0.00299193 0.0179098 0.0240731
v 0.00357267 0.0182633 0.0238911
v 0.00514362 0.0178782 0.0238857
v 0.00419404 0.0180696 0.0239634
v 0.00656478 0.00839701 0.0233212
v 0.00483015 0.00914395 0.0233697
v 0.00516208 0.00720999 0.0232016
v 0.00166107 0.0168989 0.0243415
v 0.000854855 0.015124 0.0242406
v 0.00394908 0.0185365 0.0235923
v 0.00168933 0.00769397 0.0235571
v 0.000967754 0.00953262 0.0238329
v 0.00123221 0.0126044 0.0239187
v 0.00324891 0.0109357 0.0236754
v -2.40392e-05 0.0109087 0.0238944
v 0.00589078 0.0185168 0.0234989
v 0.00495947 0.0184455 0.0236785
v 0.00559353 0.0182997 0.0238367
v 0.00688725 0.00980257 0.0232809
v 0.00747123 0.0185329 0.0233895
v 0.00603768 0.0139887 0.023563
v -0.000160211 0.0140435 0.024063
v -0.000505025 0.0160112 0.024326
v 0.00711383 0.018291 0.0237044
v 0.00658497 0.0184815 0.0235236
v 0.00646651 0.0180031 0.0238811
v 0.01051 0.018947 0.0222248
v 0.011138 0.0181332 0.0230511
v 0.0119197 0.0179989 0.0229314
v 0.0118205 0.018392 0.0226641
v 0.0124362 0.017664 0.0227708
v 0.0114934 0.0173975 0.0232205
v 0.00829468 0.0179991 0.0236704
v 0.00771601 0.0166655 0.0237379
v 0.00995866 0.0168629 0.0235428
v 0.0125783 0.0152973 0.0226424
v 0.0116519 0.0150627 0.0229666
v 0.0119976 0.0144719 0.0227504
v 0.0113289 0.0138761 0.0228535
v 0.0124894 0.0181386 0.0224617
v 0.00901256 0.0184617 0.0234101
v 0.00929721 0.0184566 0.0232459
v 0.0127433 0.0167823 0.0226476
v 0.0116072 0.0161925 0.0232161
v 0.00964801 0.017759 0.0235137
v 0.0104191 0.0177528 0.0233416
v 0.00861582 0.0102642 0.0231659
v 0.00889314 0.0124473 0.0232162
v 0.00618701 0.0115792 0.0233448
v 0.00833404 0.0185257 0.0233451
v 0.00384411 0.0131883 0.0238092
v 0.00109772 0.0182228 0.0242189
v 0.0107236 0.0153476 0.0232892
v 0.00987655 0.0140214 0.0231793
v 0.0104868 0.012592 0.0229913
v 0.00802674 0.00894459 0.0232976
v 0.00330913 0.00742306 0.0233399
v 0.00187551 0.00610042 0.023251
v 0.00181824 0.018431 0.0240305
v 0.00261506 0.0183596 0.023912
v 0.00331327 0.0184632 0.0238208
v 0.00265626 0.00883143 0.0235952
v 0.00940142 0.015596 0.0234951
v 0.00796564 0.0145214 0.0234602
v 0.0019209 0.0180485 0.0242042
v 0.00116774 0.0178427 0.0242957
v 0.00732137 0.013158 0.02334
v -0.00836878 0.00239456 -0.0204357
v -0.00829812 0.00355221 -0.0206034
v -0.00758309 0.00254454 -0.0210086
v -0.00693189 0.0035052 -0.0214258
v -0.0225213 0.00600442 -0.00765729
v -0.0232878 0.00623445 -0.00680095
v -0.0221704 0.00687816 -0.00789791
v -0.0120637 0.00379023 -0.0174674
v -0.0114237 0.00518953 -0.0179218
v -0.0108011 0.00403268 -0.0183689
v -0.0127006 0.000428945 -0.0135118
v -0.0155819 0.000233769 -0.00842427
v -0.0154339 0.00129403 -0.0126485
v -0.014533 0.0017903 -0.0144925
v -0.0148524 0.00239389 -0.0146865
v -0.0137835 0.00204194 -0.0154321
v -0.00696089 0.000894547 -0.0161598
v -0.00825542 0.00123774 -0.0188831
v -0.0073073 0.00148483 -0.020172
v -0.0156331 0.00286616 -0.0139491
v -0.0157315 0.00220735 -0.0134943
v -0.0140695 0.0026767 -0.0155023
v -0.00900958 0.00179702 -0.0197296
v -0.00951074 0.00146721 -0.0184477
v -0.0189152 0.00668474 -0.0112273
v -0.0188392 0.00513368 -0.0111672
v -0.0199701 0.00581068 -0.0100935
v -0.0218843 0.0043513 -0.00816771
v -0.0214579 0.00525339 -0.00871827
v -0.0209207 0.00449517 -0.0091962
v -0.0135019 0.00422805 -0.016461
v -0.0132002 0.00310983 -0.01651
v -0.0149714 0.00362536 -0.0149049
v -0.00912379 0.00269529 -0.0200899
v -0.0197383 0.00279012 -0.00982036
v -0.0207583 0.00253499 -0.00875355
v -0.0208531 0.0034609 -0.00912854
v -0.0234622 0.00790685 -0.00602466
v -0.023956 0.00686895 -0.00563428
v -0.0240625 0.00808633 -0.00505311
v -0.0180463 0.00414343 -0.0119232
v -0.0168821 0.00531338 -0.0131833
v -0.0116764 0.00266524 -0.0176332
v -0.0124202 0.00137486 -0.015596
v -0.0104223 0.00135884 -0.0172485
v -0.0226204 0.00475872 -0.00743737
v -0.0232979 0.00451504 -0.0067587
v -0.022926 0.00538777 -0.00721402
v -0.0052973 0.00266962 -0.0220682
v -0.00456462 0.00310303 -0.0223734
v -0.0047106 0.00201201 -0.0220216
v -0.0147395 0.00523255 -0.0153872
v -0.0141269 0.00650081 -0.016025
v -0.0135484 0.0054086 -0.016513
v -0.0059424 0.00156863 -0.0213279
v -0.00637691 0.00238107 -0.0216118
v -0.00559133 0.00103474 -0.0205234
v -0.00476472 0.000931099 -0.020144
v -0.0166665 0.00363225 -0.0130912
v -0.01781 0.00333204 -0.0119641
v -0.0207607 0.00215741 -0.00839434
v -0.0196988 0.0015451 -0.00875169
v -0.0215871 0.0021282 -0.00755287
v -0.00349473 0.00090608 -0.0208542
v -0.0229026 0.0135132 -0.00683757
v -0.0229869 0.0108663 -0.00665281
v -0.0241112 0.0132387 -0.00496319
v -0.00406443 0.00120528 -0.0215002
v -0.0218828 0.0118258 -0.00808018
v -0.00214475 0.00115535 -0.0204987
v -0.0213366 0.00092566 -0.00567472
v -0.0174696 0.00141892 -0.0104183
v -0.0237445 0.0106193 -0.00534591
v -0.0229913 0.00741038 -0.00696078
v -0.0234802 0.00919134 -0.00584495
v -0.022799 0.0088125 -0.00697936
v 4.8616e-05 0.00138189 -0.0191688
v -0.0155343 0.00681213 -0.0147145
v -0.024019 0.00925892 -0.00488736
v -0.0149102 0.00282055 -0.0148924
v -0.0204654 0.00795038 -0.0098931
v -0.0203492 0.00669906 -0.00977927
v -0.0211595 0.00688064 -0.00878039
v -0.0168063 0.00279114 -0.0126861
v -0.0234984 0.015558 -0.00625189
v -0.0167667 0.00219193 -0.0123678
v -0.0228419 0.00300883 -0.00691275
v -0.0227628 0.00384849 -0.00730366
v -0.0218994 0.00320221 -0.00784288
v -0.010586 0.00310303 -0.0187398
v -0.0112606 0.00335858 -0.0180717
v -0.0055905 0.00365725 -0.0220769
v -0.0172223 0.00766621 -0.0130764
v -0.0188185 0.00841594 -0.0115384
v -0.0174477 0.00195539 -0.011459
v -0.0188069 0.00214711 -0.01027
v -0.024168 0.00575177 -0.00575504
v -0.0236962 0.00527412 -0.00647193
v -0.0218786 0.00822224 -0.00829932
v -0.0219005 0.0098705 -0.0081323
v -0.0214696 0.00741724 -0.00862443
v -0.0212798 0.0105429 -0.00870476
v -0.0205212 0.00983979 -0.00984668
v -0.0182688 0.00273296 -0.0112821
v -0.0128378 0.00222622 -0.016407
v -0.00957976 0.00338378 -0.0197604
v -0.00989055 0.00255851 -0.0194595
v -0.0126336 0.00645529 -0.0172048
v -0.0189135 0.0037185 -0.0110908
v -0.0189662 0.00439579 -0.0109724
v -0.0105308 0.00224413 -0.0186694
v -0.0098772 0.00194773 -0.0191807
v -0.0126438 0.00487909 -0.0171218
v -0.0207212 0.00527272 -0.00947411
v -0.0208811 0.00603586 -0.00918094
v -0.0198239 0.00443358 -0.0102584
v -0.0217429 0.00607944 -0.00825917
v -0.0221268 0.00534851 -0.00781063
v -0.00995399 0.00401245 -0.0192028
v -0.0100112 0.0052668 -0.0190561
v -0.00905812 0.00449996 -0.0199485
v -0.0117674 0.00174898 -0.0171379
v -0.0198318 0.00226712 -0.00940457
v -0.0204454 0.00402451 -0.0096498
v -0.0197604 0.00350614 -0.0101714
v -0.0109069 0.00177082 -0.0180125
v -0.0223247 0.00265723 -0.00713856
v -0.00306049 0.00189754 -0.0223714
v 0.00198762 0.0188991 -0.00935834
v 0.00148363 0.018979 -0.00881971
v 0.00198229 0.0190056 -0.00883932
v -0.00344966 0.01912 -0.011276
v 0.00294672 0.0188281 -0.00186512
v 0.00369881 0.0187247 -0.000375132
v 0.00208311 0.0192906 -0.00801654
v 0.00199436 0.0191194 -0.00842563
v 0.00144291 0.0190625 -0.00800895
v 0.00340831 0.0188571 -0.0040033
v 0.00242258 0.0195739 -0.0112166
v 0.00251662 0.0202314 -0.0109739
v 0.000880024 0.0189629 -0.00242577
v 1.88317e-05 0.0191075 0.000194286
v 0.00194994 0.0188112 0.000259436
v 0.000723884 0.0190085 0.00189473
v 0.000289098 0.018946 -0.0050306
v 0.001549 0.0189397 -0.00462786
v 0.0012852 0.0189749 -0.00601093
v -0.00559529 0.0189065 -0.0106692
v -0.00641934 0.0191695 -0.0124555
v -0.00755224 0.0191315 -0.0115847
v 0.00455899 0.0186467 -0.00569196
v 0.00214526 0.018993 -0.0112412
v 0.00231665 0.0192063 -0.0104888
v 0.00246013 0.0198388 -0.0102213
v 0.00236441 0.0193139 -0.00967416
v -0.00869631 0.0192969 -0.01228
v -0.00956244 0.0192342 -0.010775
v 0.000298868 0.0189472 -0.00403026
v -0.00112366 0.018962 -0.00450194
v 0.00249917 0.0200223 -0.00906643
v -0.00507009 0.0192243 -0.0124545
v 0.00481745 0.0188216 -0.00718328
v 0.00436504 0.0194909 -0.00751851
v 0.00247803 0.0209165 -0.00995438
v -0.00146559 0.0190965 -0.00157008
v -0.00367863 0.0191178 -0.000297332
v -0.00180377 0.0192449 0.000755607
v -0.00189483 0.0189682 -0.00992777
v 0.00245161 0.0208862 -0.011346
v 0.00236796 0.019562 -0.00833781
v 0.00255758 0.0203355 -0.00804754
v -0.00331573 0.0189105 -0.0034484
v -0.00551651 0.018824 -0.00259627
v 0.00236673 0.0196562 -0.00779287
v 0.000758407 0.0190247 -0.00751557
v 0.00134318 0.0190504 -0.0071707
v -0.00840809 0.0188202 -0.00801757
v -0.00736149 0.0188758 -0.00982222
v 0.00244132 0.0214252 -0.010653
v -0.0029771 0.0189707 -0.0101386
v -0.00359552 0.0188257 -0.00918098
v -0.00730368 0.0191109 -0.0137547
v -0.00669924 0.019152 -0.0134029
v -0.00646569 0.0190114 -0.0141315
v 0.00267338 0.0188446 -0.00505153
v 0.00337488 0.018734 -0.00563424
v 0.00249431 0.0189155 -0.00590845
v 0.00203079 0.0191862 -0.00760668
v 0.00350964 0.0187681 -0.00671566
v 0.00391036 0.0190039 -0.00745644
v 0.00250959 0.0218778 -0.0114293
v -0.00748458 0.0192071 -0.012828
v -0.00832839 0.0192273 -0.0134586
v -0.00197586 0.0191555 0.00519802
v -0.000756502 0.0191757 0.00286174
v -0.00333729 0.0192299 0.00273875
v -0.00736422 0.01909 -0.0147907
v -0.00707924 0.0190282 -0.0144166
v -0.00641708 0.0190217 -0.0150459
v 0.00263837 0.0219917 -0.00866143
v 0.000782307 0.0188178 0.00385164
v -0.00780745 0.0190438 -0.0142415
v 0.00235699 0.0189376 -0.00699486
v 0.00315309 0.0191833 -0.00743599
v -0.00737636 0.0186506 -0.00507586
v -0.00579432 0.0186312 -0.00786495
v -0.00945502 0.0192944 -0.0132224
v -0.00957991 0.019338 -0.0121514
v 0.000132327 0.0189751 -0.00657802
v -0.00503721 0.0187267 -0.00503419
v 0.00293139 0.0198627 -0.0075416
v 0.00348094 0.0202836 -0.00742966
v 0.0030188 0.0207818 -0.00755002
v -0.0104313 0.0192882 -0.0125552
v -0.00162331 0.0188819 -0.00750403
v -0.00333298 0.0188334 -0.00625354
v 0.00364626 0.0196827 -0.00747673
v 0.00281725 0.0213954 -0.00788978
v -0.00875165 0.019117 -0.0142913
v -0.00796968 0.019052 -0.0148798
v 0.0026018 0.0193402 -0.00757567
v 0.00132237 0.0188345 -0.0101021
v 0.00454964 0.0198374 -0.00747431
v 0.000146952 0.0189212 -0.00876687
v 0.00256365 0.0209175 -0.00866929
v 0.00297052 0.0212477 -0.00757475
v 0.0032949 0.0215018 -0.00758534
v 0.00358786 0.0208951 -0.00751243
v 0.00309313 0.0221594 -0.00764179
v 0.00364109 0.0185983 0.00170869
v 0.0039729 0.0183926 0.00397852
v 0.0064188 0.018482 0.00246416
v 0.00277382 0.0223263 -0.00791654
v 0.00227449 0.0185437 0.00384551
v 0.00186594 0.0187552 0.00231519
v 0.00164625 0.0187994 -0.0110535
v 0.00194296 0.0188719 -0.0106018
v 0.00226689 0.0192869 -0.00886627
v 0.0020673 0.0188822 -0.0100241
v -0.012411 0.0392602 -9.99828e-05
v -0.0128239 0.0404201 4.40989e-05
v -0.0158421 0.0400917 0.00275586
v -0.0167703 0.0405265 0.0027763
v -0.0171701 0.0398435 0.00288545
v -0.0192145 0.0342741 0.00335772
v -0.0179668 0.0339738 0.00329409
v -0.0183983 0.0351518 0.00342243
v -0.0124476 0.0395094 0.000723103
v -0.012195 0.038088 0.000489149
v -0.0173846 0.0408568 0.00277598
v -0.0164779 0.0410771 0.00248136
v -0.0180292 0.0411713 0.00260818
v -0.0136237 0.0412045 0.00109212
v -0.0137172 0.0412094 0.000506812
v -0.0143129 0.0414379 0.00100544
v -0.0126766 0.0402834 0.000952652
v -0.0125609 0.0400006 0.000318805
v -0.0181249 0.0324629 0.00324321
v -0.0190721 0.0331233 0.00329335
v -0.014359 0.0413069 0.00034149
v -0.0148327 0.0410481 0.00260603
v -0.0156826 0.0406761 0.00272204
v -0.0148547 0.0403746 0.00280596
v -0.0200577 0.0348897 0.00337874
v -0.0189831 0.041003 0.00267646
v -0.0142637 0.0398769 0.0028034
v -0.014129 0.040487 0.00274662
v -0.0186042 0.0387196 0.0032666
v -0.0185763 0.037905 0.00333866
v -0.0172845 0.0383776 0.00320877
v -0.0134416 0.0400507 0.00276969
v -0.0137652 0.0408686 0.00251237
v -0.01265 0.039834 -4.93407e-05
v -0.0124082 0.0384888 -0.000294305
v -0.0201563 0.0371553 0.0033135
v -0.017485 0.0353279 0.00337754
v -0.0162182 0.0348115 0.00319637
v -0.0167895 0.0361506 0.00330823
v -0.0181353 0.0403936 0.0029589
v -0.0181241 0.03934 0.00313163
v -0.0157868 0.0392871 0.00298045
v -0.0195623 0.0385557 0.0033206
v -0.0199477 0.0357878 0.00336762
v -0.0193484 0.0372531 0.00333154
v -0.0179321 0.0366467 0.00340872
v -0.0189287 0.0406686 0.00294936
v -0.0163887 0.0371439 0.00324103
v -0.0154436 0.0362715 0.00316591
v -0.0150842 0.0374205 0.00316247
v -0.0192846 0.0357899 0.00342775
v -0.0171345 0.0392245 0.00306643
v -0.016517 0.0328244 0.00314516
v -0.0200471 0.037882 0.00328615
v -0.0125201 0.0397224 0.000185283
v -0.017068 0.0366767 0.00332692
v -0.0153509 0.0383022 0.00314246
v -0.0130945 0.0409193 0.000775665
v -0.0186898 0.0398016 0.00294841
v -0.0181289 0.0398585 0.00294498
v -0.0193438 0.0400499 0.00302283
v -0.0198544 0.0364182 0.0033532
v -0.0191617 0.0393096 0.00316617
v -0.0202635 0.031865 0.0032632
v -0.0193226 0.0318794 0.0033159
v -0.0133322 0.0408576 4.0775e-05
v -0.0150132 0.039828 0.00280357
v -0.0160692 0.0415782 0.00129494
v -0.0154604 0.0412893 0.00183924
v -0.0151241 0.0413875 0.000629779
v -0.0145841 0.0413476 0.00155377
v -0.0143201 0.0411847 0.00205029
v -0.0155995 0.0415335 0.000935213
v -0.0151772 0.0415082 0.00121511
v -0.0139039 0.0411852 0.00156511
v -0.0133163 0.0410337 0.00156823
v -0.0135738 0.0411175 0.00200825
v -0.0128823 0.0406946 0.00147419
v -0.0130596 0.0406982 0.00217645
v -0.0127063 0.0402529 0.00180187
v -0.0125631 0.0396834 0.00218616
v -0.0126002 0.039796 0.00148707
v -0.0128049 0.0401218 0.00243776
v -0.0132306 0.0392596 0.00307034
v -0.0127103 0.0396195 0.00281996
v -0.0122242 0.039023 0.00164706
v -0.0122406 0.0384871 0.00229408
v -0.0123668 0.0391077 0.00254759
v -0.0121411 0.0376883 0.00182199
v -0.0127038 0.0388001 0.00306276
v -0.0142198 0.0391633 0.00303348
v -0.014747 0.0395561 0.00290869
v -0.0134338 0.0384468 0.00320115
v -0.0141975 0.0382682 0.0031913
v -0.0138883 0.0371249 0.00316031
v -0.0150966 0.0351896 0.00310761
v -0.0147308 0.0341937 0.00314184
v -0.0124075 0.0384579 0.00278931
v -0.0122446 0.0363338 0.00188069
v -0.0121688 0.0364517 0.00110027
v -0.0125521 0.0358071 0.0029641
v -0.0125075 0.0350375 0.00297536
v -0.0123462 0.0356077 0.00248844
v -0.0123214 0.0376519 0.00261892
v -0.0123233 0.0368509 0.00238755
v -0.0132484 0.0354243 0.00309524
v -0.0138127 0.034888 0.00314555
v -0.0135385 0.0343826 0.00310922
v -0.0145665 0.0378917 0.00318223
v -0.0127707 0.0377899 0.00312219
v -0.0142635 0.0355359 0.00312501
v -0.012498 0.037133 0.00292597
v -0.0123932 0.0370685 0.00272977
v -0.012126 0.0347352 0.00171035
v -0.0120966 0.0350033 0.000685163
v -0.012861 0.0342465 0.00300094
v -0.0124603 0.0364722 0.00280358
v -0.0128803 0.0366016 0.00304465
v -0.0126587 0.0332254 0.00293888
v -0.0136063 0.033144 0.00311277
v -0.0124391 0.0302531 0.00217173
v -0.0125141 0.0296322 0.00251844
v -0.0124911 0.0287483 0.00180122
v -0.0125163 0.0259658 0.00118434
v -0.0125319 0.02496 0.00181799
v -0.0124511 0.0242252 0.0011094
v -0.0124045 0.0310843 0.00225249
v -0.0125825 0.0306755 0.00255114
v -0.0125453 0.0239952 0.0020222
v -0.0125285 0.0230942 0.00218837
v -0.0124561 0.0232374 0.00159025
v -0.0131218 0.0290895 0.00311809
v -0.0137541 0.0297083 0.00322016
v -0.0138847 0.0281995 0.00327752
v -0.013135 0.0275686 0.00316434
v -0.0127741 0.0279313 0.00284697
v -0.0136274 0.0230497 0.00289409
v -0.0141642 0.0249217 0.00315992
v -0.0134586 0.0264959 0.00318449
v -0.0143176 0.0267633 0.00326689
v -0.0155045 0.0262633 0.00311749
v -0.0123317 0.0308232 0.00165258
v -0.0123271 0.0313014 0.000673953
v -0.012086 0.0326728 0.00169891
v -0.0122649 0.0318294 0.0021516
v -0.0124016 0.0317074 0.0025248
v -0.0120886 0.0336214 0.00212786
v -0.0126262 0.027395 0.00113036
v -0.0125424 0.0271502 0.00187399
v -0.0122327 0.0341945 0.0026123
v -0.0132043 0.0305924 0.00305401
v -0.0128109 0.0300456 0.0028583
v -0.0127202 0.0313006 0.00282578
v -0.0126008 0.0280358 0.000348437
v -0.0126546 0.0269019 0.000678124
v -0.0127069 0.0290534 0.00286931
v -0.0125142 0.0321141 0.00279041
v -0.0121833 0.0328051 0.00252193
v -0.0125939 0.0248376 0.00241918
v -0.0125214 0.0259193 0.00213374
v -0.0157852 0.0308814 0.00314962
v -0.0148187 0.0324197 0.0031751
v -0.0121072 0.0333557 0.000842735
v -0.0125694 0.0286424 0.00249967
v -0.0126144 0.0263314 7.75643e-06
v -0.0133865 0.025241 0.00308881
v -0.0130406 0.0254388 0.00293653
v -0.0151128 0.0280404 0.00329041
v -0.0125776 0.0278936 0.00232829
v -0.014674 0.0295884 0.00325725
v -0.0128937 0.0266838 0.00293672
v -0.0125334 0.0326518 0.00282676
v -0.016043 0.0293098 0.00321385
v -0.0126047 0.0268067 0.00253146
v -0.0121791 0.03385 0.000272239
v -0.0129947 0.0320636 0.00295691
v -0.0124168 0.0297629 0.000861296
v -0.0124782 0.0295962 -1.51774e-05
v -0.0126931 0.0239109 0.00257551
v -0.0131747 0.0243685 0.00293774
v -0.0125351 0.0223365 0.00222088
v -0.0124881 0.0225669 0.00162996
v -0.0128484 0.0230881 0.00268958
v -0.0127107 0.0257645 0.00267913
v -0.014108 0.0312717 0.00316214
v -0.0124274 0.0228136 0.000773096
v -0.0178234 0.0309339 0.00321655
v -0.0125879 0.0228154 -0.000499221
v -0.0124225 0.0240373 8.48547e-05
v -0.0123674 0.0323769 6.48528e-05
v -0.0124626 0.0251264 0.000372851
v -0.0128237 0.0248106 0.00276041
v -0.0205657 0.0292039 0.00269367
v -0.0204324 0.0286002 0.00289072
v -0.0203072 0.0290772 0.00303125
v -0.0181156 0.0281724 0.00320716
v -0.0173911 0.0292777 0.00318244
v -0.0190001 0.0293894 0.00333201
v -0.0198995 0.0306429 0.00334474
v -0.0199887 0.0292737 0.00323995
v -0.0199257 0.0283578 0.00320156
v -0.0206923 0.0283112 0.00246385
v -0.020403 0.0281929 0.00297974
v -0.020229 0.0286298 0.00311132
v -0.0190568 0.0306749 0.00335537
v -0.0193557 0.0274897 0.00317239
v -0.0204047 0.0274806 0.00289927
v -0.0206264 0.0311458 0.00291606
v -0.0203887 0.0299262 0.00300387
v -0.014699 0.0217761 0.00283965
v -0.0126592 0.0285563 -0.000635122
v -0.0141642 0.022191 0.00284416
v -0.0126447 0.0296103 -0.00073314
v -0.013 0.0291731 -0.00105291
v -0.0131664 0.0284359 -0.00118936
v -0.0128545 0.0276853 -0.00102378
v -0.0132423 0.0278405 -0.00120998
v -0.0126763 0.0256639 -0.000675868
v -0.0127101 0.0264816 -0.000547947
v -0.0136619 0.0269884 -0.0011952
v -0.0141109 0.0279164 -0.00124936
v -0.0132478 0.0272761 -0.00115883
v -0.0128743 0.0266658 -0.000902307
v -0.0133139 0.0264297 -0.00113466
v -0.0124623 0.0250802 -0.000228348
v -0.013277 0.0245422 -0.00117967
v -0.0133686 0.0254482 -0.00113774
v -0.0128322 0.0249322 -0.00101004
v -0.0125677 0.0308837 -0.000457486
v -0.0126571 0.027236 -0.00049055
v -0.0142365 0.0262781 -0.0011554
v -0.0125497 0.024396 -0.000654908
v -0.0128803 0.0238696 -0.00107764
v -0.0129568 0.0258311 -0.00100145
v -0.0139788 0.0249898 -0.00116886
v -0.0172652 0.0250654 0.00294259
v -0.0179652 0.0265346 0.00308072
v -0.0192539 0.0261902 0.00312224
v -0.0167138 0.030101 0.00319069
v -0.0166793 0.0277443 0.00317131
v -0.0167609 0.0264302 0.00300595
v -0.0171458 0.0259618 0.00297924
v -0.0151957 0.0246082 0.00308128
v -0.0160444 0.0248843 0.00292975
v -0.0165097 0.0256553 0.00293307
v -0.0156918 0.0240482 0.00302755
v 0.01659 0.0184214 0.0124798
v 0.0171214 0.0167557 0.01581
v 0.016821 0.0151499 0.0157295
v 0.017032 0.0155873 0.0146597
v 0.016774 0.0182482 0.0169649
v 0.0165488 0.0180889 0.0178418
v 0.0168975 0.0174143 0.0171745
v 0.0172906 0.0178711 0.0125515
v 0.0173534 0.0181427 0.0133255
v 0.017349 0.0175971 0.0133904
v 0.0172291 0.0146336 0.0111892
v 0.0173762 0.0151527 0.0102253
v 0.0170206 0.0152712 0.0110785
v 0.0158835 0.0107204 0.0166868
v 0.0160518 0.012916 0.0172983
v 0.0154931 0.0113516 0.018246
v 0.0163564 0.0112629 0.0152946
v 0.0167608 0.0117812 0.0138358
v 0.0165317 0.0132589 0.0155989
v 0.016132 0.0179953 0.0186533
v 0.0158755 0.0171463 0.0191877
v 0.0164443 0.0175392 0.0181812
v 0.0170202 0.0122027 0.0125288
v 0.0170425 0.012495 0.0126214
v 0.0169991 0.0127943 0.0128967
v 0.0164784 0.016776 0.0180123
v 0.0174044 0.0180489 0.0143292
v 0.0172682 0.0168863 0.0142098
v 0.0170811 0.0153319 0.0132702
v 0.0172664 0.0168974 0.0125099
v 0.0169438 0.0115221 0.0125888
v 0.0170448 0.0111691 0.0119902
v 0.0170353 0.0120374 0.0120068
v 0.0164637 0.0146124 0.0168578
v 0.0143975 0.0189665 0.0196308
v 0.014659 0.0188538 0.0190862
v 0.0138504 0.0191724 0.0194908
v 0.0151844 0.0186125 0.0186506
v 0.0149118 0.0186839 0.0195201
v 0.0157035 0.018427 0.0186905
v 0.015547 0.0182066 0.019523
v 0.0146648 0.00932629 0.0192136
v 0.0154448 0.0090965 0.0172885
v 0.0151155 0.010329 0.0186838
v 0.0159105 0.0185691 0.0177753
v 0.0161554 0.0183652 0.0182805
v 0.0168756 0.013986 0.0141759
v 0.0165928 0.00841907 0.0136652
v 0.0167043 0.00996509 0.0137531
v 0.0161512 0.00915931 0.0152326
v 0.017012 0.0159497 0.0106212
v 0.0170663 0.0158106 0.0116532
v 0.0147864 0.0188565 0.0183077
v 0.0171947 0.0166457 0.0105854
v 0.0170527 0.0165689 0.009988
v 0.0169761 0.0140127 0.0131885
v 0.0169799 0.0132717 0.0122059
v 0.016982 0.0142266 0.0123771
v 0.0169472 0.0106259 0.0121708
v 0.0171107 0.0183334 0.0128621
v 0.0171619 0.0183246 0.0122011
v 0.0173093 0.0172079 0.0110678
v 0.0132055 0.017717 0.0220597
v 0.0136765 0.0169728 0.0218528
v 0.0140934 0.0189457 0.0203548
v 0.0138781 0.0183453 0.021156
v 0.0147602 0.0184731 0.0202098
v 0.0130382 0.0192198 0.0208572
v 0.013447 0.0188849 0.0211267
v 0.0150223 0.0168924 0.0204006
v 0.014988 0.0177986 0.0203657
v 0.0163199 0.0184403 0.0144141
v 0.0163303 0.0184909 0.015013
v 0.0167818 0.0184212 0.0146867
v 0.0133669 0.0145361 0.0218648
v 0.013731 0.0158398 0.0217776
v 0.0170182 0.0125692 0.0123709
v 0.0144142 0.0143958 0.0208233
v 0.0143078 0.0166362 0.021186
v 0.016569 0.0184542 0.015559
v 0.0169381 0.0182401 0.0159822
v 0.0170811 0.0182647 0.0151918
v 0.0135566 0.0130924 0.021499
v 0.0148838 0.0113345 0.0196427
v 0.0144908 0.0126801 0.0205671
v 0.0143934 0.0116079 0.0204678
v 0.0142021 0.0174538 0.0212112
v 0.016721 0.0160764 0.017074
v 0.0160319 0.0153363 0.0184591
v 0.0154434 0.0160081 0.0197197
v 0.0129766 0.0190132 0.0213474
v 0.0137937 0.0114264 0.0211618
v 0.0142398 0.0105393 0.0203839
v 0.0129878 0.018314 0.0218984
v 0.0168448 0.0184074 0.0136665
v 0.0152306 0.0189424 0.0168156
v 0.0147425 0.0158425 0.0206744
v 0.0153537 0.0132682 0.0193981
v 0.0152395 0.0150449 0.0198326
v 0.0169264 0.0103811 0.0127352
v 0.0170577 0.0139245 0.011708
v 0.0169602 0.0147546 0.0115699
v 0.0130314 0.0187243 0.02158
v 0.0171244 0.0160387 0.010095
v 0.0173033 0.0138483 0.0110676
v 0.0159368 0.0187711 0.0156689
v 0.0163011 0.0186035 0.0164747
v 0.0159127 0.0185824 0.0136461
v 0.0159654 0.0186972 0.0148018
v 0.0169648 0.0184385 0.0115459
v 0.0152446 0.0190171 0.015157
v 0.014046 0.0190583 0.0179458
v 0.0141209 0.0190321 0.0163614
v 0.014304 0.0189766 0.0148549
v 0.0119353 0.0192487 0.019088
v 0.0116751 0.0188927 0.0171918
v 0.0130595 0.0190734 0.0175294
v 0.0131402 0.019248 0.0189211
v 0.0124069 0.0193548 0.0201298
v 0.0166009 0.0184831 0.0116484
v 0.0172685 0.0176398 0.0117591
v 0.0172284 0.0179895 0.0110801
v 0.0171972 0.0180666 0.0117758
v 0.0171718 0.016192 0.00943764
v 0.0172489 0.0177599 0.0153903
v 0.0171102 0.0177668 0.0162345
v 0.0171503 0.0130497 0.0117721
v 0.0172659 0.0163994 0.00863118
v 0.0171665 0.0180319 0.0158968
v 0.0169003 0.00908115 0.0124311
v 0.0172985 0.0126258 0.0111479
v -0.015703 0.0302785 -0.00100349
v -0.0174441 0.0308526 -0.000770037
v -0.0154692 0.0317278 -0.000926985
v -0.0131857 0.0309194 -0.000896038
v -0.013167 0.0301345 -0.000993939
v -0.0137842 0.0306439 -0.000977059
v -0.0121991 0.0363831 0.00026169
v -0.0121852 0.0348928 -0.000125345
v -0.0122786 0.0360278 -0.000357262
v -0.0202051 0.0312575 -0.000767164
v -0.0198228 0.0306617 -0.000771482
v -0.0204139 0.0309146 -0.000644921
v -0.0123202 0.0370314 -0.000281651
v -0.0138252 0.0292634 -0.00115747
v -0.0154199 0.0265456 -0.00102834
v -0.0125347 0.0373082 -0.000703124
v -0.0123921 0.0378741 -0.000317076
v -0.0125184 0.036379 -0.0007166
v -0.0152708 0.0290297 -0.00102415
v -0.0147036 0.0278034 -0.00114103
v -0.014916 0.027304 -0.00108815
v -0.0153006 0.0279786 -0.0010278
v -0.0163157 0.0265293 -0.000981432
v -0.0140764 0.0355743 -0.00105317
v -0.0134558 0.0363404 -0.00102485
v -0.0136946 0.0316499 -0.000929514
v -0.014685 0.0309199 -0.000959068
v -0.0128338 0.0344678 -0.000968869
v -0.0128409 0.0351294 -0.000960302
v -0.0124754 0.0350998 -0.000738698
v -0.0124026 0.0340982 -0.000518904
v -0.0125223 0.0325043 -0.000396056
v -0.0126161 0.0317846 -0.000457177
v -0.0128011 0.0321521 -0.000779562
v -0.013821 0.030034 -0.00104597
v -0.0145503 0.0301384 -0.00103888
v -0.0129139 0.0367744 -0.000962659
v -0.0128611 0.0358418 -0.000952525
v -0.0132577 0.0354802 -0.00101026
v -0.0153211 0.0362753 -0.00100275
v -0.0207403 0.030203 0.00240792
v -0.0208253 0.0281568 -0.000420622
v -0.0209894 0.0284699 0.000365822
v -0.0157836 0.0272605 -0.000959268
v -0.012604 0.0380649 -0.00072859
v -0.020498 0.0339392 -0.000611216
v -0.0207984 0.0339655 -0.000297372
v -0.0141377 0.0327846 -0.000998
v -0.0156615 0.0331425 -0.000975973
v -0.014332 0.0340448 -0.00106723
v -0.0123407 0.0334781 -0.000223911
v -0.0128877 0.0375524 -0.000966639
v -0.0167337 0.027921 -0.000906259
v -0.0130988 0.0328469 -0.000938862
v -0.0132566 0.0337625 -0.00103247
v -0.0126688 0.0338538 -0.000845752
v -0.020761 0.0292255 0.00218181
v -0.0209073 0.0297574 0.00172119
v -0.0209436 0.0286329 0.00148412
v -0.0167427 0.0295085 -0.000936229
v -0.021112 0.0315075 0.00132799
v -0.0210575 0.0326075 0.00184446
v -0.0210844 0.0328097 0.000701699
v -0.0200059 0.0290186 -0.000849113
v -0.0195377 0.0284181 -0.00104553
v -0.0202889 0.0281998 -0.000889361
v -0.0206252 0.0277981 -0.00074037
v -0.0206379 0.0281973 -0.000723156
v -0.017871 0.0292008 -0.000915802
v -0.0185558 0.0277938 -0.00104741
v -0.0171224 0.0322782 -0.000876183
v -0.0209649 0.0334311 9.27375e-05
v -0.0194337 0.0298528 -0.000829733
v -0.0196287 0.029246 -0.000828116
v -0.0199473 0.0297378 -0.000772288
v -0.0128775 0.0314332 -0.000760677
v -0.020983 0.0305946 0.00174505
v -0.0209656 0.0314505 0.0022246
v -0.0209871 0.0299663 0.000851454
v -0.0125787 0.0331126 -0.000628968
v -0.01663 0.0348698 -0.000836614
v -0.0164884 0.0360683 -0.000838106
v -0.0154286 0.0349242 -0.00097847
v -0.0152855 0.0340059 -0.00101059
v -0.0161759 0.0340352 -0.00094783
v -0.017 0.034279 -0.000931593
v -0.0174517 0.0336614 -0.000989844
v -0.0176207 0.0347964 -0.00087522
v -0.0171625 0.0354025 -0.0008577
v -0.0159296 0.0367641 -0.000872696
v -0.0210129 0.0311806 0.000511259
v -0.020826 0.0303946 7.55931e-05
v -0.0190342 0.0339085 -0.000958324
v -0.019692 0.0325948 -0.000814726
v -0.0200419 0.0339081 -0.000806497
v -0.0183378 0.0344101 -0.000938773
v -0.0187361 0.0266096 -0.00100377
v -0.0195798 0.0270619 -0.000986356
v -0.0207792 0.0293429 -0.000160724
v -0.0206517 0.0286551 -0.000639522
v -0.0189823 0.0291092 -0.000940367
v -0.0188347 0.030185 -0.000886856
v -0.020739 0.0273624 -0.000552807
v -0.0202791 0.0302187 -0.00070917
v -0.0204238 0.0293607 -0.000675184
v -0.0190271 0.0313454 -0.000761459
v -0.0184342 0.0319837 -0.000762454
v -0.0183614 0.0328884 -0.000900171
v -0.0199053 0.0315785 -0.000739319
v -0.0206214 0.030212 -0.000428941
v -0.020394 0.0333448 -0.000695843
v -0.0203844 0.0317345 -0.000678325
v -0.0207871 0.0314228 -0.000160773
v -0.0206894 0.0327271 -0.000358204
v -0.0133326 0.0346475 -0.0010762
v -0.0189785 0.0190056 0.00676198
v -0.018557 0.0191224 0.00798846
v -0.0182188 0.0189828 0.00707504
v -0.0172507 0.0189047 0.00713463
v -0.0160788 0.0187821 0.00654021
v -0.0180119 0.0188382 0.00633843
v -0.0155023 0.0193304 0.0101467
v -0.015675 0.0193272 0.0123583
v -0.0131686 0.0192961 0.0118842
v -0.0171026 0.0192491 0.012669
v -0.0159298 0.0191062 0.013779
v -0.0157015 0.0190639 0.00791589
v -0.0138535 0.0192078 0.00820138
v -0.0173343 0.0193039 0.00902564
v -0.0175269 0.0194412 0.0109997
v -0.0188737 0.0193542 0.00949474
v -0.0200852 0.0191955 0.0080423
v -0.0271362 0.0181007 0.000737479
v -0.0271883 0.0174953 0.00160042
v -0.0263035 0.0168304 0.00477899
v -0.0267036 0.0175391 0.00356818
v -0.0265718 0.0157298 0.00408691
v -0.0271192 0.016473 0.00148014
v -0.0271162 0.0172163 0.00063133
v -0.0267483 0.014867 0.00302039
v -0.0269271 0.0151476 0.00187835
v -0.0265155 0.0131525 0.00249377
v -0.025405 0.0143771 -0.00316466
v -0.0261653 0.0160647 -0.00217486
v -0.0251942 0.018746 0.00580292
v -0.0256139 0.0189089 0.00484858
v -0.0259556 0.0179429 0.00503145
v -0.0269754 0.0164172 0.00256459
v -0.0269875 0.0184199 0.00255608
v -0.0269743 0.0179142 1.44102e-06
v -0.0263456 0.013791 0.00400346
v -0.0268801 0.0157506 0.00054204
v -0.0271291 0.0176905 0.00239619
v -0.0266871 0.0184939 0.00322723
v -0.026499 0.0188037 0.00267807
v -0.0265086 0.0140384 -0.000130645
v -0.0267409 0.0142635 0.00114462
v -0.0262207 0.018469 0.00401274
v -0.0264388 0.0129785 0.000996103
v -0.0260739 0.0188984 0.00341028
v -0.025457 0.0191436 0.00410161
v -0.0248483 0.0191838 0.00544165
v -0.0246602 0.0192129 0.00471261
v -0.0251623 0.0191821 0.00479688
v -0.0267605 0.0170225 -0.000599281
v -0.0259078 0.0188816 0.00406572
v -0.0260613 0.0143433 -0.00168231
v -0.0266099 0.0155741 -0.000779476
v -0.0260682 0.0115568 0.00411256
v -0.0196236 0.0166612 0.0120041
v -0.0200115 0.0146058 0.011574
v -0.0190018 0.0151521 0.0124695
v -0.0251483 0.0125847 0.0063614
v -0.0257157 0.0129159 0.00538373
v -0.0253462 0.0113 0.00599583
v -0.0163484 0.016217 0.0146272
v -0.0179362 0.0172274 0.0133078
v -0.0178817 0.0158361 0.0133779
v -0.0260859 0.0146109 0.00507353
v -0.0201647 0.019299 0.0094219
v -0.0194319 0.0193985 0.0106748
v -0.0168673 0.0178979 0.0141319
v -0.0168526 0.0187156 0.014017
v -0.0175316 0.0185978 0.0134408
v -0.0189701 0.013815 0.012322
v -0.0197434 0.0124404 0.0116136
v -0.0244009 0.0143594 0.00769992
v -0.0253766 0.0143612 0.00632265
v -0.0245693 0.0125879 0.00725253
v -0.0182916 0.0188132 0.0127427
v -0.0174882 0.0190182 0.0131768
v -0.0179528 0.0191821 0.012518
v -0.0256507 0.0170462 0.00585811
v -0.0179706 0.0182437 0.0131524
v -0.0188923 0.0181741 0.0125012
v -0.0214317 0.0157456 0.0106436
v -0.0211266 0.0130547 0.0105974
v -0.0246672 0.0191686 0.00611471
v -0.0204285 0.0188467 0.0108937
v -0.020497 0.0184724 0.0110389
v -0.01996 0.0187697 0.0113466
v -0.020824 0.0191087 0.0103227
v -0.02147 0.0192119 0.00934828
v -0.0220122 0.0190029 0.00943663
v -0.0243155 0.0103523 0.00760927
v -0.0249066 0.0113618 0.00681298
v -0.0210703 0.018599 0.0105663
v -0.0216002 0.0187781 0.0100639
v -0.0246225 0.0187819 0.00669569
v -0.0250301 0.017904 0.00646042
v -0.021136 0.0192763 0.00877938
v -0.0241135 0.0182585 0.00752083
v -0.0256727 0.0113711 0.00522657
v -0.0226677 0.0185026 0.00940691
v -0.0227513 0.0190062 0.00869014
v -0.0233993 0.0186313 0.00825026
v -0.0190145 0.0193041 0.0116501
v -0.0198482 0.0191577 0.0112244
v -0.0192218 0.0188313 0.0118771
v -0.0239336 0.0190422 0.00739336
v -0.0210162 0.017741 0.0109507
v -0.0223146 0.0193345 0.00838431
v -0.0223682 0.0174039 0.00998565
v -0.0229134 0.0159399 0.00939129
v -0.0234346 0.0120155 0.00851256
v -0.0215957 0.0193413 0.00735536
v -0.0182653 0.0193292 0.0118401
v -0.0259804 0.0158101 0.00550201
v -0.0234702 0.0145323 0.00873789
v -0.0224461 0.0137058 0.0095666
v -0.0218481 0.0183977 0.0101954
v -0.0239945 0.0161031 0.00828668
v -0.0250566 0.0160818 0.00692072
v -0.0242018 0.0192378 0.00649912
v -0.0236774 0.0192602 0.00691465
v -0.0237458 0.0192618 0.00568565
v -0.0198716 0.0182267 0.0116131
v -0.0220634 0.0187222 0.00979015
v -0.017964 0.0141446 0.013043
v -0.0234529 0.0175698 0.00875868
v -0.0220284 0.0112516 0.00979291
v -0.0167624 0.0190554 0.0136174
v -0.024499 0.0172505 0.0074639
v -0.0250882 0.017096 0.00668634
v -0.0205549 0.0105288 0.0109181
v -0.0243444 0.0191962 0.00597251
v -0.0228478 0.0193614 0.00704375
v -0.0232492 0.0192724 0.0078643
v -0.0206661 0.0192636 0.0097786
v -0.0185176 0.0191469 0.0121329
v -0.0161664 0.0188722 0.0142876
v -0.0166869 0.0143776 0.0140991
v -0.0109046 0.0192311 0.00688589
v -0.0117236 0.0192282 0.00477005
v -0.0123951 0.0192515 0.00651368
v -0.00842548 0.019047 0.00673859
v -0.0108663 0.0192276 0.00391051
v -0.0090154 0.0190823 0.00304711
v -0.00741209 0.0189612 0.00165744
v -0.00948825 0.0190125 0.00115066
v -0.0130384 0.019245 0.00263556
v -0.0127541 0.0192592 0.00235147
v -0.0128658 0.0198592 0.00239277
v -0.0107741 0.0190839 0.00191618
v -0.0120918 0.0191257 0.00213858
v -0.0123268 0.0191607 0.00330242
v -0.0061752 0.0190147 0.00407504
v -0.0083501 0.0188974 6.6773e-05
v -0.00994438 0.0189935 0.000195059
v -0.0127358 0.0191944 0.00440752
v -0.0113566 0.0189761 -0.00743078
v -0.0105986 0.0188328 -0.00592956
v -0.0104522 0.0190485 -0.00835691
v -0.0139854 0.0214037 0.00276384
v -0.0160062 0.01923 0.00287056
v -0.016139 0.0199405 0.00288424
v -0.016634 0.0190851 0.00317048
v -0.0135177 0.0197106 0.00269469
v -0.0150428 0.0209309 0.00285101
v -0.0134092 0.0204302 0.002767
v -0.013064 0.0201953 0.00263335
v -0.013328 0.0209969 0.00272063
v -0.0140654 0.0206326 0.00280565
v -0.0140521 0.0200674 0.00276279
v -0.0139218 0.0190997 0.00293518
v -0.0134377 0.0191185 0.00294357
v -0.0128129 0.0207044 0.00237112
v -0.0145084 0.0194336 0.00276074
v -0.0149037 0.0200524 0.00284073
v -0.0145414 0.019028 0.00336069
v -0.0129388 0.0212018 0.00261519
v -0.0154192 0.0194692 0.00285307
v -0.0156373 0.0190734 0.00309128
v -0.0151218 0.0190346 0.0030366
v -0.0136837 0.019096 0.00377149
v -0.0129982 0.0191221 0.00333111
v -0.0160105 0.0190403 0.003273
v -0.016251 0.019 0.00373408
v -0.0154427 0.0190306 0.0036867
v -0.0133738 0.0219581 0.00275504
v -0.012945 0.022339 0.00274192
v -0.00383413 0.0190968 0.00572899
v -0.0131992 0.0214528 0.00270352
v -0.00634354 0.0188434 -0.000301927
v -0.0053475 0.0190486 0.00159481
v -0.0125405 0.0218653 0.00145865
v -0.0127254 0.0215774 0.00233006
v -0.0126773 0.021437 0.000269567
v -0.0153174 0.0188601 0.00445506
v -0.0153227 0.0187661 0.00549445
v -0.0146456 0.0189857 0.00435729
v -0.0127651 0.0205254 -0.00043541
v -0.0132263 0.0207743 -0.00104133
v -0.0127727 0.0214806 -0.000716735
v -0.0130666 0.0216065 -0.00112985
v -0.0127812 0.0192002 -0.000932903
v -0.0123156 0.0191925 -0.000902232
v -0.0123766 0.0189159 -0.0017659
v -0.0119205 0.0191256 -0.000451369
v -0.012616 0.0196286 -0.000397077
v -0.01293 0.0198543 -0.000871741
v -0.0137505 0.019108 0.00563508
v -0.0146908 0.0189969 0.00682644
v -0.0134437 0.0197727 -0.00108
v -0.013864 0.0202734 -0.00106184
v -0.0160739 0.0187889 0.00444665
v -0.0123695 0.0191819 -0.00853521
v -0.0128139 0.020151 0.0005101
v -0.0144196 0.0207414 -0.00108858
v -0.0138757 0.0211259 -0.00113268
v -0.0153914 0.0188487 0.00657584
v -0.0118748 0.0192265 0.00882051
v -0.0156982 0.0197904 -0.00099864
v -0.0146965 0.0198963 -0.00106868
v -0.0140659 0.0194819 -0.00107154
v -0.0118277 0.0190846 -0.00123831
v -0.011235 0.018874 -0.00214447
v -0.0108254 0.0188876 0.000742502
v -0.0107389 0.0189829 0.000154738
v -0.0106934 0.0190062 -0.000449636
v -0.00937771 0.0188989 -0.000789417
v -0.0127201 0.0209574 0.0014153
v -0.0114481 0.0189727 0.000236891
v -0.0118897 0.0190834 0.000964283
v -0.0127836 0.0201443 0.00161902
v -0.012561 0.0192865 0.00134375
v -0.0127638 0.019512 0.00182934
v -0.0126344 0.0193958 0.00060891
v -0.0121669 0.0191748 0.000265106
v -0.0113731 0.0193178 -0.00990889
v -0.0127537 0.0196951 0.00118809
v -0.0125189 0.0193025 -2.53043e-05
v -0.0127491 0.0196257 0.000119635
v -0.0124804 0.0189192 -0.00698816
v -0.0159642 0.0190795 -0.00107292
v -0.0166951 0.0190473 -0.00110809
v -0.0146416 0.0191504 -0.00119244
v -0.015267 0.0192722 -0.00104199
v -0.0153831 0.0189887 -0.00151488
v -0.0164316 0.0189718 -0.00159961
v -0.0141441 0.0191209 -0.0013595
v -0.0144521 0.0190251 -0.00179644
v -0.0157185 0.0188184 -0.00234
v -0.013175 0.0193442 -0.0010201
v -0.013654 0.0191258 -0.00130682
v -0.0136288 0.0189933 -0.00191398
v -0.0142671 0.018731 -0.00259842
v -0.0131038 0.0189426 -0.00147905
v -0.0135392 0.0186216 -0.00284415
v -0.013193 0.0188322 -0.00225589
v -0.0111325 0.0190085 -0.00117075
v -0.00996585 0.0188921 -0.00161867
v -0.00967187 0.0187959 -0.00340478
v -0.0115247 0.0187323 -0.0036795
v -0.0128921 0.0186202 -0.00307389
v -0.0153969 0.0186648 -0.00323686
v -0.0141799 0.0185275 -0.00353176
v -0.0159743 0.0187418 -0.00441428
v -0.00803471 0.0188273 -0.00186098
v -0.0135277 0.0186984 -0.00520999
v -0.0119496 0.0187766 -0.00259521
v -0.0174698 0.019075 0.0033036
v -0.0171133 0.0194575 0.00287895
v 0.00905988 0.00202382 0.0223807
v 0.00966324 0.0013721 0.0223137
v 0.0102241 0.00230405 0.0221543
v 0.00666428 0.000928342 0.0207452
v 0.00922173 0.000815555 0.020873
v 0.0085158 0.00109479 0.0223354
v 0.00742583 0.00136641 0.0227047
v 0.0156912 0.00228713 0.0161941
v 0.0153955 0.00109567 0.0164674
v 0.015655 0.00124335 0.0149883
v 0.00856761 0.00809152 0.0233721
v 0.00761871 0.00793456 0.0233998
v 0.00830351 0.00691868 0.0232984
v 0.0108068 0.000604108 0.0196323
v 0.0019809 0.00462814 0.0229422
v 0.00305396 0.00367948 0.0228558
v 0.00372337 0.00539789 0.0230142
v 0.016047 0.0030936 0.0147197
v 0.0162287 0.00193438 0.0137154
v 0.00357284 0.00202028 0.0228418
v 0.00377518 0.00262231 0.0228723
v 0.00303815 0.00222549 0.0229013
v -0.00116276 0.00401499 0.0230348
v 0.00315558 0.00153105 0.0228697
v 0.00410595 0.00189887 0.0228703
v 0.0160394 0.00187284 0.0147973
v 0.000105322 0.000278547 0.0198174
v 0.0152976 0.00210908 0.0172631
v 0.0149635 0.00177717 0.0179261
v 0.0135828 0.00150126 0.0198353
v 0.0128928 0.00211927 0.0206965
v 0.0127129 0.00132439 0.020466
v 0.0142086 0.000988051 0.0177943
v 0.0140769 0.00191706 0.0193678
v 0.0145358 0.00200815 0.0187057
v 0.0130643 0.00085105 0.019006
v 0.0152871 0.00415145 0.0167864
v 0.00263214 0.00189166 0.0228339
v -0.000420499 0.00162728 0.0229017
v 0.00124948 0.00218509 0.022889
v 0.00107388 0.00318696 0.0228592
v 0.0116237 0.00130755 0.0211289
v 0.012187 0.000753045 0.0195123
v 0.0124771 0.00398514 0.0207947
v 0.0122049 0.00282131 0.0211602
v 0.0129563 0.00295301 0.0205941
v 0.0105664 0.00119053 0.0216821
v 0.0145752 0.00451701 0.0182215
v 0.0148171 0.00361582 0.0179212
v 0.000224163 0.00477241 0.0230976
v 0.0166931 0.00393057 0.0128884
v 0.0014396 0.0015341 0.0229999
v 0.00230315 0.00133117 0.0229735
v 0.00209959 0.00166611 0.0229703
v 0.0148636 0.00768331 0.0181227
v 0.0154444 0.00662364 0.0166012
v 0.00630047 0.00130063 0.0224297
v 0.00413759 0.0021634 0.0229179
v 0.00507815 0.00223957 0.0228744
v -0.00160215 0.00229111 0.0230617
v -0.000620743 0.00313896 0.0229728
v 0.0135692 0.00248322 0.020077
v 0.0164091 0.00337463 0.0137624
v 0.00442399 0.00101057 0.0214579
v 0.0018929 0.00192325 0.0229135
v 0.00926324 0.00773552 0.0233307
v 0.00167626 0.000749514 0.0217269
v 0.0131629 0.0100711 0.0215771
v 0.0126642 0.00868342 0.0216846
v 0.0136594 0.0087802 0.0206313
v 0.0104939 0.0076985 0.0230417
v 0.0108429 0.00922583 0.0228693
v 0.00939082 0.00876661 0.0231468
v 0.0041529 0.0013283 0.0228306
v 0.016854 0.00504807 0.0119837
v 0.016782 0.00392856 0.0121965
v 0.00539433 0.00149725 0.0229033
v 0.0156586 0.00124127 0.013283
v 0.0083016 0.00412201 0.0224998
v 0.00720515 0.00331239 0.0227022
v 0.0083986 0.00271478 0.0226083
v 0.0158134 0.00785697 0.0158962
v 0.011977 0.00542886 0.021298
v 0.0126957 0.00707848 0.0213108
v 0.0114487 0.00673587 0.0221535
v 0.0122031 0.00191721 0.021201
v 0.00702916 0.00470214 0.0227308
v 0.00821701 0.0055097 0.0227911
v 0.00719142 0.00597272 0.0229936
v 0.0142888 0.00765409 0.0192156
v 0.0145397 0.00599223 0.0183237
v 0.0137633 0.0102682 0.0209499
v 0.00589154 0.0056963 0.0229477
v 0.00679717 0.00702512 0.0232266
v 0.0111114 0.00563495 0.0219301
v 0.014798 0.00270413 0.0182286
v 0.0152018 0.00291513 0.0173078
v 0.0163821 0.00489701 0.0138856
v 0.0141534 0.00277781 0.0193068
v 0.0135476 0.00372345 0.0199629
v 0.00948127 0.00497827 0.0223481
v 0.00946942 0.00345934 0.0222314
v 0.0117156 0.00814953 0.022342
v 0.00768798 0.00267984 0.0227325
v 0.00711671 0.00253454 0.0227545
v 0.00628461 0.00275472 0.0227532
v 0.00660875 0.00204791 0.0228628
v 0.00906359 0.00611902 0.0229571
v 0.00525135 0.0037797 0.0227701
v 0.00762972 0.00218958 0.0226821
v 0.00958978 0.00684758 0.023116
v 0.0109703 0.00402512 0.0216842
v 0.0120864 0.00959068 0.022324
v 0.0130439 0.0053069 0.020398
v 0.00230696 0.00246191 0.0228925
v 0.0114378 0.0023444 0.0216361
v 0.00934118 0.00255887 0.0224062
v 0.0139372 0.00502313 0.0192646
v 0.00982153 0.00602917 0.0227021
v 0.00829169 0.00190757 0.0226054
v 0.015849 0.00493073 0.0154039
v 0.0166934 0.00550999 0.0127581
v 0.0167046 0.00714736 0.0129622
v 0.0162039 0.00696934 0.0146725
v 0.0109964 0.00178805 0.0218542
v 0.00986319 0.00973368 0.0229976
v 0.0136964 0.00657275 0.0198262
v 0.0104086 0.00548311 0.0222112
v 0.0143015 0.00374513 0.0188607
v 0.0105026 0.00647116 0.0226193
v -0.00169909 0.0189878 -0.0234829
v -0.0029258 0.019019 -0.0233125
v -0.00237953 0.0192895 -0.0229732
v 0.00306235 0.017908 -0.0242286
v 0.00401043 0.0172647 -0.0242469
v 0.00227768 0.0169847 -0.0243415
v -0.00428867 0.0176555 -0.0233732
v -0.00293185 0.0165867 -0.0236975
v -0.00430609 0.0155774 -0.023307
v 0.00334191 0.0189997 -0.0156637
v 0.00416722 0.0189011 -0.0160058
v 0.00309452 0.0191231 -0.0233176
v 0.0044182 0.0193114 -0.0231812
v 0.00425122 0.0189663 -0.0236227
v -0.00163571 0.017568 -0.0238847
v -0.000553236 0.0181059 -0.0240418
v 0.000157719 0.0173051 -0.024255
v 0.00157757 0.0180217 -0.0243131
v -0.00323073 0.019406 -0.0229899
v -0.000311662 0.0187635 -0.0238047
v -0.000729327 0.0190908 -0.0232697
v 0.000582388 0.0190096 -0.0233239
v -0.000223493 0.0191435 -0.0229194
v 0.000562033 0.0191527 -0.022876
v 0.00358359 0.0183814 -0.0240319
v 0.00462123 0.0180538 -0.0241404
v -0.00239888 0.0184789 -0.0236381
v 0.000375432 0.0182484 -0.0241793
v -0.00459933 0.0115997 -0.0230838
v -0.00492797 0.0119675 -0.022869
v -0.00418086 0.0132133 -0.0232203
v -0.00149866 0.0192393 -0.0229841
v -0.00192076 0.0192813 -0.0225846
v -0.00479009 0.0143396 -0.0231027
v -0.0054619 0.0151764 -0.022854
v -0.00132125 0.0184346 -0.0238306
v -0.00528601 0.0133162 -0.0228397
v -0.00302759 0.0108357 -0.0234218
v -0.00396828 0.0110289 -0.0232833
v -0.00290903 0.0122451 -0.0235275
v -0.00301105 0.0178248 -0.0236679
v 0.00357733 0.0146957 -0.0239584
v 0.00246149 0.0159057 -0.024188
v 0.00435129 0.0161093 -0.0241787
v -0.00640677 0.0178171 -0.0225145
v -0.00647537 0.0162992 -0.0224362
v -0.00716312 0.0174537 -0.0220879
v -0.0054667 0.0169094 -0.0229703
v -0.00554804 0.0183715 -0.0228681
v 0.00255453 0.018463 -0.024034
v -0.00361781 0.01855 -0.0233965
v 0.00126593 0.0186838 -0.023909
v 0.0033798 0.0187442 -0.0237879
v 0.00512986 0.0187077 -0.0238995
v 0.00424581 0.0185944 -0.023932
v -0.00686119 0.0189318 -0.0219062
v -0.00566154 0.0190293 -0.0224664
v -0.00623622 0.0186643 -0.0224386
v 0.00166913 0.0191693 -0.0227033
v -0.00702844 0.0191311 -0.0210739
v -0.00835526 0.0191378 -0.0206906
v -0.00863132 0.0191768 -0.0196925
v -0.00647662 0.0135712 -0.0223728
v -0.0047073 0.0187678 -0.023091
v -0.00790929 0.0189472 -0.0213434
v -0.00855306 0.0182882 -0.0211821
v -0.00885983 0.0187566 -0.0207346
v -0.00108734 0.0157626 -0.0238486
v -0.00277645 0.0144894 -0.0235378
v -0.0075283 0.0181494 -0.021894
v -0.00701764 0.0183999 -0.0221136
v 0.0017526 0.0151762 -0.0240174
v 0.000540083 0.0146348 -0.0238637
v 0.000896175 0.0160557 -0.0241631
v -0.00100226 0.0191412 -0.0224952
v -0.000886357 0.0191589 -0.0229287
v -0.00105508 0.0131826 -0.0236921
v -0.00171239 0.0103253 -0.0235296
v 0.00131492 0.0126915 -0.0237653
v 0.00198446 0.0142616 -0.0238987
v -0.00525937 0.0192357 -0.0216364
v -0.0062081 0.019127 -0.0218551
v -0.00212265 0.0193639 -0.0210176
v -0.000535857 0.0192766 -0.0216436
v -0.00162207 0.0193029 -0.0219975
v -0.00276092 0.0194791 -0.0223741
v -0.0038807 0.0191607 -0.0231214
v -0.00471599 0.0193934 -0.0227234
v -0.00250763 0.00828183 -0.0233763
v -0.000617988 0.00763066 -0.0234715
v -0.00222036 0.00668825 -0.0232793
v -4.63927e-05 0.00953602 -0.0235195
v -0.00396368 0.0192309 -0.020879
v -0.00511389 0.0191158 -0.0206525
v -0.00477476 0.0189562 -0.0199065
v -0.00638264 0.0191042 -0.0198779
v -0.00332439 0.00974134 -0.0233788
v -0.00370796 0.019449 -0.0218631
v -0.00308925 0.0188514 -0.0195992
v -0.00587821 0.0188001 -0.0226141
v -0.0043027 0.018716 -0.0189252
v -0.00761859 0.018506 -0.0217714
v -0.00798828 0.0176633 -0.0216112
v -0.00542914 0.0188735 -0.018993
v -0.00458485 0.0186553 -0.0178766
v -0.0055777 0.0190294 -0.0157806
v -0.0052854 0.0190043 -0.0151307
v -0.00558723 0.0189641 -0.0167522
v -0.00645017 0.0191118 -0.015925
v -0.00730998 0.0190762 -0.0155011
v -0.00636288 0.0189879 -0.0180409
v -0.0071395 0.0191079 -0.016666
v -0.00833474 0.0191028 -0.0178604
v -3.46632e-05 0.011267 -0.0236616
v -0.00843933 0.019098 -0.0158143
v -0.00380316 0.0194814 -0.0226753
v 0.00245625 0.0188173 -0.0237089
v -0.00499492 0.0190446 -0.0146817
v -0.00474395 0.0190129 -0.015565
v -0.00459111 0.0189482 -0.0160891
v -0.00389757 0.0189882 -0.0157349
v -0.00390769 0.0188553 -0.016135
v -0.00320644 0.0188448 -0.0159654
v -0.00378911 0.0186947 -0.0166553
v 0.00151339 0.0184797 -0.0165952
v 0.00311169 0.018738 -0.0165667
v -0.00178992 0.0186191 -0.0161016
v 0.00228418 0.0192733 -0.0215194
v 0.000397199 0.0191098 -0.0203681
v 0.00308659 0.0191453 -0.0202203
v -0.00252981 0.0185277 -0.0174376
v 4.76757e-05 0.018447 -0.0172681
v -0.00120537 0.0187007 -0.0187093
v -0.0032449 0.0185981 -0.0185235
v 0.002737 0.0188964 -0.0158577
v -0.00149844 0.0190143 -0.0198042
v 0.000830796 0.0192308 -0.0217376
v 0.00482039 0.0194847 -0.0216036
v 0.00340446 0.0193899 -0.0225218
v 0.00390206 0.0194322 -0.0216105
v 0.00507723 0.0191591 -0.0235891
v 0.00211596 0.0185513 -0.0174423
v 0.000302785 0.0191916 -0.022441
v 0.00462059 0.0188076 -0.0168381
v 0.00185812 0.0189761 -0.0234133
v 0.00457711 0.0193692 -0.0208424
v 0.00175265 0.0187207 -0.0186461
v 0.00557346 0.0193333 -0.0232083
v 0.00381586 0.0187398 -0.0179192
v 0.00359821 0.0189251 -0.0190387
v -0.00437971 0.0194057 -0.0223862
v -0.00880198 0.0189218 0.0194925
v -0.00893712 0.0188098 0.0203922
v -0.00799173 0.0188568 0.0206103
v -0.00439523 0.0190098 0.0207978
v -0.00661178 0.018903 0.0208592
v -0.00495105 0.0189994 0.0219857
v -0.0141912 0.0186062 0.0163883
v -0.0135356 0.0186311 0.0170287
v -0.0138471 0.0187499 0.0165085
v -0.002975 0.018814 0.0232763
v -0.00218872 0.0187431 0.0233758
v -0.0026934 0.0189478 0.0223498
v -0.0152574 0.018692 0.015427
v -0.0147774 0.0187648 0.0157421
v -0.0152636 0.018953 0.0149919
v -0.0142829 0.0189073 0.01586
v -0.0103713 0.0188957 0.0190745
v -0.00970985 0.0188444 0.0197684
v -0.00255496 0.0156102 0.0240727
v -0.00342131 0.0173855 0.0239803
v -0.00159083 0.018177 0.0241489
v -0.003753 0.0186569 0.0233631
v -0.00299229 0.0185473 0.0237487
v -0.00247986 0.0181811 0.0240147
v -0.00340312 0.0182615 0.0238614
v -0.00430605 0.0181905 0.0235958
v -0.0101054 0.0189643 0.0184873
v -0.00251956 0.0185761 0.023699
v -0.00773928 0.0179923 0.0220977
v -0.00765037 0.0186315 0.0216831
v -0.00845818 0.0184543 0.0213015
v -0.00189102 0.0184595 0.0238496
v -0.00153147 0.0188392 0.0219368
v -0.00156368 0.0187811 0.0230046
v -0.00380344 0.0189649 0.0225117
v -0.00155726 0.0186058 0.0236053
v -0.00669509 0.0188234 0.0218886
v -0.0058507 0.0188371 0.0219316
v -0.00913236 0.0185049 0.0207607
v -0.0096937 0.0186205 0.0201705
v -0.00982673 0.0181834 0.020352
v -0.00823832 0.0187106 0.0210012
v -0.0126764 0.0191155 0.0145425
v -0.0108609 0.019039 0.0140563
v -0.0123779 0.0188277 0.0173819
v -0.0130088 0.0187728 0.01721
v -0.0129905 0.0183623 0.0180577
v -0.0134714 0.0189238 0.0163853
v -0.011008 0.0189595 0.0183953
v -0.01143 0.0187245 0.018722
v -0.0114949 0.0188607 0.0180769
v -0.0120662 0.0187316 0.018061
v -0.00752213 0.0188282 0.0211787
v -0.00682227 0.0188627 0.0190555
v -0.0127079 0.0189831 0.0167426
v -0.00897032 0.0189434 0.0179588
v -0.00444553 0.0189297 0.0227963
v -0.00478453 0.0186599 0.0230531
v -0.0107842 0.0189812 0.0175528
v -0.0117832 0.0189418 0.0175268
v -0.00322288 0.0188257 0.0197838
v -0.00497542 0.0187147 0.0182216
v -0.0018737 0.0187798 0.0203638
v -0.00246302 0.018713 0.0184779
v -0.00397487 0.0186348 0.0169572
v -0.00513079 0.0188772 0.0225323
v -0.00580006 0.0186519 0.0224784
v -0.00408544 0.0186381 0.016017
v -0.00319521 0.0186513 0.0163072
v -0.0106036 0.0185184 0.0195855
v -0.0117769 0.0190278 0.0163357
v -0.0130391 0.0190608 0.0158205
v -0.00822191 0.0188672 0.0136089
v -0.00927367 0.0188222 0.0147233
v -0.00811964 0.018748 0.0154786
v -0.000859367 0.018636 0.0196806
v -0.00226207 0.01871 0.0169945
v -0.014874 0.0183912 0.0158125
v -0.00613149 0.0187321 0.0171117
v -0.0072959 0.0187771 0.0170529
v -0.0158267 0.0184954 0.0149182
v -0.00694604 0.0184678 0.0222546
v -0.00959674 0.0189608 0.0134476
v -0.00644775 0.0186273 0.0223073
v -0.00650217 0.0186737 0.0165508
v -0.00555028 0.0186434 0.0168038
v -0.0142082 0.0191384 0.0145389
v -0.0027327 0.0189529 0.0210474
v -0.00521688 0.0186648 0.0160819
v -0.00616103 0.0187066 0.0161549
v -0.00699088 0.018772 0.0159377
v -0.00969588 0.0189188 0.016168
v -0.00547464 0.0188324 0.0137617
v -0.0067915 0.0188518 0.0139428
v -0.00616246 0.0187295 0.015247
v -0.00447489 0.0160439 0.0236485
v -0.0051851 0.0174869 0.0233912
v -0.00566908 0.0165781 0.0232964
v -0.0149689 0.0143616 0.015495
v -0.0136921 0.0142955 0.0167398
v -0.0144603 0.0157639 0.0161901
v -0.0139432 0.0130287 0.0163498
v -0.00321569 0.0187126 0.0158122
v -0.00233387 0.0186582 0.0160797
v -0.00908715 0.0119551 0.020499
v -0.00834433 0.0141974 0.0213973
v -0.0101255 0.0139366 0.0199718
v -0.00871371 0.0186709 0.0208835
v -0.0122944 0.0135074 0.0179765
v -0.0116856 0.0156493 0.0189014
v -0.0123851 0.0171097 0.018542
v -0.0126556 0.0162631 0.0181652
v -0.0135706 0.0169943 0.0173854
v -0.0151114 0.0174014 0.0157159
v -0.00671399 0.0171332 0.0228237
v -0.00911731 0.0158624 0.0210652
v -0.00724784 0.0121339 0.0218369
v -0.00543006 0.0159322 0.023302
v -0.0103832 0.0160338 0.0201138
v -0.00897566 0.0180047 0.0211822
v -0.00856413 0.0171734 0.0216613
v -0.014139 0.018115 0.0167192
v -0.0130536 0.0152786 0.0175823
v -0.00707703 0.0144192 0.022252
v -0.00633284 0.0156821 0.02291
v -0.00771986 0.0160527 0.0221938
v -0.0111152 0.0170433 0.0195597
v -0.00479126 0.0186919 0.0152896
v -0.007737 0.0172542 0.0222355
v -0.0106729 0.0179244 0.0198392
v -0.0117085 0.0181574 0.0190651
v -0.00602885 0.0136342 0.0227003
v -0.0072633 0.0187778 0.0150053
v -0.00983859 0.0172537 0.0206079
v -0.0121524 0.0185998 0.0185496
v -0.00513512 0.0146882 0.0232293
v -0.00540434 0.01825 0.0229884
v -0.00616693 0.0184016 0.0225945
v -0.00634926 0.0180177 0.0227823
v -0.00380099 0.0186703 0.0153798
v -0.0100272 0.0190413 0.0108754
v 0.00564009 0.0146212 -0.023886
v 0.014698 0.00356313 -0.0173094
v 0.0143267 0.00490963 -0.0178762
v 0.0148903 0.00479569 -0.0167933
v 0.0046116 0.00368371 -0.023508
v 0.0061855 0.00425065 -0.0236822
v 0.00617776 0.00320515 -0.0234295
v 0.00925511 0.00808749 -0.0233929
v 0.00933138 0.00725774 -0.0231911
v 0.008501 0.00748766 -0.0235938
v 0.0104198 0.0139762 -0.0230311
v 0.0114509 0.0151926 -0.0226363
v 0.0108569 0.012776 -0.0227293
v 0.00722292 0.0190147 -0.0236388
v 0.00645855 0.0191786 -0.0233428
v 0.0071727 0.0191884 -0.0230721
v 0.0152346 0.00415022 -0.0159226
v 0.0133098 0.00171775 -0.019519
v 0.0135887 0.00254233 -0.0193408
v 0.0139676 0.00197935 -0.0182827
v 0.00909596 0.012091 -0.0233618
v 0.00942252 0.0138074 -0.023371
v 0.00995067 0.0126429 -0.0231422
v 0.00988424 0.0110825 -0.0231612
v 0.0118446 0.0132444 -0.0221374
v 0.0153065 0.00563488 -0.0159924
v 0.0078276 0.00873172 -0.0235483
v 0.00874466 0.010102 -0.0234097
v 0.00881011 0.00858593 -0.0234798
v 0.0144927 0.00257134 -0.0177387
v 0.0149395 0.0028429 -0.0165513
v 0.0105915 0.0105931 -0.0228166
v 0.0141064 0.00304715 -0.0184569
v 0.0134712 0.00388356 -0.0192113
v 0.0137664 0.00574766 -0.0187541
v 0.0126669 0.0100482 -0.0209498
v 0.0115329 0.0103225 -0.0221278
v 0.0125316 0.012096 -0.021416
v 0.015662 0.00572341 -0.0149518
v 0.0103745 0.00733726 -0.0224997
v 0.0101251 0.0086036 -0.0229226
v 0.0153602 0.00329585 -0.0152258
v 0.0150937 0.00246835 -0.0154708
v 0.014593 0.00218296 -0.0169611
v 0.0157189 0.00414187 -0.0144917
v 0.0151208 0.00191928 -0.0139607
v 0.0142611 0.00169575 -0.0159304
v 0.0158445 0.00323169 -0.0135181
v 0.0102593 0.0153825 -0.0232438
v 0.0100095 0.0167812 -0.0235629
v 0.0112224 0.0167308 -0.0230856
v 0.0155876 0.00733524 -0.0156166
v 0.0158737 0.00425179 -0.013789
v 0.00977806 0.00465372 -0.0226652
v 0.0109891 0.00561573 -0.0217868
v 0.0102855 0.00345565 -0.0222843
v 0.0098266 0.00182602 -0.0203266
v 0.0101926 0.00204304 -0.0219432
v 0.0110473 0.00161861 -0.0202243
v 0.00826095 0.0177115 -0.0237849
v 0.00934033 0.0175405 -0.0237003
v 0.00850847 0.0166722 -0.0237773
v 0.0127512 0.0142218 -0.0213794
v 0.0104708 0.0180767 -0.0233713
v -0.0018356 0.00288759 -0.0229211
v -0.0017719 0.0048116 -0.0232839
v -7.72212e-06 0.00355288 -0.0232622
v 0.0122583 0.00546543 -0.0204511
v 0.0123259 0.00768156 -0.0206698
v 0.01125 0.0116398 -0.0224658
v 0.011551 0.00802678 -0.0215519
v -0.00334162 0.00309484 -0.0227164
v 0.011959 0.00260346 -0.0209286
v 0.0110911 0.00258277 -0.0216698
v 0.0114611 0.00388062 -0.0212938
v 0.0158661 0.00510924 -0.0131508
v 0.0158823 0.00513611 -0.0138032
v 0.00923737 0.0183227 -0.0235458
v 0.0122682 0.0150836 -0.0219756
v 0.00966009 0.00946073 -0.0231833
v 0.00641876 0.019312 -0.0229317
v 0.00605226 0.018938 -0.0236452
v 0.0150062 0.00653167 -0.0168044
v 0.00937056 0.00621071 -0.0230388
v 0.0158418 0.00639976 -0.0139341
v 0.00888214 0.00373184 -0.0230396
v 0.00900011 0.00517257 -0.0231804
v 0.00987918 0.00567314 -0.0227308
v 0.00722449 0.0170739 -0.0239946
v 0.0152367 0.00880046 -0.0165882
v 0.0134532 0.0101818 -0.0199959
v 0.0130495 0.00883649 -0.020168
v 0.00732506 0.00695948 -0.0238293
v 0.013365 0.00774559 -0.0194635
v 0.0142259 0.0113112 -0.0189723
v 0.00842674 0.00622692 -0.0234252
v -0.00394174 0.00452857 -0.0227529
v 0.0076878 0.01341 -0.0236145
v 0.00885599 0.0153286 -0.0236178
v 0.00658812 0.0181526 -0.0239726
v 0.0081255 0.0185962 -0.0236372
v 0.0144073 0.00794974 -0.0179234
v 0.00317003 0.0133168 -0.023833
v 0.015898 0.00445602 -0.013185
v 0.0134088 0.0126017 -0.0203983
v 0.00767495 0.00498994 -0.0236163
v 0.00817136 0.0115017 -0.0234449
v 0.00776214 0.010326 -0.0235222
v 0.0128758 0.00266084 -0.0201027
v 0.012457 0.00162134 -0.0202392
v 0.0125277 0.00375071 -0.0202696
v 0.00745964 0.00336076 -0.0233579
v 0.00854559 0.00269037 -0.0228765
v 0.00762729 0.00217339 -0.0227377
v 0.00666554 0.010517 -0.023715
v 0.00718968 0.0117907 -0.0236267
v 0.0130852 0.00525396 -0.019566
v 0.0109192 0.0174687 -0.0233031
v 0.0149088 0.0108093 -0.0174708
v 0.0158152 0.00721798 -0.01464
v 0.00737323 0.00144473 -0.0209775
v 0.00610546 0.00160621 -0.022465
v 0.00538858 0.0125946 -0.02378
v 0.00943562 0.00263539 -0.0227456
v -0.00171432 0.00187397 -0.0222728
v 0.00567674 0.0170816 -0.0241347
v 0.00670604 0.00258671 -0.0231993
v 0.00688862 0.0157618 -0.0238888
v 0.000729057 0.00530969 -0.0235388
v 0.00590547 0.00597159 -0.0239069
v 0.00465147 0.00488409 -0.0237232
v 0.00413651 0.00622194 -0.0238113
v 0.00344379 0.0114656 -0.0237747
v 0.00346852 0.00938689 -0.0237687
v 0.0015733 0.0101336 -0.0236641
v 0.00145227 0.00303036 -0.0230889
v 0.00323211 0.00267616 -0.0230455
v 0.00159085 0.0024451 -0.0228548
v -0.0030312 0.00588889 -0.0230569
v 0.0052033 0.00993228 -0.0238061
v 0.000159518 0.00187524 -0.0221345
v -0.000643741 0.00254822 -0.0228851
v 0.00474183 0.00775465 -0.0239011
v 0.000395404 0.0026717 -0.0229315
v 0.00364981 0.00439325 -0.0235515
v 0.00295684 0.00533249 -0.0236271
v 0.00223274 0.00745714 -0.0236657
v 0.00573799 0.00841516 -0.023885
v 0.00241298 0.00165002 -0.0219321
v 0.00721436 0.00958198 -0.0236672
v 0.00663556 0.00869882 -0.0237942
v 0.00230661 0.00393398 -0.0233626
v 0.00079288 0.00861134 -0.0235686
v 0.0125369 0.00125046 -0.0177912
v 0.00610514 0.00746433 -0.0239164
v 0.00528798 0.00257091 -0.0231872
v 0.00460178 0.00112823 -0.0196787
v 0.00444963 0.00176032 -0.0225108
v 0.00891756 0.0018508 -0.0214161
v -0.0196879 0.00141591 0.00990525
v -0.0204901 0.00193892 0.0102184
v -0.0205602 0.00204521 0.0101903
v -0.0207168 0.00211899 0.0100779
v -0.0253386 0.0129018 -0.00258147
v -0.0253337 0.0109073 -0.00198375
v -0.0258603 0.0124235 -0.00107381
v -0.0259842 0.00982987 0.000976574
v -0.0262218 0.0114705 0.00145649
v -0.026016 0.0108194 0.000573672
v -0.0168968 0.000118911 0.00742879
v -0.0240789 0.00432196 -0.00601998
v -0.0236802 0.00589669 0.00786936
v -0.024074 0.0051594 0.00734185
v -0.0238137 0.00501057 0.00783623
v -0.0257171 0.00533269 -0.00177968
v -0.0254072 0.00697098 -0.00229387
v -0.0253835 0.00566442 -0.0035688
v -0.0204542 0.00556198 0.010875
v -0.020044 0.0060413 0.0113196
v -0.0201023 0.00655507 0.0110012
v -0.0209629 0.00298966 0.0102324
v -0.0209018 0.0024931 0.0100189
v -0.0203602 0.0027692 0.0105898
v -0.0237816 0.00445784 0.00787065
v -0.0243066 0.00432122 0.00718695
v -0.0208092 0.00605284 0.0104425
v -0.0212301 0.00493167 0.0100492
v -0.0260909 0.00990193 0.00215126
v -0.0241753 0.00599984 0.00723673
v -0.0258096 0.00664018 0.00205004
v -0.0257597 0.00750941 -6.42689e-05
v -0.0259293 0.00500888 0.000428803
v -0.0195083 0.000547215 -0.00130653
v -0.0250709 0.00270006 0.00575735
v -0.0251458 0.00215283 0.00459626
v -0.0244234 0.00186136 0.00540849
v -0.025983 0.00861078 0.00171776
v -0.0259948 0.00895314 0.00344121
v -0.0244271 0.00353543 -0.00541827
v -0.0247636 0.00420392 -0.00519807
v -0.0236888 0.00332249 -0.00616174
v -0.024306 0.0104701 -0.00425184
v -0.0249324 0.00958686 -0.00300313
v -0.0247885 0.0117101 -0.00334682
v -0.0240668 0.0021434 0.00651866
v -0.0261549 0.012092 0.000254274
v -0.0257828 0.0103588 -0.000467284
v -0.0240008 0.0076443 0.00780871
v -0.0254602 0.00714871 0.00474226
v -0.0248667 0.0070593 0.00632648
v -0.025533 0.00945269 0.00534972
v -0.0238511 0.00292386 0.00768516
v -0.0226602 0.00208257 0.00790293
v -0.0261965 0.0110212 0.0027614
v -0.0200422 0.00735145 0.0110789
v -0.0248836 0.0093771 0.0067461
v -0.024872 0.00386567 0.00595943
v -0.0252322 0.00317383 0.00513149
v -0.0203629 0.00219737 0.0103531
v -0.0236631 0.00086154 -0.00218282
v -0.0254074 0.00868857 -0.00171249
v -0.025903 0.00473727 0.00209224
v -0.0260028 0.00346524 0.001609
v -0.0257227 0.00227936 0.00303643
v -0.02581 0.00369948 0.00316269
v -0.0245823 0.00326823 0.00677622
v -0.0204259 0.00804993 0.0107884
v -0.0239424 0.00248697 -0.00542045
v -0.02454 0.00282349 -0.00490014
v -0.0240217 0.00374194 0.0075289
v -0.0248627 0.0130786 -0.00360825
v -0.0193339 0.00188665 0.0112109
v -0.0198214 0.00194284 0.010814
v -0.0216308 0.00293389 0.00950826
v -0.0211061 0.00371435 0.0100949
v -0.0245308 0.00507765 0.00657969
v -0.0255196 0.00573073 0.0043215
v -0.0251095 0.00522184 0.00540512
v -0.0198204 0.00547683 0.011488
v -0.0249087 0.00698241 -0.00404507
v -0.0250688 0.00796888 -0.0029208
v -0.0245759 0.00863668 -0.00393276
v -0.0247262 0.00601873 -0.00480866
v -0.0248952 0.00495483 -0.00473156
v -0.0205971 0.00190157 0.0100014
v -0.0205443 0.00345116 0.0107237
v -0.0255195 0.00450993 0.00425014
v -0.0256742 0.00282939 0.00370549
v -0.0207477 0.00692664 0.0105377
v -0.022996 0.00225294 -0.00625731
v -0.0195395 0.00248237 0.0110648
v -0.019771 0.00328634 0.0113125
v -0.0233693 0.00333361 0.00817818
v -0.0232258 0.00288804 0.00828534
v -0.0228145 0.00355664 0.00862442
v -0.0212953 0.00214493 0.00960602
v -0.022686 0.00253648 0.00864506
v -0.0255468 0.00327273 0.00424637
v -0.0242938 0.00489366 -0.0057128
v -0.0200918 0.00385877 0.0111473
v -0.0203322 0.00444645 0.0108144
v -0.0214085 0.00896617 0.010135
v -0.0220169 0.000975728 0.00461561
v -0.0222931 0.00464208 0.00906661
v -0.0233344 0.00401226 0.00818803
v -0.0249698 0.00123298 0.00225902
v -0.0247806 0.00127473 0.00366074
v -0.0248664 0.00141719 0.00424484
v -0.0257078 0.00538003 0.00323953
v -0.0257303 0.00681733 0.00365171
v -0.0231059 0.00550415 0.008592
v -0.0253061 0.00387844 0.00500734
v -0.0235684 0.000716582 0.000761937
v -0.0188274 0.00192392 0.0116616
v -0.0205314 0.00905093 0.0109004
v -0.0194464 0.00190336 0.0111254
v -0.0194221 0.00437976 0.0115303
v -0.0219451 0.00375682 0.00943075
v -0.0216838 0.00619464 0.00967977
v -0.0193385 0.00207978 0.011215
v -0.0234895 0.00932324 0.00848073
v -0.0191164 0.00296395 0.0117353
v -0.02599 0.00329992 0.000279166
v -0.0189376 0.00359242 0.0118865
v -0.0226907 0.00970063 0.00919136
v -0.0255803 0.00431148 -0.00320242
v -0.0254009 0.00344862 -0.00373085
v -0.0256582 0.00309905 -0.00262942
v -0.02519 0.00399965 -0.00437692
v -0.0259458 0.00242192 0.00116099
v -0.0252006 0.00270607 -0.00379666
v -0.0213899 0.00750402 0.0101215
v -0.0259724 0.00272574 -0.000313444
v -0.0258835 0.00367579 -0.00128993
v -0.0225571 0.0030949 0.00892085
v -0.0254604 0.00154698 -0.000247448
v -0.023225 0.00262536 0.00823071
v -0.0233878 0.00245126 0.00810742
v -0.0253418 0.00196512 -0.00245239
v -0.0241544 0.00180362 -0.00436066
v -0.0258407 0.00262305 -0.00137297
v -0.0250547 0.00338755 -0.00457664
v -0.0226578 0.00759286 0.0090968
v -0.0205579 0.00207564 0.0101924
v -0.0233195 0.00660564 0.0083619
v 0.025449 0.00443453 0.0030175
v 0.0256898 0.00505101 0.000844795
v 0.0174837 0.0156238 0.00854448
v 0.0183575 0.0111757 0.00661526
v 0.0194943 0.0112237 0.00628741
v 0.0184814 0.0118762 0.00577506
v 0.0187073 0.0104529 0.0070569
v 0.0196515 0.0104963 0.00686969
v 0.0193797 0.00944877 0.00696232
v 0.0180964 0.0099732 0.00723415
v 0.0211886 0.0107516 0.00648342
v 0.022036 0.0114309 0.00594846
v 0.0270932 0.00724084 0.00305075
v 0.0270254 0.00754905 0.00201237
v 0.0270382 0.0101627 0.00414903
v 0.0208988 0.00972767 0.00679886
v 0.0249554 0.0115575 0.00589005
v 0.0225178 0.0104266 0.00657721
v 0.0228733 0.010795 0.00640322
v 0.0269973 0.00965326 0.00467002
v 0.0270654 0.00952415 0.00410033
v 0.0271264 0.0105841 0.0048018
v 0.0271269 0.0111534 0.00452396
v 0.0270416 0.0112844 0.00501987
v 0.027027 0.00608799 0.00327409
v 0.0262798 0.00589479 0.00498904
v 0.0263491 0.00588007 0.000131385
v 0.0268028 0.00631855 0.00112258
v 0.0265626 0.00567333 0.00176755
v 0.0224869 0.00985738 0.00674821
v 0.0184262 0.00878864 0.00706714
v 0.0271475 0.00719891 0.00380732
v 0.0271403 0.00680671 0.00379105
v 0.0234199 0.010317 0.00664482
v 0.0219121 0.00925121 0.00680324
v 0.0270019 0.00624806 0.00206124
v 0.0271141 0.00681885 0.0022556
v 0.0210842 0.0085249 0.0067215
v 0.0231556 0.00886802 0.00679071
v 0.0245902 0.0106726 0.00655836
v 0.0254313 0.0109907 0.00634665
v 0.0234983 0.0112732 0.00610342
v 0.0241247 0.00974877 0.00679272
v 0.027006 0.0067633 0.00148356
v 0.0270411 0.0073582 0.0012923
v 0.0270661 0.00663302 0.00441162
v 0.0262578 0.0114295 0.00580122
v 0.0265641 0.0108763 0.00610292
v 0.0268072 0.0111884 0.00564113
v 0.0267759 0.00724424 0.00598224
v 0.0271146 0.00728571 0.00523623
v 0.0255183 0.00974485 0.00679805
v 0.0213129 0.00544988 0.00552216
v 0.020678 0.00696726 0.00632981
v 0.0195414 0.00582011 0.00609014
v 0.0226745 0.00768053 0.00653244
v 0.0228332 0.006737 0.00616594
v 0.0268492 0.0101672 0.00637562
v 0.026062 0.0104425 0.00653105
v 0.0193116 0.00495074 0.00580026
v 0.0266888 0.011583 0.0053414
v 0.0270451 0.0105304 0.00565526
v 0.024589 0.00801753 0.00668338
v 0.0249245 0.00903397 0.00682389
v 0.023702 0.00736255 0.00646821
v 0.0269183 0.0089931 0.00653794
v 0.0271498 0.00831081 0.00592514
v 0.0271238 0.00943577 0.00594503
v 0.0260067 0.00880864 0.0067736
v 0.026511 0.00963829 0.00668409
v 0.0269574 0.00956858 0.00642212
v 0.0268377 0.00701848 0.000544751
v 0.0265716 0.00659537 9.63947e-06
v 0.025942 0.00809471 0.00667738
v 0.025717 0.00733328 0.0063686
v 0.0265939 0.00816224 0.00655547
v 0.0194648 0.0080491 0.00674261
v 0.0271478 0.00877907 0.00561141
v 0.0259115 0.0111011 0.00619879
v 0.0270476 0.00900444 0.00513319
v 0.0271923 0.00813831 0.00518427
v 0.0170699 0.0120808 0.00754565
v 0.0172389 0.0117288 0.00722857
v 0.0171585 0.0122872 0.00683096
v 0.0173356 0.00997148 0.00755863
v 0.0172482 0.00901375 0.00749671
v 0.0176711 0.00922884 0.00731668
v 0.0271352 0.0097544 0.0037317
v 0.0270637 0.00919379 0.00353476
v 0.0186138 0.00689287 0.00658886
v 0.0192147 0.00652801 0.00627554
v 0.0192854 0.00713285 0.00654956
v 0.0269608 0.00815345 0.00458904
v 0.0271063 0.00733564 0.00440126
v 0.0270703 0.00776289 0.00386317
v 0.0271005 0.00990682 0.00528829
v 0.0270349 0.00874163 0.00415339
v 0.0270351 0.00834852 0.00326077
v 0.0178463 0.0111292 0.00691502
v 0.0174498 0.0115926 0.00666754
v 0.0176007 0.0109864 0.00740295
v 0.0176243 0.0118736 0.00606158
v 0.0172349 0.0122719 0.0062754
v 0.018006 0.00722775 0.00702848
v 0.0185306 0.00766093 0.00687324
v 0.0181099 0.0108095 0.0070934
v 0.0177699 0.00831552 0.00722947
v 0.0171941 0.0114314 0.00768537
v 0.0172282 0.0124113 0.00582112
v 0.0170623 0.0127571 0.00719155
v 0.0184129 0.00613198 0.00698257
v 0.017577 0.0122395 0.00554553
v 0.0259979 0.00674721 0.00588673
v 0.0243556 0.00707764 0.00634301
v 0.023815 0.00488624 0.00484422
v 0.0245532 0.0062855 0.00587536
v 0.0206385 0.00457702 0.00516304
v 0.0205249 0.00388017 0.00469397
v 0.0217535 0.00449093 0.00488278
v 0.0173283 0.0137448 0.00997901
v 0.0170374 0.0129562 0.0089493
v 0.017335 0.0143742 0.00849959
v 0.016953 0.00662534 0.0118712
v 0.0184641 0.00500773 0.00657853
v 0.0182401 0.00424237 0.00608596
v 0.0172211 0.0115436 0.0113666
v 0.0171335 0.0119514 0.0103298
v 0.0168922 0.00945995 0.00815415
v 0.0170768 0.0106879 0.0078972
v 0.0171244 0.013603 0.00731465
v 0.0179572 0.00616642 0.00828595
v 0.0177972 0.00562565 0.00929509
v 0.0178 0.00477529 0.00802093
v 0.0169815 0.0114781 0.00817661
v 0.0169941 0.00841755 0.0090569
v 0.0174611 0.00707836 0.00868025
v 0.0172723 0.00798516 0.00785097
v 0.0167962 0.00991973 0.00917947
v 0.0168568 0.0105933 0.00847236
v 0.0170315 0.00900594 0.0118459
v 0.0170957 0.00846197 0.0114307
v 0.0170911 0.0094887 0.0117111
v 0.0173684 0.00734057 0.0097977
v 0.0175706 0.00684834 0.00942785
v 0.017801 0.0064596 0.00920475
v 0.017187 0.0104363 0.0116365
v 0.0171764 0.010823 0.0109332
v 0.0174227 0.0147383 0.00936842
v 0.0172442 0.00598325 0.0111704
v 0.0175866 0.00637207 0.0100557
v 0.0172423 0.00722231 0.0108354
v 0.0177393 0.00687261 0.00768352
v 0.0172401 0.0151883 0.00641121
v 0.016979 0.012453 0.00808822
v 0.0170029 0.00997668 0.0120808
v 0.0168496 0.0114151 0.00908144
v 0.0171165 0.0098166 0.0109973
v 0.0169025 0.0105134 0.0100716
v 0.0171518 0.00812339 0.0102344
v 0.0170027 0.00916269 0.0102125
v 0.017138 0.00502147 0.0113242
v -0.0195687 0.0188005 -0.00905744
v -0.0189365 0.0184486 -0.0100037
v -0.0201137 0.0183884 -0.0093314
v -0.0185022 0.018731 -0.0095644
v -0.0186328 0.0190106 -0.0084572
v -0.0173071 0.0187853 -0.00948401
v -0.0131006 0.0195081 -0.0139909
v -0.0136311 0.0194473 -0.0149932
v -0.0142864 0.0194121 -0.0136765
v -0.0194507 0.0178061 -0.0101661
v -0.0177566 0.0186405 -0.0102202
v -0.0148486 0.0167564 -0.0158964
v -0.0137692 0.0160679 -0.0171251
v -0.0152815 0.0143984 -0.0155922
v -0.0207511 0.0156891 -0.00949619
v -0.0212883 0.0172527 -0.00890096
v -0.0201723 0.0169836 -0.00993566
v -0.0186671 0.0187481 -0.00188555
v -0.0230149 0.0186364 -0.00609431
v -0.0226814 0.0185816 -0.00681129
v -0.0231946 0.0183007 -0.00609295
v -0.00328336 0.00720917 -0.0231349
v -0.0220163 0.0160036 -0.00821376
v -0.0210072 0.0134321 -0.00916654
v -0.0174155 0.0188364 -0.00208428
v -0.0187341 0.0186303 -0.00266874
v -0.0183446 0.0185929 -0.0101076
v -0.0227388 0.015331 -0.00729072
v -0.0221176 0.0139839 -0.00791
v -0.0214563 0.0191249 -0.00673229
v -0.0207579 0.0191219 -0.00581919
v -0.0198836 0.0144937 -0.0104381
v -0.0172014 0.0187118 -0.00319171
v -0.0194034 0.0191214 -0.00620913
v -0.0196242 0.0188941 -0.00481102
v -0.0175093 0.0190724 -0.0059179
v -0.0166586 0.0188262 -0.0106179
v -0.0225842 0.0189381 -0.00625891
v -0.0219178 0.018938 -0.00750234
v -0.0193654 0.0158211 -0.0108494
v -0.0176148 0.0164027 -0.0127337
v -0.0183726 0.0144816 -0.0121267
v -0.00369591 0.00843026 -0.0232183
v -0.0152289 0.0191421 -0.0117763
v -0.01541 0.0190006 -0.00848746
v -0.00781695 0.0156974 -0.0216911
v -0.0180508 0.0180708 -0.0112557
v -0.0180917 0.0184851 -0.0106101
v -0.017391 0.017527 -0.0124293
v -0.0169232 0.0181292 -0.0125094
v -0.0136232 0.0104493 -0.0167751
v -0.0152623 0.0118683 -0.0154853
v -0.0133158 0.01361 -0.017354
v -0.0199841 0.0191792 -0.00717936
v -0.013509 0.0194353 -0.0120385
v -0.00501825 0.0105037 -0.0228746
v -0.0222936 0.0179374 -0.00780057
v -0.0118189 0.0194102 -0.0136418
v -0.0135821 0.0193819 -0.0159567
v -0.0125363 0.0194397 -0.0155052
v -0.0195086 0.0131007 -0.0108308
v -0.0183497 0.012644 -0.0121503
v -0.0204513 0.0187981 -0.00882626
v -0.0205251 0.0190802 -0.00810914
v -0.0173844 0.0186401 -0.011084
v -0.00601617 0.00905431 -0.0225249
v -0.00580687 0.0114994 -0.0225942
v -0.0154771 0.0191581 -0.0132278
v -0.0165622 0.0187562 -0.0121185
v -0.0187853 0.00998831 -0.0116344
v -0.0176674 0.009493 -0.0128142
v -0.0146721 0.0192336 -0.0149442
v -0.0151211 0.0186659 -0.0148255
v -0.0149825 0.0191913 -0.014282
v -0.0187543 0.0170927 -0.0111737
v -0.0199609 0.0118324 -0.010241
v -0.00795161 0.0127643 -0.0214218
v -0.00515551 0.00907621 -0.0229401
v -0.00484388 0.00778929 -0.022869
v -0.0229649 0.0180246 -0.00672794
v -0.0128833 0.0192383 -0.0168749
v -0.013775 0.0188495 -0.0166273
v -0.00438797 0.00932098 -0.023119
v -0.017856 0.0188186 -0.00432447
v -0.00555872 0.00563377 -0.0222303
v -0.00602383 0.00724637 -0.0223336
v -0.0160283 0.0185623 -0.0135303
v -0.0163447 0.0176517 -0.0137418
v -0.0205158 0.0178706 -0.0092943
v -0.0190885 0.0121277 -0.0111531
v -0.0142451 0.0192797 -0.0153933
v -0.0143596 0.0187346 -0.0158332
v -0.0166969 0.0179122 -0.0130315
v -0.0170065 0.0135297 -0.0138008
v -0.0229306 0.0168372 -0.00707315
v -0.01714 0.0114689 -0.0135929
v -0.0187524 0.0111621 -0.0115697
v -0.0143277 0.0193816 -0.0147568
v -0.0164545 0.0156131 -0.0142965
v -0.0211731 0.0185395 -0.00868801
v -0.0162086 0.0168222 -0.014294
v -0.0156436 0.0167308 -0.0150192
v -0.0134548 0.0180185 -0.0171848
v -0.0161945 0.0128714 -0.0146593
v -0.0155664 0.00909492 -0.0148898
v -0.0128468 0.0193832 -0.010107
v -0.0116199 0.019422 -0.0114896
v -0.0143425 0.0181037 -0.0162618
v -0.0208586 0.0113346 -0.00915376
v -0.0137833 0.00804342 -0.0163517
v -0.0171939 0.0189809 -0.00144859
v -0.0197554 0.00904451 -0.0106845
v -0.0180887 0.0105746 -0.0123563
v -0.0156263 0.018877 -0.00591463
v -0.0151944 0.0177109 -0.0152904
v -0.00912378 0.0169412 -0.0208477
v -0.00636066 0.00429026 -0.0217409
v -0.00699183 0.00477003 -0.021368
v -0.00738377 0.00880267 -0.0216737
v -0.0068502 0.00768229 -0.0219357
v -0.00790724 0.00702161 -0.0210066
v -0.0147541 0.00767216 -0.0155271
v -0.0079578 0.00527354 -0.0207672
v -0.00684683 0.00623626 -0.0216109
v -0.00919521 0.0146672 -0.0206992
v -0.00956704 0.0180885 -0.0203645
v -0.0114024 0.0186481 -0.0185957
v -0.0105173 0.0183864 -0.0194689
v -0.0119645 0.0180891 -0.0184048
v -0.0102663 0.0189305 -0.0191537
v -0.00939258 0.019001 -0.0201482
v -0.00692886 0.0109106 -0.022073
v -0.00947704 0.0114764 -0.0202181
v -0.0103041 0.00896788 -0.0192807
v -0.0116617 0.0110829 -0.0184529
v -0.00957638 0.0186188 -0.0202161
v -0.0119161 0.0192198 -0.0174781
v -0.0112646 0.0189749 -0.0182512
v -0.0123285 0.0187863 -0.0178141
v -0.00798871 0.0103709 -0.0213246
v -0.008669 0.00875969 -0.0206067
v -0.00931486 0.00694899 -0.0197664
v -0.0108847 0.00676131 -0.0184592
v -0.00875648 0.00575703 -0.0201397
v -0.0124526 0.0157917 -0.0182219
v -0.0110067 0.014386 -0.0192929
v -0.0121294 0.00852265 -0.0177935
v -0.00403959 0.00613932 -0.0228023
v -0.018254 0.019155 -0.00727539
v -0.0188497 0.0186919 -0.00365411
v -0.0185349 0.0106084 -0.0118082
v -0.0109739 0.0170429 -0.0193404
v -0.0126072 0.0172025 -0.018061
v -0.0101546 0.0158657 -0.0200391
v -0.0100187 0.0189565 -0.0184538
v -0.011001 0.0189954 -0.0177972
v -0.0211771 0.0189125 -0.00450463
v -0.0119605 0.0192945 -0.0165565
v -0.00961667 0.0190936 -0.0149804
v -0.00951208 0.0190772 -0.0164333
v -0.010888 0.019193 -0.0157665
v -0.0112435 0.0191195 -0.0170902
v -0.0103447 0.0191524 -0.0139694
v -0.0102712 0.0189843 -0.0173231
v -0.00960037 0.0191518 -0.0140716
v 0.0155715 0.0187901 -0.0133195
v 0.0157669 0.0188493 -0.013811
v 0.0155211 0.018855 -0.013758
v 0.0159253 0.0187577 -0.0130882
v 0.0151494 0.0188995 -0.0142146
v 0.0158124 0.0188146 -0.0126476
v 0.0161994 0.0187122 -0.0124792
v 0.0158442 0.0188124 -0.0117772
v 0.0152312 0.0188226 -0.0126546
v 0.0161179 0.0187598 -0.0112233
v 0.0162712 0.0186347 -0.011684
v 0.0133175 0.0192968 -0.0126461
v 0.0144552 0.0191652 -0.0119563
v 0.0142962 0.01915 -0.0136237
v 0.0163188 0.0185954 -0.0109144
v 0.0151894 0.018868 -0.0113584
v 0.015768 0.0188002 -0.0106165
v 0.016475 0.0185238 -0.0102258
v 0.0162151 0.0187687 -0.0101473
v 0.0163721 0.0186754 -0.00957255
v 0.0163778 0.0185751 -0.00860722
v 0.0162611 0.0186481 -0.00829368
v 0.0164076 0.0181951 -0.00829263
v 0.0146038 0.0191628 -0.0108773
v 0.0159236 0.018815 -0.00954295
v 0.0163421 0.0184803 -0.00782573
v 0.0161928 0.0187152 -0.00889461
v 0.00837709 0.0190939 -0.0229281
v 0.0093647 0.01887 -0.0232346
v 0.00884462 0.0188475 -0.023443
v 0.0125915 0.0188154 -0.0212581
v 0.0134478 0.018774 -0.0206173
v 0.0132993 0.0187776 -0.0212477
v 0.00985431 0.0185692 -0.0233264
v 0.0102538 0.01884 -0.0229266
v 0.0141664 0.014639 -0.0195881
v 0.0138495 0.0164456 -0.0205872
v 0.0147702 0.0171496 -0.0193598
v 0.0123907 0.0168997 -0.0223388
v 0.0137508 0.0186208 -0.0208979
v 0.0130739 0.0182191 -0.0217062
v 0.0134433 0.0148977 -0.020721
v 0.0117902 0.0179268 -0.0228226
v 0.0129535 0.0160061 -0.0215784
v 0.0122561 0.0160547 -0.0221743
v 0.011187 0.018584 -0.0228248
v 0.0122302 0.0187369 -0.0221569
v 0.0129058 0.0187872 -0.021688
v 0.0133206 0.0172127 -0.0213936
v 0.0141022 0.0179557 -0.0205168
v 0.00945525 0.0190022 -0.0228071
v 0.00976405 0.0190605 -0.0221207
v 0.0111423 0.0188882 -0.0221685
v 0.0141368 0.0188148 -0.0199884
v 0.0119241 0.0189169 -0.0218535
v 0.0148484 0.0184593 -0.0194692
v 0.0150073 0.0189821 -0.0104598
v 0.0157096 0.0187897 -0.00844471
v 0.0161038 0.0186708 -0.00782512
v 0.0163086 0.0185836 -0.007356
v 0.0141925 0.0188744 -0.0177036
v 0.0148735 0.0188416 -0.0175257
v 0.0144539 0.0188307 -0.0186985
v 0.0151793 0.0187309 -0.0180179
v 0.0145559 0.0188782 -0.0161823
v 0.0153583 0.0187965 -0.0163829
v 0.0151289 0.0188524 -0.0168484
v 0.0155362 0.0187141 -0.0171147
v 0.0155669 0.0189162 -0.0146009
v 0.0152347 0.0188819 -0.0151043
v 0.0156347 0.0188215 -0.0154166
v 0.015363 0.0182346 -0.0188007
v 0.015991 0.0187157 -0.0162215
v 0.0160239 0.0186588 -0.0167593
v 0.0159457 0.0188239 -0.0144669
v 0.0146767 0.0136239 -0.0184468
v 0.0147755 0.0124299 -0.0180873
v 0.0156636 0.00927259 -0.0155572
v 0.0154931 0.0110065 -0.0159586
v 0.0158315 0.00868565 -0.0147353
v 0.0162135 0.0181064 -0.015945
v 0.0162389 0.0185266 -0.0164755
v 0.0161691 0.0186935 -0.014891
v 0.0162903 0.0182401 -0.0146803
v 0.0163584 0.0185566 -0.0149884
v 0.0153116 0.0136478 -0.0170163
v 0.0150042 0.0156822 -0.0184142
v 0.0158213 0.0101037 -0.0146625
v 0.0162477 0.0186263 -0.0154091
v 0.0161528 0.0186723 -0.0138049
v 0.01627 0.018607 -0.0143669
v 0.0157615 0.00940908 -0.0144518
v 0.0158962 0.00930531 -0.0139297
v 0.0163099 0.018308 -0.0138122
v 0.0160087 0.0121972 -0.0142059
v 0.015957 0.0113084 -0.0140666
v 0.0158127 0.0114655 -0.0148266
v 0.0157501 0.0126331 -0.0153108
v 0.0159406 0.0105514 -0.0133322
v 0.0159838 0.0118163 -0.0133279
v 0.0162762 0.0176215 -0.0130614
v 0.016041 0.0168686 -0.0148441
v 0.0165006 0.0181908 -0.0106697
v 0.015973 0.0132088 -0.0142331
v 0.015736 0.0141031 -0.0151951
v 0.0160331 0.0126955 -0.0135339
v 0.0164235 0.0182498 -0.0118463
v 0.0159323 0.00937614 -0.0130606
v 0.0160767 0.0162362 -0.0130315
v 0.0165704 0.0182881 -0.00975658
v 0.0159058 0.0153597 -0.0143284
v 0.015981 0.0141855 -0.0138483
v 0.0162412 0.0167003 -0.0119211
v 0.0164477 0.0175295 -0.0111781
v 0.0160578 0.0133436 -0.013406
v 0.0159687 0.0149668 -0.0128928
v 0.0160399 0.0156577 -0.0122867
v 0.0160621 0.0161408 -0.01212
v 0.0161408 0.0158861 -0.0115233
v 0.0164992 0.0178508 -0.00921763
v 0.0165569 0.0178222 -0.010111
v 0.0160972 0.0101064 -0.0121248
v 0.0160151 0.00860401 -0.0124548
v 0.0160501 0.0126904 -0.0125102
v 0.0161095 0.0152291 -0.0120873
v 0.0164163 0.0171165 -0.00989345
v 0.0160825 0.0113739 -0.0125686
v 0.0161661 0.011559 -0.0114255
v 0.0162982 0.0167495 -0.0109876
v 0.0160212 0.0138732 -0.0128183
v 0.0162013 0.0145692 -0.0119883
v 0.0164242 0.0173046 -0.00898626
v 0.0162497 0.0151971 -0.0117169
v 0.0163451 0.0152267 -0.0111013
v 0.0163861 0.0184139 -0.00666
v 0.0164136 0.0181493 -0.00735857
v 0.016464 0.0175412 -0.00755713
v 0.0165609 0.0163452 -0.00934734
v 0.016544 0.016895 -0.00903102
v 0.0163982 0.0161559 -0.0104125
v 0.0151807 0.018726 -0.0185922
v 0.0162169 0.0136541 -0.0118985
v 0.0162213 0.0129697 -0.0110456
v 0.0165863 0.0169503 -0.0083387
v 0.0157162 0.0156925 -0.0159778
v 0.0159292 0.01724 -0.0166379
v 0.0166048 0.016523 -0.00864242
v 0.0163187 0.0142511 -0.0108933
v 0.0164082 0.0175583 -0.00846177
v 0.0165231 0.017236 -0.00691265
v 0.0164356 0.0152758 -0.00983794
v 0.0155176 0.0160219 -0.0173232
v 0.0159092 0.00830408 -0.0132546
v 0.0166281 0.0168711 -0.00741148
v 0.015727 0.0186153 -0.0180647
v 0.0160993 0.0182372 -0.0170876
v 0.0159086 0.00723349 -0.0132093
v 0.0159783 0.00781075 -0.0128105
v 0.0151134 0.0189241 -0.00944338
v 0.0163256 0.0183935 -0.0130902
v 0.0164423 0.0184089 -0.0090404
v 0.0161087 0.0186857 -0.0132481
v 0.0155873 0.0174786 -0.0180192
v 0.0107811 0.018958 -0.0216077
v 0.0111184 0.0189881 -0.0212099
v 0.0115496 0.0189436 -0.0215222
v 0.0117795 0.0189722 -0.0208664
v 0.0104226 0.0190968 -0.0206807
v 0.0119082 0.0190131 -0.0197668
v 0.013125 0.0188264 -0.0206398
v 0.0138714 0.0188776 -0.0192754
v 0.0132737 0.0188618 -0.0199281
v 0.0132292 0.0188674 -0.0185385
v 0.0127694 0.0190019 -0.0165604
v 0.0137414 0.0188871 -0.0173626
v 0.00716154 0.0192432 -0.0223931
v 0.0107279 0.0191212 -0.0194678
v 0.0112024 0.0190694 -0.0180912
v 0.00846008 0.0192301 -0.0213441
v 0.00921276 0.0192015 -0.0194311
v 0.00948402 0.0190927 -0.0175077
v 0.0137051 0.0190947 -0.0150444
v 0.0127975 0.0192129 -0.0136874
v 0.0125543 0.0191758 -0.0147017
v 0.0144225 0.0190281 -0.0147743
v 0.0126716 0.018967 -0.0204781
v 0.0133451 0.019226 -0.0139037
v 0.0159099 0.00782917 -0.0139755
v 0.00689962 0.0219064 0.00784894
v 0.00716816 0.0215237 0.00808584
v 0.00685995 0.0211324 0.00782621
v 0.00655031 0.023465 0.00789373
v 0.00672268 0.0225464 0.00781548
v 0.00587066 0.0225068 0.00792635
v 0.00726971 0.0216181 0.00875774
v 0.00723496 0.0222974 0.0081446
v 0.0073416 0.0228216 0.00884754
v 0.00530864 0.0227 0.0079876
v 0.00560869 0.0235489 0.0080202
v 0.00734913 0.0233412 0.0103585
v 0.00727231 0.0222133 0.00973712
v 0.01677 0.018505 0.00107779
v 0.0165365 0.018742 0.000842439
v 0.00732366 0.0203482 0.0108355
v 0.0073924 0.0200322 0.00980028
v 0.00731984 0.0212117 0.0100196
v 0.00583735 0.0214022 0.0080049
v 0.00647947 0.0217241 0.00781168
v 0.00633804 0.0207618 0.00783554
v 0.00554627 0.0247366 0.0080013
v 0.00729803 0.0203568 0.00884047
v 0.00721406 0.0208017 0.00815257
v 0.00746791 0.0193564 0.0104835
v 0.0170983 0.017522 0.00822754
v 0.0171227 0.0179077 0.00824069
v 0.00751316 0.0193463 0.00968987
v 0.00745371 0.0195231 0.00899086
v 0.0168452 0.0183534 0.00335041
v 0.0168513 0.0179888 0.00275648
v 0.0167977 0.0184567 0.00286407
v 0.00727653 0.0237782 0.00836138
v 0.00733708 0.0196838 0.00840756
v 0.00625085 0.0242616 0.00795752
v 0.0068697 0.0202809 0.00776157
v 0.00732655 0.0192985 0.00844776
v 0.0168054 0.0185076 0.00239349
v 0.0169246 0.0185539 0.00559424
v 0.0168701 0.0185084 0.0048346
v 0.0165061 0.0187657 0.00519977
v 0.00700998 0.0237066 0.00794442
v 0.00750768 0.019043 0.00929203
v 0.0169607 0.0178564 0.00696612
v 0.0170602 0.0175565 0.00764558
v 0.0169821 0.0173153 0.00692798
v 0.00572614 0.0207401 0.00793763
v 0.00583377 0.020171 0.00779694
v 0.0170664 0.016569 0.00253319
v 0.0168111 0.0173433 0.00216909
v 0.0146572 0.0192464 0.00227189
v 0.0157937 0.0190884 0.00264354
v 0.00716229 0.0199552 0.00805503
v 0.0168914 0.018053 0.00533424
v 0.0168523 0.0180256 0.00433932
v 0.00712897 0.019308 0.00797354
v 0.0168981 0.0176149 0.00351174
v 0.00744468 0.0232588 0.0129277
v 0.00750607 0.0228065 0.0128087
v 0.0109673 0.0185836 0.00818022
v 0.0124697 0.0187278 0.0089622
v 0.0121574 0.0188638 0.00568208
v 0.00714077 0.0231546 0.00801132
v 0.00506753 0.021967 0.00800451
v 0.00489338 0.0187127 0.00665868
v 0.00611239 0.0190932 0.00704805
v 0.00612596 0.0188111 0.00633953
v 0.00690463 0.0194183 0.00746097
v 0.0169981 0.0184132 0.00852134
v 0.0170065 0.0181233 0.00780245
v 0.0167896 0.0185632 0.0078221
v 0.00572712 0.0185761 0.00569022
v 0.007252 0.0184858 0.00458075
v 0.00543607 0.0184147 0.00454199
v 0.00727369 0.01899 0.00821486
v 0.00746576 0.0189203 0.00871236
v 0.00973492 0.0187329 0.0036001
v 0.010111 0.0186012 0.00624779
v 0.00764123 0.0188421 0.00983239
v 0.00774484 0.0187463 0.0092145
v 0.00754035 0.0186138 0.00825754
v 0.0136277 0.0191511 0.00352787
v 0.0122204 0.0191375 0.00263058
v 0.00788444 0.0187385 0.00995718
v 0.00793381 0.0187294 0.0096782
v 0.00795452 0.0185921 0.01022
v 0.0165996 0.0187878 0.00401115
v 0.00744775 0.0235189 0.012505
v 0.00737403 0.0228456 0.0117575
v 0.00744197 0.0242638 0.0119908
v 0.0136018 0.0190002 0.00747341
v 0.00778289 0.0186757 0.00868375
v 0.00723715 0.0187236 0.00614635
v 0.00863241 0.0185592 0.00544649
v 0.00635275 0.0198485 0.0076035
v 0.00564596 0.0195733 0.00759489
v 0.0071872 0.0190786 0.00754682
v 0.00732433 0.018808 0.00783587
v 0.00737019 0.0215068 0.0115073
v 0.00734821 0.0247203 0.0109675
v 0.00739355 0.02412 0.0107775
v 0.00730867 0.0242572 0.00982266
v 0.00739279 0.0204566 0.011822
v 0.00729848 0.025183 0.00910969
v 0.00739748 0.0262715 0.0103652
v 0.00738791 0.0268058 0.00989971
v 0.0073051 0.0242563 0.00887443
v 0.00737896 0.0260175 0.0095504
v 0.00735494 0.026021 0.00890944
v 0.00497036 0.0190944 0.00735218
v 0.00730406 0.0265758 0.00913232
v 0.00727761 0.0236521 0.00917083
v 0.00523309 0.0211207 0.00800734
v 0.00731553 0.0254516 0.0103713
v 0.0159191 0.0189182 0.00472892
v 0.0155518 0.0189232 0.00620211
v 0.0161278 0.0188181 0.00569093
v 0.00525942 0.0199022 0.0078099
v 0.00824704 0.0186464 0.00906289
v 0.00743116 0.0261124 0.0111939
v 0.00749328 0.0229622 0.0125439
v 0.00746477 0.0239231 0.0131596
v 0.00747802 0.0248197 0.0133631
v 0.00740765 0.025452 0.0116606
v 0.00743346 0.0253797 0.0136665
v 0.017152 0.0181171 0.00831327
v 0.00490859 0.019531 0.00766113
v 0.0173368 0.0162915 0.00807776
v 0.0172546 0.0156952 0.0034572
v 0.0167556 0.0185212 0.00190325
v 0.0168548 0.0180561 0.00197025
v 0.0171098 0.0168828 0.0078497
v 0.0171847 0.0163137 0.00422081
v 0.0171935 0.0163162 0.00537381
v 0.0172204 0.0156094 0.0047644
v 0.016347 0.0187077 0.00844409
v 0.00502519 0.0204636 0.00793675
v 0.0169346 0.0171094 0.00435543
v 0.0168583 0.0175592 0.00542757
v 0.0168156 0.0176501 0.00617456
v 0.0169367 0.017124 0.00618077
v 0.0149555 0.0191151 0.0042108
v 0.0157244 0.0188867 0.00776115
v 0.0162915 0.0186873 0.00731229
v 0.0169352 0.0177994 0.00489405
v 0.0167991 0.0183861 0.0015503
v 0.0168069 0.0180569 0.0010108
v 0.016805 0.017545 0.00141611
v 0.0164962 0.018657 0.00622654
v 0.0169553 0.0182517 0.00621166
v 0.0171596 0.0166104 0.00617384
v 0.0171302 0.0167754 0.00690616
v 0.0173596 0.0162355 0.00721825
v 0.0148208 0.0190549 0.00759089
v 0.00720445 0.0189576 0.00717034
v 0.0169478 0.0170207 0.00536278
v 0.0168824 0.0175206 0.00485489
v 0.0165638 0.0187591 0.00287891
v 0.0164767 0.0188166 0.00187966
v 0.0141501 0.0190355 0.00572891
v 0.00695352 0.0189292 0.00681661
v 0.00893906 0.0184859 0.00984246
v 0.0086334 0.0184592 0.0107393
v 0.00745074 0.0188019 0.00741805
v 0.00797345 0.0185922 0.00786546
v 0.00737076 0.02222 0.010646
v 0.00936573 0.0182137 0.0108876
v 0.00989328 0.0184199 0.00933598
v 0.00767169 0.0189952 0.0113232
v 0.00797687 0.0185576 0.011057
v 0.00760798 0.0188677 0.0108333
v 0.00658182 0.0188913 0.00650706
v 0.00756031 0.019242 0.0110625
v 0.00737715 0.0256923 0.0138425
v 0.00872211 0.0185663 0.00704038
v 0.00761458 0.0187481 0.00699705
v 0.017135 0.0177981 0.00795025
v 0.016893 0.0184519 0.00707089
v 0.0168401 0.0175373 0.000732707
v 0.0166839 0.0186272 0.00150039
v 0.00983146 0.0185314 0.00791334
v 0.00904649 0.0185508 0.00856116
v 0.0171165 0.0167711 0.00350822
v 0.0168971 0.0172646 0.00292055
v 0.0172659 0.0160865 0.00631471
v 0.00792115 0.0186401 0.00841236
v 0.0044482 0.021204 0.00793938
v 0.0015423 0.0186069 0.0048462
v 0.00400357 0.0184682 0.00573653
v 0.00354184 0.0187395 0.00683273
v -0.00256748 0.0190116 0.00860824
v 0.00334922 0.0198133 0.0138225
v 0.00350024 0.0203422 0.0138993
v 0.00339078 0.0203292 0.0133435
v -0.000342033 0.0189375 0.00999385
v 0.00111156 0.0188948 0.00889295
v -0.000329885 0.018942 0.00738846
v 0.00275297 0.01895 0.0136206
v 0.00304136 0.0192467 0.0132572
v 0.00274185 0.0189924 0.0125214
v -0.00253828 0.0187271 0.0155911
v -0.00548596 0.0189635 0.00782578
v -0.00404212 0.0188699 0.0117703
v 0.00248618 0.018825 0.0114495
v 0.0015052 0.0187723 0.0106589
v 0.00164526 0.0188215 0.0123335
v 0.00247338 0.0187792 0.0144031
v 0.0020059 0.0188332 0.013564
v 0.0012373 0.0186891 0.014444
v 0.00299577 0.018916 0.0109649
v 0.0026341 0.0187842 0.0103837
v -0.00696841 0.0188784 0.0113678
v 0.00299438 0.0189911 0.0115259
v 0.00394372 0.020914 0.0141582
v 0.00386658 0.0203468 0.0141382
v 0.00452055 0.020441 0.0142617
v 0.00318769 0.0192393 0.0105458
v 0.00296086 0.0190577 0.00971357
v 0.00312783 0.0195931 0.00969321
v 0.00291666 0.0192519 0.0089896
v 0.0031884 0.0199394 0.00894654
v 0.00364356 0.0208321 0.0140378
v 0.00322997 0.0195183 0.0116342
v 0.0032795 0.0196669 0.0127231
v 0.00328921 0.020431 0.00814755
v 0.0032417 0.0209954 0.00907081
v 0.00363046 0.0214076 0.0139823
v 0.004277 0.0214944 0.0142233
v 0.00373659 0.0222021 0.0140073
v 0.00334377 0.0202442 0.0106094
v 0.00323555 0.0195686 0.0134852
v 0.00323063 0.0202375 0.00964206
v 0.00517919 0.0211262 0.0142721
v 0.00442782 0.0227712 0.0142826
v 0.00398675 0.022666 0.0141883
v 0.00419573 0.0222534 0.0142842
v 0.00484844 0.0221161 0.0142523
v 0.00334301 0.021384 0.0133635
v 0.00345299 0.0208434 0.01374
v 0.00240659 0.0184758 0.00528709
v 0.00326856 0.0207345 0.0100122
v 0.000999951 0.0187345 0.00589532
v 0.0034414 0.0222457 0.0137956
v 0.00347316 0.0218962 0.0137661
v 0.00336152 0.0207447 0.0121924
v 0.0032538 0.0209749 0.0104962
v 0.00334463 0.021823 0.0102528
v 0.00362969 0.0230054 0.0139342
v 0.00396446 0.0232224 0.0142275
v 0.00336212 0.0220782 0.0135017
v 0.00439577 0.0235937 0.0142647
v 0.00336408 0.0213666 0.0112003
v 0.00372367 0.0234718 0.0140132
v 0.00341165 0.0225579 0.0136357
v 0.00514068 0.0230194 0.0142716
v 0.00325225 0.0238076 0.00944575
v 0.00328653 0.0224275 0.00920903
v 0.0033773 0.0231997 0.01036
v 0.0033256 0.0223813 0.0128305
v 0.00335769 0.0228589 0.0115159
v 0.00388747 0.0237418 0.0141278
v 0.00402368 0.0240287 0.014186
v 0.00507837 0.0240328 0.0142223
v 0.00330929 0.0242006 0.010591
v 0.00336587 0.0218666 0.0119213
v 0.00361962 0.0238007 0.0139171
v 0.00367947 0.0241624 0.0140351
v 0.00347586 0.0239594 0.0136229
v 0.00357619 0.0235221 0.0137821
v 0.00240176 0.0186764 0.00666302
v 0.00339028 0.0232388 0.0134463
v 0.00307903 0.0195358 0.00838563
v 0.00371028 0.019991 0.00791229
v 0.00363769 0.0195605 0.0077924
v 0.00330973 0.0197268 0.00797734
v 0.0030922 0.0191948 0.00792719
v 0.00328133 0.0190413 0.00740747
v 0.00345729 0.0192852 0.00762749
v 0.00408358 0.0193256 0.00755575
v 0.0023323 0.0189763 0.00839016
v 0.00253396 0.0188765 0.00752794
v 0.00285665 0.018831 0.0071562
v 0.00140669 0.0188497 0.00755561
v 0.0031781 0.0246302 0.0099956
v 0.00331361 0.0237883 0.0110648
v 0.00337473 0.0239727 0.0127944
v 0.00472007 0.0249403 0.0142879
v 0.00417409 0.0244175 0.0141795
v 0.0031679 0.0248579 0.00922837
v 0.00333377 0.0249739 0.0107114
v 0.00355229 0.0246319 0.0136784
v 0.0033218 0.0257312 0.0106138
v 0.00337058 0.0264201 0.0103884
v 0.00324984 0.0257939 0.00970415
v 0.00339977 0.0255077 0.0115289
v 0.00335646 0.0265956 0.0113335
v 0.0035424 0.0307323 0.0140972
v 0.00372522 0.0297933 0.0143123
v 0.00386598 0.0308003 0.0143332
v 0.00386946 0.0319327 0.0144304
v 0.00405797 0.0313998 0.0144054
v 0.00455752 0.0321734 0.0144725
v 0.00335472 0.0244072 0.0115595
v 0.00441112 0.0258054 0.0142498
v 0.0039232 0.0252002 0.0141282
v 0.00321472 0.0251899 0.0100777
v 0.00353482 0.0255482 0.013575
v 0.00339757 0.0249775 0.0130865
v 0.00213101 0.0186415 0.0153226
v 0.00379659 0.01886 0.0142161
v 0.00351099 0.0194349 0.0141133
v 0.00317999 0.0189868 0.0141475
v -0.00165878 0.0189316 0.0117385
v 0.00379595 0.0258387 0.0140444
v 0.00343181 0.0278104 0.0131897
v 0.00340426 0.0271517 0.0132173
v 0.00332767 0.0274541 0.0135368
v 0.00403709 0.0196141 0.0142021
v 0.00361832 0.0199298 0.0140862
v 0.00329654 0.0185499 0.0149647
v 0.00473773 0.0195026 0.0142976
v 0.00470607 0.0186587 0.0144787
v 0.000419797 0.0185736 0.0157568
v 0.00544878 0.0341089 0.0142109
v 0.00498656 0.034491 0.0140594
v 0.00307229 0.0192322 0.0136969
v 0.00228958 0.018794 0.00950572
v 0.00332193 0.0251126 0.0123799
v 0.00512822 0.0261322 0.0143752
v 0.00450811 0.0265832 0.0142287
v 0.00321899 0.026749 0.00955847
v 0.00312388 0.0191266 0.0111248
v 0.00393562 0.0264493 0.0141363
v 0.00346322 0.026049 0.0122525
v 0.00343847 0.0256045 0.0129166
v 0.00440336 0.0340458 0.0143414
v 0.00515512 0.0254916 0.0143874
v 0.00351151 0.0317353 0.014063
v 0.00343963 0.0310733 0.0132437
v 0.00413735 0.0271388 0.0142146
v 0.00347194 0.0263922 0.0131762
v 0.00326079 0.0271986 0.010636
v 0.00353861 0.0270553 0.0137977
v 0.00354465 0.0262344 0.0138029
v 0.00321578 0.0194047 0.0138968
v -0.0028778 0.0186906 0.0151335
v -0.000326819 0.018972 0.00516739
v -0.00167917 0.0186461 0.0152842
v 0.0046823 0.0271048 0.014246
v 0.000945189 0.0187877 0.0133867
v 0.00484668 0.0278092 0.0141758
v 0.00360279 0.0282435 0.0139732
v 0.00351684 0.0278061 0.0137514
v 0.00395572 0.0279365 0.0140714
v -0.00115919 0.0186438 0.0163359
v 0.00437206 0.0220307 0.00795407
v 0.00342333 0.0272499 0.0122276
v 0.00429475 0.0185801 0.0146966
v 0.0034768 0.0298008 0.0135156
v 0.00325757 0.027242 0.0114534
v 0.00339886 0.0270715 0.0116734
v 0.00430446 0.0332866 0.0144664
v 0.00365125 0.0336039 0.0142022
v 0.00335534 0.0308433 0.0120403
v 0.00341194 0.0280343 0.0113794
v 0.00342962 0.0294199 0.011214
v 0.00464773 0.0289394 0.0142165
v 0.00342355 0.0300098 0.012627
v 0.00433274 0.0307484 0.0143955
v 0.00360543 0.0326875 0.0142753
v 0.00337134 0.0324221 0.0134512
v 0.00348592 0.0287076 0.0126234
v 0.00351369 0.0286898 0.0136818
v 0.00446412 0.0189761 0.0142724
v 0.00372386 0.0312869 0.0143681
v 0.00391529 0.028798 0.014194
v 0.00432649 0.0297694 0.0143207
v -0.00400137 0.0187588 0.0143343
v -0.00248061 0.018804 0.0138821
v -0.0003781 0.0188217 0.0139329
v 0.000272473 0.018862 0.0121943
v 0.00437882 0.0198589 0.00779904
v 0.00413125 0.0204772 0.00795758
v 0.00411667 0.018942 0.00719482
v 0.00331663 0.0249454 0.00846996
v 0.00378857 0.0219359 0.00795293
v 0.00329947 0.0223908 0.00847606
v 0.00325678 0.0231328 0.0086552
v 0.00337076 0.0218673 0.00815147
v 0.00331266 0.0211999 0.00835508
v 0.00325352 0.021698 0.00859466
v 0.00334031 0.0240479 0.00849549
v 0.00377715 0.0210214 0.0079776
v 0.00339867 0.0211929 0.00793128
v 0.00399478 0.022972 0.00802743
v 0.00343119 0.0228699 0.00806916
v 0.00412678 0.0224277 0.00803562
vn 0.876654 0.193963 -0.440291
vn 0.973595 0.0780002 -0.214542
vn 0.573411 0.089024 -0.814417
vn 0.423748 0.255134 -0.869105
vn 0.756349 0.450994 -0.473857
vn 0.21761 0.0403469 -0.975202
vn 0.598473 0.0249706 -0.800754
vn 0.294161 -0.0414315 -0.954857
vn 0.916141 0.0470201 -0.398088
vn 0.315673 0.05882 -0.947043
vn -0.58412 0.0480987 -0.810241
vn -0.9975 -0.014028 -0.0692656
vn -0.997611 0.000637099 -0.0690724
vn -0.144899 -0.00232669 -0.989444
vn -0.0209393 0.0186908 -0.999606
vn -0.45105 -0.0914458 -0.887802
vn -0.0575478 -0.0252341 -0.998024
vn -0.0341067 0.0242211 -0.999125
vn -0.0280839 0.0197724 -0.99941
vn -0.0209509 0.0195804 -0.999589
vn -0.861549 -0.0805299 -0.501247
vn -0.872372 -0.0912003 -0.480259
vn -0.0748906 -0.0502419 -0.995925
vn -0.25562 0.0316713 -0.966258
vn -0.0512905 0.337208 -0.940032
vn -0.00105373 0.294586 -0.955625
vn -0.0107863 0.149724 -0.988669
vn -0.22786 0.0142802 -0.973589
vn -0.205544 0.0944507 -0.974079
vn -0.0493258 0.0694488 -0.996365
vn -0.382753 0.921836 -0.0609827
vn -0.469176 0.882127 0.0415536
vn -0.146344 0.988517 -0.0376613
vn -0.0501216 0.183596 -0.981723
vn -0.299891 0.338148 -0.892032
vn -0.0716762 0.545533 -0.835018
vn -0.325395 0.865381 -0.381095
vn -0.207185 0.711144 -0.671825
vn -0.262088 0.504226 -0.822841
vn -0.646208 0.62071 -0.443998
vn -0.000525645 0.920845 -0.389928
vn -0.656095 0.61805 -0.433074
vn -0.432051 0.660272 -0.614307
vn -0.0662717 0.0231162 -0.997534
vn -0.0695511 -0.0165399 -0.997441
vn -0.12673 0.00243539 -0.991934
vn -0.765651 0.591988 -0.251651
vn -0.592182 0.743644 -0.310346
vn -0.656335 0.748601 -0.093917
vn -0.214793 -0.0429824 -0.975713
vn -0.210931 -0.227805 -0.950586
vn -0.122157 -0.167129 -0.978338
vn 0.0830721 0.165538 -0.982698
vn 0.158358 -0.0505688 -0.986086
vn -0.0574578 -0.0281617 -0.997951
vn -0.0292968 -0.235053 -0.971541
vn -0.0898533 -0.228023 -0.969501
vn 0.171063 -0.169178 -0.970627
vn 0.346114 0.20003 -0.916621
vn 0.356508 0.0770871 -0.931107
vn -0.254099 -0.10936 -0.960976
vn 0.54501 -0.00981881 -0.838372
vn 0.720318 0.0255844 -0.693172
vn -0.403469 -0.175948 -0.897917
vn 0.169293 -0.127653 -0.977264
vn -0.732213 -0.0131021 -0.68095
vn -0.0904953 -0.0351754 -0.995276
vn 0.531664 -0.114218 -0.839218
vn 0.978236 0.141219 -0.152025
vn 0.840242 0.043945 -0.540428
vn 0.794837 0.244455 -0.555406
vn 0.995108 0.0348921 -0.0924271
vn 0.981035 0.184154 -0.0604787
vn 0.999093 0.0177213 -0.0387212
vn 0.973931 0.00733979 -0.226725
vn 0.997807 -0.0130871 -0.0648881
vn 0.0545211 0.0371683 -0.997821
vn 0.0636281 0.993942 0.0896141
vn 0.0208482 0.998164 0.0568742
vn 0.0830157 0.996541 -0.00390981
vn -0.0553999 0.986568 0.153669
vn -0.0653102 0.995924 0.0622018
vn -0.0292912 0.99615 0.0826253
vn -0.0894384 0.992107 0.087885
vn -0.195781 0.97527 0.102561
vn -0.117891 0.992855 0.0184756
vn 0.00286306 0.999995 0.0010877
vn 0.0614904 0.998043 0.011369
vn -0.00998834 0.998682 0.0503537
vn -0.0298576 0.997365 0.0661238
vn -0.16469 0.984841 0.0544603
vn -0.190678 0.978591 0.0774679
vn -0.0245808 0.998526 -0.0483866
vn 0.73035 0.553527 -0.400245
vn 0.177383 0.97768 -0.112597
vn 0.285741 0.931358 -0.225666
vn 0.218274 0.973774 0.0641976
vn -0.0431027 0.997453 0.0568307
vn -0.0331414 0.999441 0.00446722
vn 0.120493 0.992695 -0.00624967
vn 0.0824921 0.990804 -0.107253
vn -0.0047507 0.997861 -0.0652018
vn 0.0232352 0.991632 0.126987
vn 0.0768459 0.975928 -0.204108
vn 0.0514804 0.998349 -0.0254866
vn 0.723494 0.196112 -0.661889
vn 0.398881 0.66189 -0.634662
vn 0.048767 0.882425 -0.467918
vn 0.16333 0.808251 -0.565733
vn 0.0360022 0.555022 -0.831056
vn -0.003672 0.997266 -0.0738063
vn 0.0283629 0.942978 -0.331644
vn -0.117608 0.983539 0.137186
vn -0.227815 0.951579 -0.206392
vn -0.193593 0.966924 -0.166072
vn -0.187643 0.960764 -0.20426
vn -0.0476982 0.995967 -0.0759901
vn 0.0874337 0.994146 -0.0634711
vn -0.0968534 0.982384 -0.159816
vn -0.189465 0.969493 -0.15552
vn -0.137969 0.990192 -0.0219981
vn -0.17524 0.977755 -0.115263
vn -0.20408 0.966525 -0.155502
vn -0.159109 0.979341 -0.124799
vn -0.215736 0.959819 -0.17946
vn 0.173817 0.971604 0.16054
vn 0.0595826 0.993153 -0.100486
vn 0.0226495 0.998504 0.0497731
vn 0.193891 0.980929 0.0136071
vn 0.191253 0.980558 0.0439183
vn 0.153637 0.987614 0.0318446
vn -0.0673964 0.996634 0.0466628
vn -0.0561425 0.998407 -0.00559528
vn 0.00560789 0.999545 0.029629
vn 0.0192126 0.997435 0.0689495
vn 0.0270178 0.998934 -0.037427
vn 0.0416747 0.999127 -0.00289065
vn 0.000764004 0.998232 -0.0594352
vn 0.0954401 0.994932 0.0316597
vn -0.0392936 0.994904 -0.092854
vn 0.0381263 0.998085 -0.0487165
vn -0.00305715 0.999264 0.0382482
vn 0.0959696 0.995339 0.00949422
vn 0.0414483 0.99692 -0.0665846
vn 0.122393 0.986612 0.10778
vn 0.56374 -0.281542 -0.776486
vn 0.335936 -0.175299 -0.925428
vn 0.446561 -0.314628 -0.837611
vn 0.798022 -0.339849 -0.497659
vn 0.624921 -0.33472 -0.705292
vn 0.991286 -0.110389 -0.0718841
vn 0.97239 -0.0283812 -0.231628
vn 0.887936 -0.0913803 -0.450799
vn 0.858459 -0.24108 -0.45269
vn 0.979576 0.00185049 0.201067
vn 0.985208 -0.0167321 0.170546
vn 0.973162 -0.0923842 0.210761
vn 0.992519 0.00892853 0.121761
vn 0.973922 -0.202518 -0.102284
vn 0.957542 -0.263393 -0.117205
vn 0.996507 0.0516519 -0.0656179
vn 0.997391 -0.00777538 -0.0717656
vn 0.99975 -0.0218531 -0.0046653
vn 0.147953 -0.138035 -0.979314
vn 0.19984 -0.0582153 -0.978098
vn 0.997095 -0.0431418 -0.0627782
vn 0.668998 -0.143726 -0.729235
vn 0.770427 -0.277235 -0.574094
vn 0.984014 -0.102505 0.145636
vn 0.994861 -0.04035 -0.0928584
vn 0.915832 0.00591925 -0.401518
vn 0.815839 0.0854186 -0.571936
vn 0.696576 0.12951 -0.705697
vn 0.531085 -0.123147 -0.838322
vn 0.438634 0.0527941 -0.897114
vn 0.183254 -0.200506 -0.962401
vn 0.989471 -0.116333 0.086104
vn 0.998536 -0.0376707 -0.0388185
vn 0.991497 0.0221151 -0.128238
vn 0.0574756 -0.178908 -0.982186
vn 0.998595 0.0528305 -0.00406496
vn 0.997879 0.0354627 -0.054597
vn 0.999363 0.00366464 -0.0355127
vn 0.988644 0.133411 -0.0691633
vn 0.994117 -0.0541884 -0.0937845
vn 0.990888 0.115549 -0.0692115
vn 0.997722 -0.036352 -0.0568289
vn 0.981398 0.187866 -0.0395582
vn 0.987823 0.125399 -0.0920902
vn 0.992369 0.111185 -0.0533076
vn 0.994253 -0.0778321 -0.0735025
vn 0.988041 -0.151138 0.0305408
vn 0.999999 0.00108048 0.000218958
vn 0.985567 -0.145655 -0.0862681
vn 0.960811 0.277202 0.00149402
vn 0.963682 0.2555 -0.0776969
vn 0.98453 0.171918 -0.0338258
vn 0.987237 -0.122339 -0.10196
vn 0.980164 -0.193241 0.0440103
vn 0.988714 -0.128757 0.076588
vn 0.998414 0.0561946 0.0034507
vn 0.988738 0.13609 -0.062255
vn 0.997961 -0.0532823 0.0351549
vn 0.998159 -0.0576204 -0.0189131
vn 0.988436 0.125748 -0.0847416
vn 0.984121 -0.110703 0.13875
vn 0.996596 -0.0570886 -0.0594809
vn 0.994951 -0.0210304 -0.0981298
vn 0.995284 -0.0780422 -0.0576201
vn 0.966339 0.108163 0.233431
vn 0.998546 -0.0484489 0.023616
vn 0.909075 0.407765 -0.0855008
vn 0.979607 0.104482 0.171622
vn 0.94868 0.316177 -0.00617096
vn 0.957462 0.288558 0.000630133
vn 0.967326 0.190916 -0.166827
vn 0.924585 0.360459 -0.123332
vn 0.821732 -0.569611 0.0173079
vn 0.677904 -0.707258 0.20058
vn 0.907211 -0.374737 0.191155
vn 0.906363 -0.421849 0.0234451
vn 0.895432 -0.440844 0.0621184
vn 0.864384 -0.486103 0.128625
vn 0.0766873 -0.995926 -0.0474395
vn 0.0789436 -0.996725 -0.0175407
vn 0.00887458 -0.999928 0.00811299
vn 0.743634 -0.401614 0.534523
vn 0.239266 -0.970713 -0.021648
vn 0.329608 -0.938156 -0.105938
vn 0.307197 -0.94975 -0.0600479
vn 0.0512471 -0.998684 -0.00181961
vn 0.946602 -0.29226 0.13612
vn 0.962748 -0.117387 0.243592
vn 0.964998 -0.24833 0.0843336
vn 0.961978 -0.069049 0.264254
vn 0.445064 -0.601878 0.663069
vn 0.829712 -0.540448 0.139621
vn 0.809475 -0.532973 0.246355
vn 0.387606 -0.904944 0.175609
vn 0.284822 -0.956425 -0.0642503
vn 0.559102 -0.826326 -0.0677569
vn 0.30302 -0.952811 -0.0181916
vn 0.224208 -0.961694 0.157716
vn 0.754957 -0.653812 0.0506833
vn 0.895755 -0.441501 -0.0519727
vn 0.910767 -0.409633 -0.0519935
vn 0.90302 -0.428454 -0.0313293
vn 0.318098 -0.938269 -0.135884
vn 0.371502 -0.921234 -0.11539
vn 0.281675 -0.954556 -0.0973714
vn 0.00489128 -0.999866 -0.0155943
vn 0.963301 -0.248045 0.102589
vn 0.977138 -0.0492013 0.206837
vn 0.254945 -0.966929 0.00710013
vn 0.167989 -0.985539 0.0222078
vn 0.132067 -0.991064 -0.0187161
vn 0.607401 -0.792017 -0.0614256
vn 0.0180515 -0.999663 -0.0186769
vn 0.0357415 -0.998594 -0.0391578
vn 0.110439 -0.993837 -0.00957784
vn 0.948658 -0.210011 0.236525
vn 0.956249 0.275265 -0.0990841
vn 0.983895 0.178739 -0.00189997
vn -0.0331893 0.124129 -0.991711
vn 0.00206166 0.0484629 -0.998823
vn 0.419747 0.89387 -0.157508
vn 0.440827 0.895051 -0.0674963
vn 0.620159 0.779725 -0.0862089
vn 0.564742 0.0575356 -0.82326
vn 0.189125 0.0342022 -0.981357
vn 0.727288 0.0555885 -0.684078
vn 0.154007 0.794881 -0.586896
vn 0.17081 0.976842 -0.128857
vn 0.780886 0.589937 -0.205405
vn 0.786774 0.614585 -0.0571928
vn 0.929754 0.366577 -0.0343333
vn 0.0676703 0.11985 -0.990483
vn 0.0284846 0.256633 -0.966089
vn 0.328235 0.42353 -0.844325
vn 0.993411 0.0121367 -0.113959
vn 0.99069 0.119156 -0.065837
vn 0.997457 0.0071153 -0.0709193
vn 0.573753 0.817688 -0.0468409
vn 0.18462 0.982802 -0.00403186
vn 0.0749987 0.513372 -0.854883
vn 0.454158 0.616014 -0.643636
vn 0.947538 0.0113348 -0.319442
vn 0.965963 0.0444591 -0.254831
vn 0.995586 0.0225254 -0.0911071
vn 0.449398 0.796069 -0.405358
vn 0.982935 0.182497 -0.0230898
vn 0.11779 0.44226 -0.889118
vn 0.0665353 0.304412 -0.950214
vn -0.998329 0.0317735 0.0482605
vn -0.994766 0.0426914 0.0928381
vn -0.996389 0.00214042 0.0848792
vn -0.965069 0.260449 0.0284179
vn -0.793652 0.266872 -0.546713
vn -0.992973 0.0836132 -0.0837442
vn -0.866351 -0.121863 -0.48434
vn -0.995518 -0.0519178 -0.0790462
vn -0.997801 -0.0545396 -0.0376728
vn -0.460265 -0.168606 -0.871624
vn -0.689673 -0.211787 -0.692458
vn -0.780711 -0.085093 -0.619072
vn -0.907952 -0.00867685 -0.418983
vn -0.959707 -0.0788103 -0.269726
vn -0.998834 -0.00198422 -0.0482326
vn -0.774909 0.117381 -0.621077
vn -0.46419 -0.0232006 -0.885432
vn -0.956769 0.286017 -0.0527873
vn -0.0942486 0.313844 -0.944785
vn -0.181439 0.375387 -0.908936
vn -0.111884 0.466677 -0.877322
vn -0.99938 0.0103654 -0.0336416
vn -0.978085 -0.00603798 -0.208117
vn -0.998166 0.00852955 0.0599394
vn -0.999147 0.000782933 0.0412987
vn -0.147304 0.131105 -0.980364
vn -0.28079 0.190555 -0.940662
vn -0.476886 0.407614 -0.778737
vn -0.0418691 0.434036 -0.899922
vn -0.995854 0.0542449 0.0730282
vn -0.992677 0.0217203 -0.118831
vn -0.960584 0.269847 0.066788
vn -0.999653 0.00615658 0.025619
vn -0.999939 0.010753 0.00252428
vn -0.99879 -0.00374047 0.0490358
vn -0.997711 0.00380479 -0.0675186
vn -0.999214 0.0393441 -0.00490584
vn -0.996741 0.0784941 0.0185951
vn -0.923737 0.3822 -0.0251596
vn -0.98072 0.193459 0.0275944
vn -0.978262 0.200695 -0.0522095
vn -0.835364 0.547215 -0.0521781
vn -0.985362 0.153809 0.0735131
vn -0.948153 0.317781 0.00451616
vn -0.961968 0.261274 -0.0797105
vn -0.991383 0.121456 -0.0490677
vn -0.999392 0.0135288 -0.0321269
vn -0.788766 0.614634 -0.0085024
vn -0.694139 0.719838 -0.00199356
vn -0.912749 0.405119 0.0526199
vn -0.750934 0.660251 -0.0129519
vn -0.996297 -0.0130995 -0.0849762
vn -0.998089 0.0526791 -0.0322902
vn -0.994235 0.0912955 -0.0562298
vn -0.934627 0.350262 -0.0615549
vn -0.74427 0.666981 0.0346172
vn -0.815667 0.577852 0.0278293
vn -0.916289 0.0206082 0.399987
vn -0.992679 -0.05994 0.104856
vn -0.66223 -0.0571149 0.74712
vn -0.780046 -0.0742648 0.621299
vn -0.992394 0.00582516 0.122968
vn -0.835957 0.303883 0.456981
vn -0.497435 0.5975 0.628929
vn -0.902015 0.410641 0.133202
vn -0.997256 0.0156682 0.0723476
vn -0.973879 0.0478891 0.221961
vn -0.884371 0.0609015 0.462796
vn -0.3474 0.0733966 0.93484
vn -0.997858 0.0519903 0.0397126
vn -0.358702 0.400125 0.843346
vn -0.107202 0.490503 0.86482
vn -0.713383 0.692171 0.109473
vn -0.699871 0.67727 0.226904
vn -0.871989 0.484398 -0.0706651
vn -0.46649 0.62604 0.62487
vn -0.994727 0.0912333 0.0468513
vn -0.875415 0.46787 0.121434
vn -0.963053 0.257308 0.0795044
vn -0.82149 0.530271 0.209683
vn -0.81704 0.537375 0.208981
vn -0.50301 0.654931 0.563956
vn -0.687489 0.706087 0.169707
vn -0.391532 0.919376 0.0380828
vn -0.250968 0.967572 0.0286348
vn 0.0707163 0.997455 0.00912237
vn -0.140154 0.974212 0.176825
vn -0.552698 0.83127 -0.059286
vn -0.456169 0.840687 0.291814
vn -0.753674 0.655587 -0.0467033
vn -0.612846 0.789302 0.0377108
vn -0.811695 0.396102 0.429247
vn -0.565687 0.348284 0.74746
vn 0.164267 0.985594 0.0402532
vn 0.0393537 0.989488 0.139156
vn 0.287572 0.954879 0.0742134
vn -0.980762 0.0967282 0.169558
vn -0.056544 0.234267 0.970527
vn -0.0865206 0.467034 0.879996
vn -0.397734 0.625376 0.671351
vn -0.807933 0.4863 0.332802
vn -0.94387 0.319768 0.0828144
vn -0.0110634 0.563713 0.825897
vn 0.0144725 0.856903 0.515275
vn -0.125051 0.748712 0.650993
vn -0.778034 0.622541 0.0842964
vn -0.459981 0.887868 -0.0104234
vn -0.206499 0.975069 0.0812384
vn -0.721439 0.691399 -0.0386415
vn -0.853998 0.514396 0.0780009
vn -0.864222 0.495516 0.0870882
vn -0.515681 0.668392 0.536028
vn 0.0710478 0.975496 0.208231
vn -0.00392231 0.96588 0.258959
vn -0.998227 0.0483697 0.0346932
vn -0.998694 0.0412365 0.0301685
vn -0.863562 0.429513 0.264158
vn -0.999534 0.00110749 0.0305018
vn -0.950231 0.311385 -0.0100341
vn -0.993653 0.11126 0.0165584
vn -0.99897 0.0135261 0.0433072
vn -0.639929 0.756868 0.132822
vn -0.965649 0.255572 -0.0469678
vn -0.98728 0.154764 0.0364157
vn -0.83496 0.5496 -0.0279696
vn -0.963476 0.114944 -0.241874
vn -0.965718 0.132663 -0.223136
vn -0.744212 0.191466 -0.639913
vn -0.993637 0.105544 -0.0393132
vn -0.967978 0.0239873 -0.249885
vn -0.998591 0.0530469 -0.00136605
vn -0.664433 0.278375 -0.693567
vn -0.853491 0.398247 -0.336084
vn -0.968609 0.239974 0.0648794
vn -0.912348 0.407688 -0.0375829
vn -0.722701 0.0684133 -0.687767
vn -0.579638 0.0420087 -0.813791
vn -0.994359 0.0935697 0.0499524
vn -0.997784 -0.0149272 0.0648397
vn -0.996436 0.0141213 0.0831608
vn -0.99979 0.00153775 -0.0204484
vn -0.468755 0.879818 0.078669
vn -0.699608 0.712115 0.0586557
vn -0.831241 0.547533 -0.0961581
vn -0.683856 -0.0451774 -0.728217
vn -0.974422 0.0231176 -0.223532
vn -0.871255 0.00768255 -0.49077
vn -0.869737 0.486868 0.0807252
vn -0.249931 0.965698 0.0704459
vn -0.998407 -0.00108211 0.0564178
vn -0.792445 0.581874 -0.182902
vn -0.829018 0.544607 -0.12701
vn -0.759704 0.630665 0.158468
vn -0.357406 -0.0259907 0.933588
vn -0.308806 0.0851971 0.947302
vn -0.283974 -0.00585397 0.958814
vn -0.0868087 -0.0747813 0.993414
vn -0.280208 -0.063609 0.957829
vn -0.306883 -0.147377 0.940267
vn -0.168933 -0.102582 0.980275
vn -0.148042 -0.0403929 0.988156
vn -0.0865378 -0.0989343 0.991324
vn -0.415006 -0.150903 0.897217
vn -0.389222 -0.102667 0.915404
vn -0.459568 -0.127617 0.878926
vn -0.333788 -0.7299 0.596516
vn -0.19694 -0.813425 0.547316
vn -0.392698 -0.416798 0.819797
vn -0.2556 -0.923897 0.284749
vn -0.0657101 -0.969379 0.236613
vn -0.0962465 -0.0546105 0.993858
vn -0.217102 -0.0186824 0.97597
vn -0.168322 -0.613063 0.771895
vn -0.147097 -0.0239631 0.988832
vn -0.339659 -0.428809 0.837111
vn -0.446325 -0.297117 0.844106
vn -0.481688 -0.591365 0.646733
vn -0.494532 -0.110226 0.862142
vn -0.436121 -0.0649176 0.897544
vn -0.192643 -0.110489 0.975029
vn -0.397177 0.104622 0.911759
vn -0.290807 -0.0441205 0.955764
vn -0.427289 0.0674322 0.901597
vn -0.458942 0.0661121 0.886003
vn -0.493659 -0.0267399 0.869244
vn -0.49698 -0.0771612 0.864325
vn -0.310981 -0.102562 0.944866
vn -0.428301 0.05239 0.902116
vn -0.21934 -0.163809 0.961799
vn -0.356455 -0.142857 0.923327
vn -0.422226 -0.0958205 0.901412
vn -0.420395 0.0165059 0.907191
vn -0.433169 -0.0957171 0.896216
vn -0.510975 -0.0998158 0.853781
vn -0.441693 0.0457814 0.895998
vn -0.477781 0.0591051 0.876488
vn -0.449684 -0.023778 0.892871
vn -0.223996 -0.0320674 0.974062
vn -0.248574 -0.0868773 0.964709
vn -0.457177 -0.122062 0.88096
vn -0.0812926 -0.995882 0.040124
vn -0.46089 -0.047651 0.886177
vn -0.347864 -0.0862953 0.933565
vn -0.324142 -0.0640391 0.943839
vn -0.0169573 -0.0383593 0.99912
vn -0.500997 -0.0968843 0.860009
vn -0.564893 -0.0556545 0.823285
vn -0.272185 0.631524 -0.726012
vn -0.254782 0.691676 -0.675774
vn -0.0334264 0.572313 -0.819354
vn -0.911808 0.408745 0.0391599
vn -0.653495 0.688221 -0.315113
vn -0.765808 0.585929 -0.265
vn -0.264982 0.535024 -0.802206
vn -0.0531109 0.757187 -0.651035
vn -0.571344 0.820217 -0.0284406
vn -0.555062 0.830726 0.0424244
vn -0.863054 0.47911 0.159974
vn -0.811536 0.493918 -0.312176
vn -0.867669 0.495658 0.0383898
vn -0.501543 0.865112 -0.00592385
vn -0.135815 0.990718 -0.00565393
vn -0.908073 0.418725 -0.00853568
vn -0.234101 0.933837 -0.270453
vn -0.750687 0.656985 0.0695659
vn -0.504154 0.805707 -0.310911
vn -0.765864 0.635537 0.0976988
vn -0.659142 0.75176 0.0197299
vn -0.0852879 0.993924 0.0695823
vn 0.0752926 0.916456 -0.392987
vn -0.0498984 0.985578 -0.1617
vn 0.548336 0.829708 -0.104457
vn 0.221082 0.970537 -0.0958187
vn 0.557059 0.829967 -0.0289949
vn 0.891714 0.452479 0.0104624
vn 0.768099 0.640223 0.0118046
vn 0.808252 0.588805 0.006104
vn 0.81709 0.575644 -0.0315996
vn 0.89077 0.452169 -0.0455212
vn 0.282563 0.895958 -0.342663
vn 0.47235 0.880494 -0.0402028
vn 0.926971 0.363661 -0.0920642
vn 0.805016 0.479426 -0.349428
vn 0.777022 0.603204 -0.17995
vn 0.354681 0.712769 -0.605113
vn 0.111469 0.79134 -0.601129
vn 0.257554 0.965973 0.0236963
vn 0.907911 0.329826 -0.258675
vn 0.211103 0.601789 -0.77025
vn 0.223518 0.942454 -0.248636
vn 0.482425 0.45706 -0.747236
vn 0.92817 0.364214 -0.0764713
vn 0.860277 0.508127 -0.0416115
vn 0.929558 0.368465 0.0125135
vn -0.264148 0.541737 0.797964
vn -0.581473 0.687998 0.434222
vn -0.190883 0.406677 0.893408
vn -0.109695 0.370382 0.92238
vn 0.462508 0.833985 0.300926
vn 0.169881 0.795441 0.581734
vn 0.618389 0.650537 0.440905
vn 0.837861 0.541063 0.0723882
vn 0.845089 0.533615 -0.0328542
vn 0.749989 0.65844 0.0630357
vn 0.724693 0.689062 0.00371283
vn 0.855384 0.517509 -0.0224097
vn 0.845726 0.533591 0.00528206
vn 0.634149 0.772614 0.0303772
vn 0.996355 0.0262019 -0.0811814
vn 0.991717 0.114905 -0.0573891
vn 0.980191 0.177045 -0.08877
vn -0.106165 0.978141 0.178798
vn 0.0642386 0.646755 0.759988
vn -0.142101 0.802491 0.579495
vn 0.99864 -0.037138 -0.0365953
vn 0.992635 -0.0412775 -0.113895
vn 0.976566 0.213445 -0.0275657
vn -0.523468 0.791585 0.315238
vn -0.585215 0.807572 0.073146
vn -0.737382 0.67498 0.0258889
vn 0.993661 0.105093 -0.03992
vn 0.944394 0.328446 -0.0155827
vn 0.86518 0.501262 -0.0141504
vn 0.837318 0.522165 0.161995
vn 0.816177 0.577771 0.00601413
vn 0.914958 0.403399 -0.010992
vn 0.0735854 0.951046 0.300161
vn 0.142768 0.855745 0.49731
vn -0.00095885 0.937946 0.346781
vn 0.248168 0.932108 0.263795
vn 0.280082 0.957824 0.064245
vn -0.0260411 0.336933 0.941168
vn 0.720378 0.541149 0.433836
vn 0.476012 0.602134 0.640974
vn 0.199214 0.392921 0.897734
vn 0.0714923 0.524453 0.848433
vn -0.0487402 0.158746 0.986116
vn -0.0277583 0.194367 0.980536
vn 0.976329 0.183039 0.115234
vn -0.321036 0.906736 0.273434
vn 0.998576 -0.043694 -0.0306013
vn 0.999078 -0.022999 -0.0362447
vn 0.97166 0.01571 -0.235859
vn 0.998157 -0.00391354 -0.0605572
vn -0.926409 -0.0532246 -0.372739
vn -0.719869 -0.00287343 -0.694104
vn -0.98371 0.012896 -0.179298
vn -0.0519769 -0.0424947 -0.997744
vn -0.0897184 -0.0277139 -0.995582
vn 0.0345192 -0.00496898 -0.999392
vn -0.00119767 -0.0022363 -0.999997
vn 0.15396 0.0168487 -0.987933
vn 0.011674 0.0156303 -0.99981
vn 0.759125 0.00240327 -0.650941
vn 0.622125 0.00958002 -0.782859
vn -0.0246774 -0.0139942 -0.999598
vn -0.0592271 -0.0636992 -0.99621
vn 0.998932 -0.0128742 -0.0443829
vn 0.984639 -0.0370036 -0.170637
vn 0.869028 0.0273349 -0.494007
vn 0.802675 -0.0378865 -0.595212
vn -0.498459 -0.0398736 -0.865996
vn -0.653541 0.043296 -0.755652
vn 0.960725 -0.0368832 -0.27504
vn 0.901133 -0.0434945 -0.431355
vn 0.986385 -0.0403092 -0.159437
vn -0.178479 0.013505 -0.983851
vn -0.998427 -0.033632 0.044865
vn -0.995072 -0.0709155 -0.0693069
vn 0.299896 -0.0190456 -0.953782
vn 0.690296 0.0267338 -0.723033
vn 0.962035 0.0264645 -0.271639
vn 0.9975 0.025036 -0.0660895
vn 0.957138 -0.0148195 -0.289254
vn 0.132342 -0.05344 -0.989762
vn -0.0222558 -0.00752858 -0.999724
vn 0.453168 -0.0367003 -0.89067
vn 0.380861 0.04167 -0.923693
vn 0.868405 -0.0566114 -0.492614
vn 0.450783 0.00160986 -0.892632
vn -0.21602 -0.0352721 -0.975752
vn -0.149385 -0.0391541 -0.988004
vn -0.999765 -0.0124676 0.017753
vn 0.999328 -0.00859849 -0.0356352
vn -0.471187 -0.0133511 -0.881932
vn -0.721941 0.0317085 -0.691227
vn 0.863512 0.0429862 -0.502493
vn -0.755651 -0.0144824 -0.654815
vn -0.810879 0.129627 -0.570677
vn -0.997387 0.0590777 -0.0415857
vn -0.420036 -0.0598113 -0.905535
vn -0.998142 0.0295381 0.0533
vn 0.996703 -0.0128321 -0.0801111
vn 0.25848 -0.0127872 0.965932
vn 0.0441883 0.00121063 0.999023
vn 0.118251 0.0461029 0.991913
vn 0.615886 -0.0388663 0.786876
vn 0.98534 0.0188191 0.169563
vn 0.98337 -0.0714441 0.166969
vn 0.773291 -0.0376732 0.632932
vn 0.467907 0.0739246 0.88068
vn 0.950648 -0.0703494 0.302192
vn 0.990997 -0.0774545 0.109208
vn 0.787136 -0.0926637 0.609779
vn 0.717424 0.0181528 0.6964
vn 0.470744 0.0532981 0.880659
vn 0.94217 -0.0137467 0.334854
vn 0.99873 -0.020448 0.0460524
vn 0.99306 -0.0466736 -0.107948
vn 0.995205 -0.0653896 -0.0727425
vn 0.996008 0.0339459 -0.082564
vn 0.993842 0.0219302 -0.108611
vn 0.230783 -0.0661941 0.970751
vn 0.0598678 -0.0476446 0.997069
vn 0.445586 -0.0164627 0.895088
vn 0.928035 0.00850941 0.372395
vn 0.709743 0.00426068 0.704448
vn 0.194191 -0.00838133 0.980928
vn -0.0143861 -0.0560328 0.998325
vn -0.00777652 -0.119414 0.992814
vn -0.00990382 -0.0217223 0.999715
vn 0.728289 -0.121257 0.674457
vn 0.455932 0.0117916 0.889936
vn 0.851615 -0.00561787 0.524137
vn 0.987968 -0.0794101 0.132717
vn 0.852454 -0.0988824 0.513365
vn 0.981869 0.0268047 0.187657
vn 0.989895 -0.118976 -0.0771526
vn 0.265391 -0.0431696 0.963174
vn 0.0648959 -0.0719343 0.995296
vn 0.0152525 -0.0619576 0.997962
vn -0.0107737 -0.00375449 0.999935
vn 0.0251209 0.0714208 0.99713
vn 0.0426416 0.0832475 0.995616
vn 0.00857433 0.134419 0.990887
vn 0.994843 -0.0714179 -0.0720161
vn 0.290183 -0.147982 0.94546
vn 0.00766404 -0.0958013 0.995371
vn 0.81131 0.0737814 0.579942
vn 0.943102 0.0169768 0.33207
vn 0.983482 -0.178867 -0.027733
vn 0.999859 -0.0159715 0.00511452
vn 0.0528015 -0.0270588 0.998238
vn -0.0395174 0.0603528 0.997395
vn 0.195625 0.038089 0.979939
vn 0.0457563 -0.12652 0.990908
vn -0.0210681 -0.0178616 0.999619
vn 0.997249 -0.0357036 -0.0649597
vn 0.999744 -0.00865624 0.0209124
vn 0.998949 -0.0417556 -0.0189278
vn 0.991953 0.0250316 -0.124109
vn 0.99486 -0.0891686 -0.0479907
vn 0.264475 -0.0394985 0.963583
vn -0.0571392 0.100308 0.993314
vn 0.999179 -0.0126598 -0.0384876
vn -0.354032 0.0200916 0.935018
vn 0.0200165 -0.0176885 0.999643
vn -0.0622563 -0.0266162 0.997705
vn 0.0726515 0.0503703 0.996085
vn 0.998585 -0.00460628 -0.0529716
vn 0.161284 0.104007 0.981412
vn 0.194396 0.0750842 0.978045
vn -0.128719 0.177279 -0.975707
vn -0.167422 0.147643 -0.974768
vn -0.136991 0.0712438 -0.988007
vn 0.294176 0.209405 -0.932529
vn 0.19716 0.328092 -0.923842
vn 0.159386 0.152976 -0.975292
vn 0.0273462 0.213466 -0.976568
vn -0.116259 0.318177 -0.940876
vn 0.077042 0.115005 -0.990373
vn 0.0893828 0.323011 -0.942165
vn 0.066072 0.000247976 -0.997815
vn 0.0728028 -0.108678 -0.991408
vn -0.0456601 -0.0693754 -0.996545
vn 0.564241 0.186453 -0.80428
vn 0.191934 0.833285 -0.518456
vn 0.0439594 0.747348 -0.662977
vn 0.306401 0.695515 -0.649906
vn 0.0549259 0.515698 -0.855008
vn -0.0166721 0.416051 -0.909188
vn 0.092535 0.482906 -0.870769
vn -0.127418 0.432108 -0.892775
vn 0.993317 0.0244633 -0.112796
vn -0.0667371 -0.104497 -0.992284
vn 0.930102 0.20989 -0.301424
vn 0.788343 0.402871 -0.464984
vn 0.952664 0.207037 -0.222635
vn 0.466976 0.589826 -0.658816
vn 0.476833 0.665038 -0.574765
vn 0.977699 0.139758 -0.156759
vn -0.0386826 0.0665015 -0.997036
vn -0.178117 0.295657 -0.938542
vn 0.821117 0.450654 -0.350254
vn 0.625778 0.549305 -0.553775
vn 0.677253 0.328307 -0.65844
vn 0.88678 0.303144 -0.348892
vn 0.284333 0.479683 -0.830096
vn 0.297984 0.600982 -0.741637
vn 0.191817 0.46287 -0.865423
vn 0.384498 0.305495 -0.871111
vn 0.445466 0.510948 -0.735182
vn 0.520337 0.19491 -0.83142
vn 0.930764 0.100085 -0.351655
vn 0.792654 0.102938 -0.600918
vn 0.0960934 0.601349 -0.793187
vn 0.540198 0.521201 -0.660708
vn 0.423516 0.768513 -0.479606
vn 0.518818 0.767837 -0.375838
vn 0.932613 0.299323 -0.201591
vn 0.998618 0.0102981 -0.0515348
vn -0.0518428 0.545513 -0.836497
vn -0.0437894 0.667818 -0.743036
vn -0.107784 0.554934 -0.824882
vn -0.196854 0.40362 -0.893498
vn -0.160202 0.517046 -0.840832
vn -0.202771 0.260319 -0.943991
vn 0.147172 0.192052 -0.970287
vn 0.991368 0.12746 -0.0307172
vn 0.544734 0.622614 0.561798
vn 0.588101 0.765944 0.259745
vn 0.0845979 0.794623 0.60118
vn -0.153994 0.778747 0.608145
vn 0.0327889 0.804608 0.592901
vn 0.56212 0.692625 -0.451987
vn 0.500171 0.755437 -0.423255
vn 0.880695 0.372401 -0.292733
vn 0.920864 0.293815 0.256287
vn 0.930602 0.364619 0.0321346
vn 0.993628 0.109606 0.0262661
vn 0.989569 0.139738 0.0350272
vn 0.997105 -0.0631192 -0.0423977
vn 0.994662 -0.0568585 -0.0861086
vn 0.994543 -0.101992 -0.0219608
vn 0.996373 0.0792466 -0.0310058
vn 0.151402 0.952581 -0.263944
vn 0.147206 0.854263 -0.498563
vn 0.00226321 0.890985 0.454027
vn -0.0393808 0.903371 0.427047
vn -0.160708 0.832836 0.529676
vn 0.953907 0.277303 -0.114732
vn 0.90497 0.311585 -0.289732
vn 0.985427 -0.0414739 -0.164964
vn 0.21398 0.823554 -0.52533
vn 0.185995 0.89541 -0.404533
vn 0.0382785 0.871996 -0.488014
vn 0.987857 0.153904 0.021284
vn 0.565169 0.80032 0.200181
vn 0.176519 0.962831 0.204446
vn 0.668982 0.737654 0.0912674
vn -0.0681786 0.99765 -0.00680899
vn 0.101023 0.99046 0.0937212
vn -0.0733465 0.884778 0.460204
vn -0.191725 0.823957 0.533232
vn 0.984006 0.0630093 -0.166618
vn 0.237089 0.955011 -0.178163
vn 0.257246 0.917601 0.303041
vn 0.230718 0.857413 0.460013
vn 0.0749013 0.96876 -0.236419
vn 0.175595 0.979706 -0.0966599
vn 0.098725 0.993964 0.0478389
vn 0.133246 0.971267 -0.197197
vn 0.0648452 0.795116 -0.602981
vn 0.236544 0.893763 0.381098
vn 0.118589 0.943049 0.310799
vn 0.574695 0.776474 -0.258485
vn 0.12996 0.974199 0.184519
vn 0.503269 0.844172 -0.184645
vn 0.1789 0.81335 0.553585
vn 0.196318 0.890634 0.410159
vn 0.131323 0.875364 0.465288
vn 0.83891 0.508627 -0.193724
vn 0.781421 0.623089 0.0337719
vn 0.070025 0.882873 -0.464362
vn 0.0145844 0.881687 -0.47161
vn 0.239509 0.965702 0.100281
vn 0.11397 0.861505 0.494793
vn -0.0136218 0.899107 -0.437517
vn 0.104842 0.98428 -0.14213
vn -0.0118197 0.968757 0.247732
vn -0.00393342 0.994768 -0.102086
vn 0.00853904 0.960779 -0.277184
vn 0.0891331 0.920805 -0.379701
vn 0.0796024 0.98399 0.159458
vn 0.606703 0.791842 0.0699836
vn -0.0950732 0.863365 0.495542
vn -0.0222139 0.963052 -0.268399
vn 0.153005 0.884133 0.441474
vn -0.0183245 0.996383 0.0829723
vn 0.763886 0.592261 0.256331
vn -0.140143 0.967504 0.210466
vn -0.0133356 0.875619 0.482818
vn 0.010391 0.842669 0.538332
vn 0.0456673 0.958691 0.280759
vn -0.0250272 0.922838 -0.384375
vn -0.0135983 0.941073 -0.337931
vn 0.0339381 0.893074 -0.448627
vn 0.154894 0.861221 0.484052
vn 0.189443 0.872654 0.450095
vn -0.0398873 0.994268 -0.0991972
vn 0.989444 -0.0712482 -0.126194
vn 0.110455 -0.00971067 0.993834
vn 0.622524 -0.0102647 0.782533
vn 0.388842 -0.0160292 0.921165
vn 0.838836 -0.0387585 0.543002
vn 0.34873 -0.00581756 0.937205
vn 0.838174 -0.0441077 0.543616
vn 0.990204 -0.0126925 0.13905
vn 0.733759 -0.0321073 0.678651
vn -0.0496617 0.157475 0.986274
vn -0.0267312 -0.0456913 0.998598
vn -0.0388645 0.191124 0.980796
vn -0.0341758 0.0842813 0.995856
vn -0.0139085 0.321059 0.946957
vn 0.0506907 -0.0763905 0.995789
vn 0.0709885 -0.0749528 0.994657
vn -0.0655928 0.280212 0.957695
vn 0.996078 -0.0340884 0.0816489
vn 0.07166 0.134946 0.988258
vn 0.996087 -0.0439286 -0.0766826
vn 0.998588 -0.0168068 0.0504032
vn 0.723041 0.297231 0.623591
vn 0.279219 0.382831 0.880612
vn 0.258185 0.0840388 0.962433
vn 0.992472 -0.0990946 -0.0719629
vn 0.99558 -0.06486 -0.0679221
vn 0.998043 -0.0150992 -0.0606892
vn 0.994268 -0.0295475 -0.102757
vn 0.99483 0.0608639 -0.0812901
vn 0.99494 0.0453005 -0.0896774
vn 0.996606 0.00827236 -0.0819036
vn 0.998995 0.0206397 -0.0397767
vn 0.999739 0.0142845 0.0178285
vn 0.999385 -0.0328733 -0.0121686
vn 0.9986 0.0494007 -0.0189158
vn -0.593001 -0.0733687 0.801853
vn -0.471991 -0.0493008 0.880224
vn -0.894307 0.0455777 0.445126
vn -0.975599 -0.021728 0.218482
vn 0.064064 -0.0289644 0.997525
vn 0.99709 -0.0762365 0.000101405
vn -0.927624 0.0331662 0.37204
vn -0.131642 -0.0127573 0.991215
vn -0.173579 -0.0878892 0.98089
vn 0.0225332 -0.00804548 0.999714
vn 0.0197509 -0.082162 0.996423
vn -0.60818 0.00358052 0.793791
vn -0.202572 -0.00525277 0.979253
vn -0.725191 0.017206 0.688332
vn -0.00939882 -0.0578665 0.99828
vn -0.0245515 -0.00948195 0.999654
vn 0.00781887 -0.086947 0.996182
vn -0.0685852 0.33085 0.941188
vn -0.294444 0.045316 0.954594
vn -0.78701 0.0873338 0.610727
vn 0.318191 -0.0449334 0.946961
vn 0.983666 -0.00857459 0.1798
vn 0.959089 -0.0448645 0.279527
vn -0.0279484 -0.073932 0.996872
vn 0.992005 -0.072219 -0.10349
vn 0.277314 -0.0836371 0.957132
vn 0.580054 -0.0918762 0.80938
vn 0.957866 -0.011147 0.286999
vn -0.0213665 0.376154 0.926311
vn 0.624674 0.0427828 0.779712
vn 0.630236 0.739669 -0.235992
vn 0.117722 0.975591 -0.185376
vn 0.704485 0.706305 -0.0695255
vn 0.964411 0.262633 -0.0305989
vn 0.111071 0.928488 -0.354364
vn 0.637766 0.665724 -0.387384
vn 0.0733699 0.950842 0.300858
vn 0.109635 0.927117 0.358377
vn -0.111739 0.72888 -0.675462
vn -0.103158 0.913335 -0.393925
vn 0.0785678 0.990827 0.109949
vn 0.12045 0.989148 -0.0841331
vn 0.247153 0.968823 -0.0172203
vn 0.0706247 0.992667 -0.0981089
vn 0.0278259 0.970046 -0.241321
vn 0.0464202 0.998837 0.0130026
vn 0.135792 0.945167 -0.297019
vn 0.348412 0.925201 -0.150374
vn 0.620029 0.694051 0.365864
vn 0.234633 0.878829 -0.415461
vn 0.549677 0.833475 0.0563486
vn 0.67866 0.728381 -0.0942425
vn 0.820821 0.345029 -0.4552
vn 0.933596 0.258546 -0.248099
vn 0.00832216 0.947426 -0.319867
vn 0.0286969 0.991833 -0.124277
vn 0.330644 0.745172 -0.579132
vn -0.147083 0.814488 -0.561228
vn -0.0237811 0.877722 -0.47858
vn -0.108106 0.686754 -0.718806
vn -0.152117 0.654094 -0.74096
vn 0.00609546 0.962745 0.270342
vn 0.0559363 0.937855 0.34249
vn 0.982413 0.185726 0.0192505
vn 0.436144 0.466105 -0.769756
vn 0.0778603 0.905831 -0.416423
vn 0.0511569 0.995849 0.075284
vn 0.040722 0.990939 0.127988
vn -0.214903 0.536477 -0.816094
vn -0.0686003 0.407921 -0.910436
vn 0.0960312 0.771391 0.629074
vn 0.0252394 0.778035 0.627714
vn 0.0835735 0.98372 0.159091
vn 0.0623634 0.85272 0.518632
vn 0.0520066 0.997784 -0.0414996
vn 0.097903 0.812108 0.575236
vn 0.0635896 0.897479 0.436449
vn 0.139111 0.983732 -0.113662
vn 0.71265 0.698334 -0.0667762
vn 0.381152 0.914314 0.136944
vn 0.00508258 0.98922 -0.146351
vn 0.0340329 0.998098 0.0513969
vn 0.0323869 0.973679 -0.22561
vn -0.0500354 0.786661 -0.615354
vn -0.0057429 0.867228 -0.497878
vn 0.538131 0.259557 -0.801901
vn 0.0487051 0.998185 -0.0354132
vn -0.059899 0.736647 -0.67362
vn -0.020261 0.880597 -0.473432
vn 0.00842168 0.904562 -0.426258
vn -0.044064 0.964908 -0.258863
vn -0.0437628 0.948022 -0.315181
vn 0.0469144 0.980972 0.188395
vn 0.495136 0.857224 0.141444
vn 0.189067 0.981932 -0.00793341
vn 0.932899 0.359579 0.0200553
vn 0.238837 0.818224 0.522941
vn 0.144183 0.964762 0.220102
vn -0.996591 0.0340579 -0.0751437
vn -0.995589 0.00464791 -0.0937047
vn -0.997535 0.0473664 -0.0517671
vn -0.997938 0.0616626 -0.0178342
vn -0.999533 0.000147524 -0.0305579
vn -0.354854 0.139937 -0.92439
vn -0.563831 0.0391055 -0.824964
vn -0.925415 0.0842727 -0.369465
vn -0.996852 0.0786747 -0.00986022
vn -0.99816 1.02408e-05 -0.0606421
vn -0.996854 0.0544684 0.0575765
vn -0.998628 0.049393 0.0173791
vn -0.0492837 0.0341125 -0.998202
vn -0.102149 0.0210974 -0.994545
vn -0.0838625 0.0288512 -0.99606
vn 0.0198119 -0.0665942 0.997583
vn -0.99642 0.0578768 0.0616286
vn -0.999222 -0.00239281 0.039374
vn -0.998775 0.0295933 0.03967
vn -0.994483 0.090519 0.0530026
vn -0.998965 0.0398457 0.0219606
vn -0.99625 0.037795 0.0778353
vn -0.998016 -0.0290303 -0.0558726
vn -0.0907825 -0.00340847 -0.995865
vn -0.898272 0.013309 -0.439237
vn -0.947126 0.0301034 0.319448
vn -0.469944 -0.0073044 0.882666
vn -0.677 -0.0642599 0.733172
vn -0.999816 0.0150259 0.0119438
vn -0.999691 0.00701506 0.0238391
vn -0.999382 -0.000364694 0.0351634
vn -0.725191 0.0589807 -0.686017
vn -0.845967 -0.0164753 -0.532981
vn -0.447389 0.0144278 -0.894223
vn -0.828223 -0.0361801 -0.55923
vn -0.324114 0.0099388 -0.945966
vn -0.998186 0.00571862 0.0599261
vn -0.132835 0.0362031 -0.990477
vn -0.0616073 0.0281045 -0.997705
vn -0.0960048 0.0211015 -0.995157
vn -0.157105 -0.0931556 0.983179
vn -0.180367 -0.142141 0.973275
vn -0.324769 -0.0308913 -0.945289
vn -0.996906 0.0043783 0.0784769
vn -0.998795 0.0419887 -0.0254225
vn -0.775511 -0.0100623 -0.631253
vn -0.159843 0.0244343 -0.98684
vn -0.368409 0.00342157 -0.929657
vn -0.999077 -0.00131376 0.0429367
vn -0.291448 -0.120626 0.948951
vn -0.216568 -0.00448869 0.976257
vn -0.989494 -0.00936742 -0.144268
vn -0.869511 0.075799 -0.488062
vn -0.999398 0.00319914 0.0345397
vn -0.911903 -0.0139796 0.410168
vn -0.593152 -0.0450766 0.803828
vn -0.996901 0.00395746 0.0785677
vn -0.927398 -0.0248685 0.373249
vn -0.999638 0.026325 0.00562078
vn -0.999277 0.0160667 0.0344626
vn -0.735458 -0.0552909 0.675311
vn -0.978266 -0.0693082 0.195425
vn -0.378515 0.0254125 0.925246
vn -0.0130201 0.0711752 0.997379
vn -0.434539 -0.032274 0.900075
vn -0.646567 0.0545827 0.760902
vn -0.99662 0.0302779 0.0763637
vn -0.181858 0.0276547 0.982936
vn -0.128182 0.0143381 0.991647
vn 0.00137862 0.0453483 0.99897
vn 0.000975646 -0.185522 0.98264
vn 0.694003 0.71174 -0.108563
vn 0.823018 0.510903 -0.248231
vn 0.303401 0.933557 -0.190841
vn 0.0689194 0.89641 -0.437834
vn 0.125386 0.949485 -0.287675
vn 0.389866 0.781429 -0.48721
vn 0.0820881 0.828175 -0.554425
vn 0.0916684 0.980275 -0.175093
vn -0.00625278 0.956111 -0.292939
vn 0.995164 0.0903417 -0.0385744
vn 0.923575 0.381697 0.0362729
vn 0.989656 0.13901 -0.0354696
vn 0.602593 0.587853 0.539733
vn 0.895245 0.342052 0.285546
vn 0.690436 0.661213 0.29342
vn -0.0258337 0.978033 0.206845
vn 0.753238 0.542749 0.37156
vn 0.531338 0.688074 0.4942
vn 0.581926 0.784285 0.215079
vn 0.00165264 0.919026 -0.394194
vn 0.0343531 0.957391 -0.286744
vn 0.0544078 0.971588 -0.230341
vn 0.108593 0.946445 0.304056
vn 0.0987745 0.979893 0.17336
vn 0.0144113 0.967574 0.252178
vn 0.10737 0.760039 -0.640946
vn 0.0189214 0.825534 -0.564035
vn 0.105162 0.994455 -0.00103291
vn 0.175404 0.930456 0.321692
vn -0.034262 0.978646 0.202677
vn 0.164182 0.966449 0.197538
vn 0.367562 0.916092 0.16023
vn 0.245336 0.962824 0.113049
vn 0.414168 0.903609 -0.109346
vn 0.0442529 0.773859 -0.631811
vn 0.00425659 0.777673 -0.628654
vn 0.979808 0.135954 -0.146608
vn 0.975902 0.127776 -0.176885
vn 0.94432 0.165402 -0.284433
vn 0.813622 0.417876 -0.404227
vn 0.741484 0.542635 -0.394652
vn 0.943565 0.248924 -0.218454
vn 0.943609 0.288415 -0.162537
vn 0.717125 0.598693 -0.356789
vn 0.99495 0.0910739 -0.0421916
vn 0.425048 0.835453 0.348356
vn 0.285398 0.825166 0.487492
vn 0.0431489 0.995248 -0.0872945
vn 0.0516342 0.995895 0.0743492
vn -0.0119305 0.897908 0.440022
vn -0.0571966 0.81915 0.570721
vn -0.0644594 0.926915 0.369693
vn 0.629855 0.762464 -0.148092
vn 0.446858 0.771394 -0.453066
vn -0.0335644 0.925648 -0.376893
vn 0.995378 -0.0238584 -0.0930234
vn 0.999408 -0.021875 -0.0265714
vn 0.9993 -0.0281026 -0.0246903
vn 0.854545 0.501904 -0.133585
vn 0.18605 0.927539 0.324125
vn -0.0155835 0.99638 0.0835689
vn 0.123218 0.883087 0.452742
vn 0.265351 0.769471 -0.58095
vn 0.999341 0.035162 -0.00895765
vn 0.00656289 0.997515 0.0701424
vn 0.0300145 0.999044 -0.0317796
vn 0.512161 0.617894 -0.596572
vn 0.0710026 0.796742 0.600133
vn 0.0286712 0.857549 -0.513602
vn 0.417752 0.743608 0.522045
vn 0.0230056 0.973959 -0.225555
vn 0.935582 0.313711 0.162083
vn 0.796803 0.588618 0.136505
vn 0.416761 0.66343 0.621426
vn 0.906634 0.421813 -0.00936398
vn 0.251712 0.725185 0.640896
vn 0.252852 0.966898 -0.0342726
vn 0.811413 0.584074 -0.0216182
vn 0.982521 0.180046 0.047294
vn 0.999783 -0.0117961 0.017153
vn -0.0175434 0.875414 0.483056
vn 0.0526974 0.912668 0.40529
vn 0.0316782 0.822865 0.567353
vn -0.0176777 0.753154 0.657607
vn 0.0985784 0.878456 0.467543
vn 0.174482 0.851692 0.494142
vn 0.513531 0.76364 0.39133
vn 0.533348 0.809578 0.2452
vn 0.939548 0.30798 0.149661
vn 0.994864 -0.0508598 -0.087515
vn 0.997821 0.0623415 -0.0215879
vn 0.998271 0.0518087 0.02776
vn 0.994055 -0.0358681 -0.1028
vn 0.440949 0.13483 0.887347
vn 0.480807 0.00330333 0.87682
vn 0.268842 0.0625935 0.961148
vn -0.0775115 0.983249 0.164967
vn -0.147429 0.982328 0.115307
vn -0.233813 0.968955 0.080361
vn -0.0983248 0.993503 -0.0573043
vn 0.840344 0.129126 0.526449
vn 0.745971 -0.0266638 0.665444
vn 0.264382 -0.0112643 0.964352
vn -0.232343 0.972115 0.031774
vn -0.239947 0.968241 -0.0702429
vn -0.237835 0.967152 -0.0897314
vn 0.089857 0.993188 0.0741852
vn 0.288349 -0.050848 0.956174
vn 0.0603964 0.0104632 0.99812
vn 0.471943 0.416294 0.777154
vn 0.121632 0.0309351 0.992093
vn 0.421722 0.797443 0.43155
vn 0.519212 0.836334 0.17597
vn 0.787348 0.46451 0.405356
vn 0.0254078 0.997617 -0.0641505
vn 0.225867 0.973747 0.0283118
vn -0.134183 0.98911 -0.060463
vn 0.356364 0.541176 0.761665
vn 0.200713 0.240732 0.949612
vn -0.0626478 0.99636 -0.057813
vn -0.127043 0.982656 -0.135085
vn 0.0895576 0.995097 0.0419686
vn 0.259047 0.953708 0.152761
vn -0.212643 0.973301 0.0864186
vn -0.0416167 0.99114 0.126137
vn 0.294763 0.954394 0.0474127
vn -0.134466 0.990901 0.00587698
vn 0.326682 0.929563 0.170857
vn 0.219524 0.974876 0.0377683
vn 0.514783 0.856916 0.0263446
vn 0.450284 0.887313 0.0996028
vn 0.422816 0.884402 0.197634
vn 0.0925414 0.0152733 0.995592
vn -0.00973401 -0.0834521 0.996464
vn 0.200212 -0.068852 0.97733
vn -0.160689 0.980598 -0.112283
vn 0.0282089 0.0807063 0.996339
vn 0.301227 0.86842 0.39384
vn 0.40301 0.914253 0.0415178
vn 0.355457 0.934684 0.00403588
vn 0.64122 0.764134 0.0702612
vn -0.266536 0.960202 0.0834889
vn -0.07883 0.996245 0.0357996
vn 0.548862 0.832851 0.0714873
vn 0.927666 0.373399 0.00287081
vn 0.517679 0.855256 -0.0233575
vn 0.0130196 0.590404 0.807003
vn 0.198167 0.798645 0.568239
vn 0.0879072 0.995395 -0.0382178
vn 0.260642 0.962216 0.0787819
vn 0.583825 0.79412 0.168887
vn 0.557961 0.822371 0.111292
vn -0.175688 0.422314 0.88926
vn 0.208801 0.963136 0.16962
vn 0.150153 0.98743 0.0493554
vn 0.23658 0.968512 -0.0775552
vn 0.406455 0.911872 0.0572961
vn 0.961193 0.274425 -0.0282595
vn 0.992054 -0.0888468 -0.0890773
vn 0.999465 0.0281161 0.0166952
vn 0.999979 0.00184533 -0.0061672
vn -0.0282752 0.986026 0.164172
vn 0.339776 -0.00523499 0.940492
vn 0.0676584 0.0180868 0.997545
vn 0.992748 0.0125184 0.119558
vn 0.859055 0.0136729 0.511701
vn 0.954291 -0.00417455 0.298851
vn 0.316149 0.0478505 0.947502
vn 0.943731 -0.0429921 0.327908
vn 0.710385 0.0101056 0.70374
vn 0.997716 -0.0163605 0.0655415
vn 0.938615 -0.0249979 0.344059
vn 0.994513 -0.0176151 0.103123
vn 0.0391936 0.000110587 0.999232
vn 0.975572 0.216765 -0.0356752
vn 0.988282 0.152053 -0.0133792
vn 0.925532 0.378624 -0.00589175
vn -0.17215 0.866125 0.469246
vn -0.157857 0.956993 0.243403
vn 0.999447 -0.0230715 -0.02395
vn 0.999026 -0.00454042 -0.0438884
vn 0.997057 -0.0110837 -0.0758635
vn 0.958507 0.267245 0.0992234
vn 0.820445 0.564837 0.0884841
vn 0.276447 0.0470989 0.959874
vn 0.996334 0.0356496 0.0777668
vn 0.444943 -0.0291456 0.895084
vn 0.0758528 -0.0276756 0.996735
vn 0.730111 -0.0586913 0.680804
vn 0.797213 0.0321566 0.602841
vn 0.626107 0.779142 0.0304481
vn 0.40267 0.915295 0.00965594
vn 0.873816 0.485783 -0.0214507
vn 0.648109 0.761438 -0.0128689
vn 0.639869 0.0300156 0.767897
vn 0.372336 0.924007 0.087044
vn 0.32207 0.937885 0.129005
vn 0.428843 0.00310263 0.903374
vn 0.349707 0.0660559 0.934527
vn 0.980645 0.178389 0.0807035
vn 0.903799 0.0458115 0.425499
vn 0.74114 -0.0750035 0.667147
vn 0.997813 -0.0442697 -0.0490926
vn 0.917656 0.00101973 0.397374
vn 0.910468 -0.0155821 0.413286
vn -0.0720343 0.0531972 -0.995982
vn -0.0635901 -0.00775774 -0.997946
vn -0.0646759 -0.0214815 -0.997675
vn -0.0510182 0.413168 -0.909225
vn -0.0923074 0.847634 -0.52249
vn -0.0559353 0.640217 -0.766155
vn -0.108614 -0.0238583 -0.993798
vn -0.144093 -0.0341017 -0.988976
vn -0.0610161 0.000754786 -0.998137
vn -0.0642204 0.398765 -0.914802
vn -0.0604826 0.768243 -0.637295
vn -0.480207 0.396306 -0.782523
vn 5.95783e-05 0.352374 -0.935859
vn -0.0737124 0.884399 -0.460874
vn -0.0919913 0.342181 -0.93512
vn -0.0338352 0.99753 -0.0615599
vn 0.00739712 0.995621 -0.0931881
vn 0.13997 0.989307 -0.0409801
vn -0.14451 0.987194 -0.0675602
vn -0.115755 0.951732 -0.284264
vn -0.593611 0.690217 -0.413794
vn -0.514758 0.707443 -0.484302
vn -0.0287677 0.986562 -0.160833
vn -0.0620559 0.0667999 -0.995835
vn -0.0659442 0.997777 -0.00964027
vn 0.199157 0.978497 0.053659
vn -0.0672047 -0.0129966 -0.997655
vn -0.0513584 -0.00489789 -0.998668
vn -0.870477 0.0301187 -0.491288
vn -0.138866 -0.0143576 -0.990207
vn -0.121117 0.0622717 -0.990683
vn -0.250976 0.105038 -0.962277
vn -0.0416164 -0.00781939 -0.999103
vn -0.0663261 -0.0400513 -0.996994
vn -0.0395891 0.00200432 -0.999214
vn -0.0775159 0.00498493 -0.996979
vn 0.106414 0.948654 -0.297879
vn -0.0378166 0.990124 -0.135
vn 0.176754 0.984232 0.00678266
vn -0.416813 0.906362 -0.0691052
vn -0.0384066 0.0144568 -0.999158
vn -0.731595 -0.0195929 -0.681458
vn 0.212143 0.977207 0.00783868
vn -0.831017 -0.0652657 -0.552404
vn -0.808901 0.0803678 -0.582426
vn -0.813825 -0.0274956 -0.580459
vn -0.743954 0.286428 -0.603731
vn -0.778277 0.335239 -0.530942
vn -0.979124 0.0355469 -0.200133
vn -0.998345 0.0199873 0.0539253
vn -0.967899 0.0512261 -0.246064
vn -0.553999 0.117569 -0.824174
vn 0.163364 0.982625 -0.0880911
vn -0.0218277 0.872253 -0.488568
vn -0.407842 0.00529694 -0.913037
vn -0.0575121 0.0131902 -0.998258
vn -0.1004 0.0180519 -0.994783
vn -0.00632398 0.0485965 -0.998799
vn 0.110879 0.0421209 -0.992941
vn -0.0302673 -0.0782488 -0.996474
vn 0.6377 -0.0568731 -0.768182
vn -0.0477206 -0.0118732 -0.99879
vn -0.0333895 -0.0226419 -0.999186
vn -0.0850966 0.00370296 -0.996366
vn 0.561489 0.118389 -0.818971
vn -0.0763334 -0.0371212 -0.996391
vn -0.0571331 -0.0433869 -0.997423
vn -0.0362947 0.0482605 -0.998175
vn -0.0180049 -0.0391189 -0.999072
vn -0.0876956 0.0298421 -0.9957
vn -0.551753 0.0641396 -0.831537
vn -0.809046 0.150613 -0.56812
vn -0.255806 0.00611072 -0.966709
vn 0.0613062 0.988509 0.138169
vn -0.526862 0.120321 -0.841391
vn -0.206132 -0.00659051 -0.978502
vn -0.168522 -0.0109921 -0.985637
vn -0.167257 -0.0453765 -0.984869
vn -0.207195 -0.0359602 -0.977639
vn -0.89517 0.0211928 -0.44522
vn 0.162828 0.986554 0.0141149
vn 0.0587712 0.998247 -0.00696699
vn -0.762487 -0.0851754 -0.641373
vn -0.174296 -0.0200545 -0.984489
vn -0.211105 -0.0416073 -0.976578
vn -0.666339 0.0342404 -0.744862
vn -0.427365 0.83426 -0.348381
vn -0.330719 0.0017309 -0.943728
vn -0.358287 -0.0263799 -0.933239
vn -0.793055 0.0676803 -0.605379
vn -0.528866 0.770415 -0.356036
vn -0.998049 -0.0397902 0.0481034
vn -0.998187 0.0567133 -0.0201481
vn -0.991952 0.00821483 0.126351
vn -0.99754 0.00634226 -0.069813
vn -0.996266 0.017446 0.0845521
vn -0.999897 -0.00066878 -0.0143172
vn -0.939658 0.0148263 -0.341794
vn -0.896825 0.438529 -0.0582809
vn -0.0372538 -0.0536268 -0.997866
vn -0.933227 0.327071 -0.148699
vn -0.82408 0.563521 -0.0577604
vn -0.0502706 0.997987 -0.0386641
vn -0.755425 0.525321 -0.391625
vn -0.468168 0.862394 -0.1926
vn -0.844543 0.220787 -0.487852
vn -0.863758 0.0295068 -0.503042
vn -0.914987 0.105185 -0.389532
vn -0.639853 0.719027 -0.271271
vn -0.835308 0.395564 -0.381824
vn -0.355217 0.92906 -0.103285
vn -0.978634 -0.0307206 -0.2033
vn -0.989467 -0.0183086 -0.143596
vn -0.00185048 -0.010192 -0.999946
vn -0.985227 -0.0529398 0.162868
vn -0.997536 -0.032733 0.0620541
vn 0.505019 0.737845 0.447818
vn 0.674056 0.731116 0.105445
vn 0.378233 0.868576 0.32018
vn -0.0223686 0.174309 0.984437
vn 0.150218 0.51706 0.842664
vn 0.351907 0.451267 0.820073
vn 0.235882 0.680289 0.69395
vn 0.99907 -0.00270705 -0.0430247
vn 0.999518 0.00200995 -0.0309917
vn 0.998837 0.0426397 0.0225102
vn 0.999521 0.00362754 -0.0307436
vn 0.999181 0.0298357 -0.0273336
vn 0.156849 0.109361 0.981549
vn 0.682973 0.22191 0.69592
vn 0.00299776 0.284733 0.958602
vn 0.867777 0.462257 0.18243
vn 0.988717 0.128688 0.07667
vn 0.78122 0.0295381 0.623557
vn 0.990773 -0.0232397 0.133526
vn 0.998159 0.0212863 -0.0567931
vn 0.97346 0.198156 -0.114498
vn 0.94734 0.320207 0.00383293
vn 0.980251 -0.0448196 0.19261
vn 0.997208 0.0244417 -0.0705571
vn 0.272 -0.0398073 0.961474
vn 0.668811 -0.0154116 0.743272
vn 0.998317 -0.0154549 -0.0559048
vn 0.115858 0.00926146 0.993223
vn 0.53993 0.0451591 0.840498
vn 0.912883 -0.040134 0.406243
vn 0.94306 -0.089923 0.320236
vn 0.994842 -0.0700536 0.0733597
vn 0.775928 -0.139942 0.615103
vn 0.265528 -0.058092 0.962351
vn 0.36242 -0.199073 0.910506
vn 0.994157 -0.0583527 -0.0908071
vn 0.0389662 -0.100492 0.994175
vn 0.00921062 -0.0646184 0.997868
vn 0.984626 -0.0784806 0.156051
vn 0.908261 -0.0932635 0.407877
vn 0.69377 -0.146472 0.705145
vn 0.343895 -0.181778 0.921245
vn 0.142256 -0.182686 0.972825
vn 0.866565 -0.0703925 0.494075
vn 0.997349 -0.0625356 -0.0372025
vn 0.992456 0.00844034 0.122311
vn 0.734361 0.0720096 0.674929
vn 0.00404498 0.115634 0.993284
vn 0.0156295 -0.0201367 0.999675
vn 0.441667 -0.0281971 0.896736
vn 0.179696 -0.0404844 0.982889
vn 0.241086 0.102085 0.96512
vn 0.995862 -0.0432652 -0.0799138
vn 0.0723783 0.0579727 0.995691
vn 0.799784 0.14443 0.582654
vn 0.87595 0.060492 0.478594
vn 0.103125 0.111115 0.988443
vn 0.117692 0.107409 0.987224
vn 0.999929 -0.00667737 0.00988499
vn -0.00599261 0.101124 0.994856
vn 0.0499199 -0.10288 0.99344
vn 0.999638 0.000193476 -0.0268944
vn -0.0660208 0.240433 0.968418
vn -0.0668987 0.260821 0.963067
vn 0.999799 -0.0183633 -0.00810219
vn 0.999301 -0.0219101 -0.0302912
vn 0.74101 0.671081 -0.0235399
vn 0.89225 0.451221 -0.0170328
vn 0.807274 0.590054 0.0120825
vn 0.976743 0.18787 -0.103334
vn 0.974905 0.201032 -0.0956334
vn 0.910926 0.411557 -0.0288793
vn 0.940999 0.33725 0.0279777
vn 0.991078 0.127614 0.0384553
vn 0.408256 0.912845 0.00635042
vn 0.616202 0.729259 0.29745
vn 0.37174 0.928337 0.000699079
vn 0.736435 0.667656 0.109086
vn 0.602712 0.797639 -0.0225888
vn 0.997407 0.0576597 -0.0430687
vn 0.987269 0.153995 -0.0398176
vn 0.988887 0.145508 -0.0305061
vn 0.795738 0.603379 -0.0522988
vn 0.871183 0.489736 -0.0346213
vn 0.881531 0.467955 0.0626235
vn 0.879595 0.473687 -0.0439575
vn 0.917782 0.390625 -0.0713346
vn 0.909309 0.39636 -0.126712
vn 0.904753 0.420452 -0.0681327
vn -0.939379 0.321411 -0.119419
vn -0.784078 0.597575 -0.167708
vn -0.902769 0.416086 0.108998
vn -0.0589219 0.000205644 -0.998263
vn 0.518353 -0.0736384 -0.85199
vn -0.00719097 -0.0275488 -0.999595
vn -0.0435209 -0.0182894 -0.998885
vn -0.0847397 -0.03457 -0.995803
vn -0.0759404 0.177804 -0.981131
vn -0.508486 0.106897 -0.854409
vn -0.140864 0.0496436 -0.988783
vn -0.595202 0.159321 -0.787624
vn -0.0162286 0.0111921 -0.999806
vn -0.157934 0.03511 -0.986825
vn -0.15139 0.0108344 -0.988415
vn -0.638623 0.048735 -0.767975
vn -0.934307 0.101863 -0.341605
vn -0.876313 -0.106218 -0.469887
vn -0.439177 -0.0896299 -0.893918
vn -0.236669 -0.0828814 -0.968049
vn -0.10954 0.00542111 -0.993968
vn 0.0663836 -0.0442219 -0.996814
vn 0.133469 0.987653 -0.0820209
vn 0.0955684 0.982264 -0.161321
vn 0.0636543 0.987228 -0.146043
vn -0.0600707 -0.000597623 -0.998194
vn -0.0610097 -0.0164137 -0.998002
vn 0.00793202 0.00936807 -0.999925
vn -0.0158116 0.0013739 -0.999874
vn -0.0249068 0.000616813 -0.99969
vn -0.0409817 0.0140063 -0.999062
vn -0.0851487 0.0141271 -0.996268
vn 0.00352787 0.0428714 -0.999074
vn 0.201779 0.0095647 -0.979384
vn -0.527561 0.00541694 -0.8495
vn -0.0245907 0.0537752 -0.99825
vn 0.0935167 0.995532 -0.0130796
vn -0.0217453 0.998061 -0.0583139
vn 0.180308 0.979166 -0.0933948
vn 0.0115503 0.999827 -0.0145926
vn 0.0111756 0.86924 -0.494265
vn -0.107445 0.603601 -0.790014
vn -0.302075 0.950813 0.0685929
vn -0.313669 0.949468 -0.011106
vn 0.16883 0.985645 0.00103565
vn -0.0322944 -0.0414814 -0.998617
vn 0.0729316 0.0120753 -0.997264
vn 0.0589442 0.985792 -0.157286
vn -0.23488 0.964981 -0.116806
vn 0.0932776 0.993666 0.0626706
vn -0.484173 0.865246 -0.130097
vn -0.638446 0.764129 0.0921602
vn 0.0341535 0.999357 0.0109613
vn 0.0886315 0.969719 -0.227572
vn -0.158243 0.972388 -0.171523
vn -0.313584 0.924994 -0.214595
vn -0.157215 0.938432 -0.307619
vn -0.399861 0.786527 -0.470623
vn -0.58643 0.235819 -0.774912
vn -0.194819 0.638505 -0.744551
vn -0.18139 0.609819 -0.771504
vn -0.00786838 0.965474 -0.260379
vn -0.0276148 0.888216 -0.458596
vn -0.235602 0.954997 -0.1802
vn -0.0331461 0.043473 -0.998505
vn 0.192534 0.0417537 -0.980402
vn -0.0530834 -0.0431311 -0.997658
vn 0.0440369 0.999017 -0.00509322
vn 0.0256916 0.989324 -0.143453
vn 0.105684 0.989455 -0.0990398
vn -0.0677458 -0.0372551 -0.997007
vn -0.0532129 -0.0242958 -0.998288
vn -0.143075 0.0523454 -0.988327
vn 0.00447593 0.218238 -0.975885
vn 0.198536 0.962212 -0.186367
vn 0.157913 0.979028 -0.128718
vn 0.186763 0.96714 -0.17251
vn -0.07938 0.00190525 -0.996843
vn -0.210305 0.971949 -0.105293
vn -0.100988 0.969428 -0.22363
vn -0.140296 0.989984 -0.0157468
vn 0.0865124 0.978386 -0.187819
vn -0.0200403 0.999109 -0.0371487
vn 0.0755049 0.996042 0.0469078
vn -0.86503 0.495869 0.0764026
vn -0.689461 0.709765 0.144486
vn 0.0596632 0.998015 0.0201653
vn 0.19853 0.861937 -0.466529
vn 0.327221 0.0207566 -0.94472
vn -0.0854961 0.0198282 -0.996141
vn 0.132297 0.0420314 -0.990318
vn 0.266794 0.918898 -0.290599
vn 0.32385 0.920653 -0.217988
vn 0.317058 0.0390927 -0.9476
vn -0.0379049 -0.00177202 -0.99928
vn -0.0706564 0.0365159 -0.996832
vn 0.0962979 0.97864 -0.181631
vn 0.194685 -0.0235729 -0.980583
vn -0.0827724 -0.000811831 -0.996568
vn -0.320196 0.0619563 -0.945323
vn -0.430014 -0.0172032 -0.902658
vn -0.994135 0.0954372 0.0508739
vn -0.979126 0.0339691 -0.200395
vn -0.805754 0.0167946 -0.592012
vn -0.97485 -0.0278964 -0.221109
vn -0.999921 -0.0102254 0.00729314
vn -0.999816 0.00569681 -0.0183376
vn -0.999999 0.00138804 0.00102311
vn -0.819642 0.0838674 -0.566703
vn 0.764803 -0.643856 0.0229338
vn 0.501868 -0.860889 -0.0836594
vn 0.881807 -0.439005 -0.172309
vn 0.999023 0.00786313 -0.0434919
vn 0.999001 -0.00387565 -0.0445118
vn 0.998709 -0.000804023 0.0507982
vn 0.989464 0.13781 -0.0443803
vn 0.936295 -0.305112 -0.173949
vn 0.990591 -0.133542 -0.0299191
vn 0.998459 -0.040102 -0.0383642
vn 0.997528 -0.0572664 -0.0407122
vn 0.994462 -0.0197599 -0.10322
vn 0.995023 0.0720615 0.0688266
vn 0.992118 0.0426747 -0.117814
vn 0.997423 -0.0533809 -0.0479312
vn 0.992902 0.0223924 -0.116807
vn 0.976557 0.214851 0.0132601
vn 0.307135 -0.830179 -0.465264
vn 0.992695 -0.120595 -0.00378481
vn 0.991416 0.0794449 -0.103844
vn 0.996953 -0.0539232 -0.0563569
vn 0.995791 0.0086791 -0.0912429
vn 0.992763 0.00547969 0.119968
vn 0.998598 -0.0421461 0.0320208
vn 0.998055 0.00761492 -0.0618696
vn 0.998574 -0.0355503 0.0398291
vn 0.99791 0.0122412 -0.0634571
vn 0.996428 -0.0797395 0.0277944
vn 0.995809 0.00698031 -0.0911892
vn 0.668032 -0.744 -0.0140322
vn 0.993399 -0.064764 -0.0946787
vn 0.979908 -0.198859 0.0153192
vn 0.983101 -0.17987 0.0340432
vn 0.971327 -0.19224 0.139886
vn 0.99558 0.0505464 0.0791551
vn 0.926294 0.160476 -0.340921
vn 0.985641 0.156236 -0.064045
vn 0.98818 0.03957 -0.148103
vn 0.620102 -0.756966 -0.206099
vn 0.285191 -0.858177 -0.426847
vn 0.979159 0.202235 -0.0186703
vn 0.260904 -0.812459 -0.521383
vn 0.848553 -0.51024 0.140043
vn 0.893361 -0.449084 -0.015123
vn 0.984184 -0.154276 -0.0870662
vn 0.960104 -0.270234 -0.0719358
vn 0.957187 -0.286225 -0.043235
vn 0.527875 -0.84543 -0.0812125
vn 0.966799 -0.245284 0.0716608
vn 0.912995 -0.407242 -0.0243642
vn 0.959849 -0.280109 0.0151511
vn 0.700365 -0.13909 -0.700102
vn 0.918909 0.288381 -0.26915
vn 0.95695 -0.0923623 -0.275166
vn 0.245903 -0.262937 -0.93295
vn 0.235575 -0.263966 -0.935322
vn 0.316801 -0.254293 -0.913768
vn 0.632829 -0.771954 -0.060116
vn 0.959512 -0.281656 -0.00274192
vn 0.983181 -0.154347 0.0976328
vn 0.376334 -0.212366 -0.901817
vn 0.977155 -0.038407 -0.20903
vn 0.845206 -0.00944533 -0.534358
vn 0.128025 -0.392172 -0.910939
vn 0.577725 -0.172126 -0.797876
vn 0.124318 -0.231512 -0.964856
vn 0.0334662 -0.249436 -0.967813
vn 0.0969427 -0.472318 -0.876081
vn -0.0223156 -0.267539 -0.963289
vn 0.17602 -0.571753 -0.801321
vn 0.416442 -0.0379162 -0.908371
vn 0.760176 -0.19862 -0.618614
vn 0.455649 -0.345348 -0.820438
vn 0.779931 0.113875 -0.615419
vn 0.0867636 -0.187414 -0.978442
vn 0.962111 0.0284818 -0.271165
vn 0.93014 -0.194992 -0.311157
vn -0.000857724 -0.330198 -0.943911
vn 0.398998 -0.603378 -0.69046
vn 0.665239 -0.618593 -0.418089
vn 0.166325 -0.37457 -0.912158
vn 0.919172 -0.0623252 -0.388893
vn 0.871963 -0.164038 -0.461273
vn 0.724939 -0.351658 -0.592284
vn 0.526445 0.0308877 -0.849648
vn 0.0892917 0.031269 -0.995515
vn 0.409605 0.0813725 -0.908627
vn 0.876624 0.0283988 -0.480337
vn 0.275358 0.317927 -0.907249
vn 0.997233 0.0257282 -0.0697472
vn 0.998266 -0.0334128 -0.048464
vn 0.998685 -0.0193549 -0.0474751
vn 0.952126 0.021542 -0.304946
vn 0.995403 0.0359791 -0.0887656
vn 0.998304 0.0194176 -0.054875
vn 0.999656 -0.0245191 -0.00932398
vn 0.997485 0.0386604 -0.0594083
vn 0.997828 0.0276538 -0.0597851
vn 0.997898 0.00363951 -0.0647052
vn 0.999998 0.001102 0.00171182
vn 0.999714 0.0163723 0.0174431
vn 0.99974 0.0225737 0.00315073
vn 0.998247 0.0489563 -0.0332493
vn 0.993334 0.0652248 -0.0950439
vn 0.997326 0.0235091 -0.0692029
vn 0.973543 -0.0234054 -0.227304
vn 0.796973 0.0601028 -0.601017
vn 0.904297 0.0852769 -0.4183
vn 0.490783 -0.0764285 -0.867923
vn 0.942254 0.00196705 -0.334893
vn 0.998594 0.0159813 -0.0505483
vn 0.996994 -0.0393992 -0.0667211
vn 0.99763 -0.0165721 0.0667781
vn 0.98795 -0.00314338 -0.154742
vn 0.842515 -0.0055414 -0.538644
vn 0.928242 -0.0384052 -0.369988
vn 0.996636 0.00117775 -0.0819496
vn 0.981361 0.0730411 -0.177754
vn 0.999367 -0.0225157 -0.0275493
vn 0.996648 -0.0169913 -0.0800304
vn 0.997569 -0.0194987 -0.0668981
vn 0.988572 0.123837 -0.0859613
vn 0.792581 0.0327046 -0.608889
vn 0.855834 -0.0319909 -0.51626
vn 0.633887 -0.0418546 -0.772292
vn 0.998734 -0.00795361 -0.0496809
vn 0.996834 0.0602025 -0.0519418
vn 0.892422 -0.0764046 -0.444685
vn 0.996826 -0.072015 -0.0339417
vn 0.999753 0.00719834 0.0210435
vn 0.999803 -0.0109983 0.0165066
vn 0.995402 -0.0934415 -0.021052
vn 0.989044 -0.0164741 -0.1467
vn 0.997442 -0.0482139 0.0527685
vn 0.995949 -0.0864758 -0.0246442
vn 0.991437 -0.022669 0.128605
vn 0.962504 0.249486 0.106506
vn 0.499914 -0.00783185 -0.866039
vn 0.99382 0.0374664 -0.104493
vn 0.82512 -0.018744 -0.564647
vn 0.934218 -0.0372075 -0.354758
vn 0.998654 -0.0267215 -0.044462
vn 0.994706 -0.0652114 -0.0794212
vn 0.986689 -0.0531293 -0.153692
vn 0.99264 0.00178983 -0.12109
vn 0.999359 -0.0306622 -0.0184806
vn 0.998334 -0.0575848 0.00373221
vn 0.98134 -0.0364604 -0.188792
vn 0.688694 -0.0798061 -0.720646
vn 0.702085 0.023569 -0.711703
vn 0.997697 -0.0606709 -0.0303243
vn 0.604405 -0.0608834 -0.794347
vn 0.950985 -0.0966979 -0.293731
vn 0.996424 -0.0484005 -0.0692513
vn 0.828897 0.0185661 -0.559093
vn 0.928055 0.0242095 -0.371655
vn 0.982472 -0.000979936 -0.186406
vn 0.960943 -0.0407545 -0.273729
vn 0.871695 -0.126042 -0.473562
vn 0.852055 -0.00739083 -0.523399
vn 0.538924 -0.0319371 -0.841749
vn 0.94222 0.168582 -0.289484
vn 0.998446 -0.0541147 0.0133294
vn 0.99148 -0.0453397 0.122112
vn 0.781867 0.0893081 -0.617015
vn 0.99548 0.0858356 0.0406558
vn 0.995708 -0.0436127 -0.081625
vn -0.0655096 0.0221563 -0.997606
vn 3.72964e-05 0.0394312 -0.999222
vn -0.0588895 0.0909261 -0.994115
vn -0.0843736 0.00778687 -0.996404
vn -0.0797399 0.0873162 -0.992984
vn -0.00925877 -0.0523937 -0.998584
vn -0.0354418 0.0493023 -0.998155
vn -0.0789262 -0.0909777 -0.99272
vn -0.0966365 0.116918 -0.988429
vn -0.0543324 0.616256 -0.78567
vn -0.0320299 0.823562 -0.566321
vn -0.0091175 0.745963 -0.665925
vn -0.70136 0.70757 0.0862571
vn -0.403837 0.91483 0.00113001
vn -0.749099 0.659791 0.059381
vn -0.967427 0.147779 -0.20554
vn -0.964944 0.177496 -0.193332
vn -0.856542 0.0969448 -0.506891
vn -0.2189 0.171699 -0.960522
vn -0.456693 0.109729 -0.882831
vn -0.589869 0.184971 -0.786028
vn -0.136989 0.101113 -0.985398
vn -0.222877 0.0312256 -0.974346
vn -0.971789 0.0382601 -0.232729
vn -0.964211 -0.00991813 -0.264949
vn -0.999422 -0.0339999 -0.000556428
vn -0.799767 0.543392 -0.255143
vn -0.921202 0.29342 -0.255523
vn -0.928577 0.370341 -0.0243312
vn -0.533988 0.281377 -0.797298
vn -0.0386114 0.509578 -0.859558
vn 0.0870978 0.693051 -0.715608
vn 0.0256262 0.508791 -0.860509
vn -0.872973 0.222166 -0.434236
vn -0.930151 0.207428 -0.302975
vn -0.916304 0.332807 -0.222771
vn 0.0122011 0.566118 -0.824234
vn -0.0106944 0.835277 -0.549725
vn -0.0225746 0.694035 -0.719587
vn -0.0389195 0.411809 -0.910439
vn -0.523384 0.0208928 -0.851841
vn -0.609838 0.0735836 -0.789102
vn -0.034854 0.087314 -0.995571
vn -0.0421824 0.375601 -0.925821
vn -0.0513916 0.209325 -0.976495
vn -0.0417717 0.423623 -0.904875
vn -0.0359958 0.479098 -0.877023
vn -0.842682 0.537875 0.0240324
vn -0.532659 0.810592 -0.243341
vn -0.0581326 0.135406 -0.989083
vn -0.0330687 0.243434 -0.969354
vn 0.183105 0.175485 -0.967304
vn -0.0462266 0.941744 -0.33314
vn -0.0267516 0.89561 -0.444036
vn -0.0719763 0.20927 -0.975205
vn -0.168642 0.0901935 -0.981542
vn -0.376713 0.108537 -0.919949
vn -0.751826 0.0808224 -0.65439
vn -0.58481 0.0671981 -0.808382
vn -0.882924 0.039693 -0.467835
vn 0.287709 0.111197 -0.951241
vn 0.631868 0.186633 -0.75227
vn -0.0108054 0.0909417 -0.995798
vn -0.0794738 -0.026516 -0.996484
vn -0.070837 0.0618312 -0.99557
vn -0.111699 0.0113955 -0.993677
vn -0.229073 0.928351 -0.29273
vn -0.958025 0.252623 -0.135537
vn -0.986651 0.154746 0.0507306
vn -0.16455 0.333093 -0.928425
vn 0.114205 0.387517 -0.914761
vn -0.0823723 0.281074 -0.956145
vn -0.0616343 0.655488 -0.752687
vn -0.0192488 0.156882 -0.98743
vn -0.241777 0.761651 -0.601192
vn -0.369259 0.614538 -0.69713
vn -0.888168 0.0861319 -0.451375
vn -0.997126 0.0580501 0.0486894
vn -0.13552 -0.016743 -0.990633
vn 0.551827 0.367513 -0.748613
vn -0.0982397 -1.47213e-05 -0.995163
vn -0.0480047 0.00797241 -0.998815
vn -0.0801251 -0.0659239 -0.994603
vn -0.519112 0.462222 -0.718939
vn -0.00546008 0.995715 -0.0923172
vn -0.848866 0.188738 -0.493766
vn -0.0379319 0.369986 -0.928263
vn 0.20759 0.542136 -0.814245
vn 0.0623235 -0.0171325 -0.997909
vn -0.0910488 0.33088 -0.93927
vn -0.108162 0.429206 -0.896707
vn -0.0803077 0.964457 -0.251742
vn -0.0676343 0.328386 -0.942119
vn -0.922495 0.365713 -0.123516
vn -0.33205 0.905133 0.265477
vn -0.983898 0.133587 0.118738
vn -0.863799 0.0615405 0.500064
vn -0.914263 0.24352 0.323761
vn -0.568833 0.067382 0.819688
vn -0.287568 0.227342 0.930387
vn -0.862829 0.500939 0.0677236
vn -0.925795 0.367111 -0.0901828
vn -0.922472 0.38063 -0.0645425
vn -0.866913 0.00384976 0.498445
vn -0.612024 0.0136833 0.790721
vn -0.779085 -0.0263231 0.626365
vn -0.954675 -0.0183374 0.297084
vn -0.952282 0.0732065 0.296309
vn -0.290662 -0.018352 0.95665
vn -0.833432 0.00638762 0.552586
vn -0.992793 -0.0406824 0.112722
vn -0.936024 -0.0240705 0.351112
vn -0.590943 0.465129 0.659122
vn -0.524525 0.654508 0.544512
vn -0.0744767 0.994416 0.0747628
vn 0.012064 0.93434 0.356178
vn 0.059827 0.948475 0.311154
vn -0.410531 0.897175 -0.162916
vn -0.19158 0.981244 -0.0214035
vn -0.140672 0.990055 -0.00154556
vn -0.569678 0.629692 0.528162
vn -0.134643 0.968544 0.20927
vn -0.2383 0.591892 0.769985
vn 0.067588 0.109829 0.99165
vn 0.0894425 0.860653 0.501274
vn 0.0697032 0.432638 0.898869
vn 0.113406 0.992912 0.0355732
vn 0.0372171 0.998238 0.0462227
vn 0.0923463 0.99484 0.0420123
vn -0.941748 -0.0714713 0.328637
vn -0.529559 -0.0444014 0.84711
vn -0.751124 0.0360998 0.659174
vn 0.0592391 -0.0152453 0.998127
vn 0.0615965 -0.0523606 0.996727
vn -0.499415 0.0217024 0.866091
vn -0.610681 -0.0285004 0.791364
vn -0.138464 -0.0243992 0.990067
vn 0.0659919 -0.0788704 0.994698
vn 0.0381538 -0.0552299 0.997745
vn 0.0494817 -0.0911604 0.994606
vn -0.327223 0.126798 0.936401
vn -0.154894 -0.0601373 0.986099
vn -0.299774 0.953313 -0.0364749
vn -0.109208 0.993582 -0.0294732
vn -0.230075 0.973163 0.00435473
vn -0.155993 0.987217 0.0326823
vn -0.0194643 0.0064587 0.99979
vn 0.110694 0.491444 0.863846
vn 0.0704591 0.985142 0.156623
vn -0.00243019 0.998644 -0.0520006
vn -0.887933 0.195352 -0.416428
vn 0.0201668 0.999058 0.0384284
vn 0.122605 0.990886 -0.0557925
vn 0.0565951 -0.0954198 0.993827
vn -0.71638 0.589349 -0.373453
vn -0.871817 0.0883389 0.4818
vn 0.0256332 0.996793 -0.0758022
vn 0.0927584 0.995566 -0.0156214
vn -0.0215655 0.997757 -0.0633749
vn -0.127355 0.990026 0.0602368
vn -0.277025 0.958257 0.0707228
vn -0.214465 0.976645 -0.0130042
vn 0.0206033 0.99963 -0.017752
vn -0.0544022 0.998518 -0.00133511
vn -0.282535 0.061061 0.957312
vn 0.00909366 -0.0641562 0.997898
vn 0.0383193 -0.0544014 0.997784
vn 0.0317575 0.0378373 0.998779
vn 0.037488 0.0384557 0.998557
vn 0.0552874 0.995574 -0.0760016
vn -0.278756 0.957996 0.067373
vn -0.909271 0.383406 0.161944
vn 0.0343996 0.00659735 0.999386
vn -0.0144713 -0.023718 0.999614
vn 0.0417569 0.999126 0.00214721
vn 0.0825899 0.983017 0.163878
vn 0.146785 0.988104 0.0458852
vn 0.0183508 -0.0384528 0.999092
vn 0.109393 0.987774 0.111061
vn 0.0392157 -0.0841844 0.995678
vn 0.0398707 -0.0692988 0.996799
vn -0.981896 -0.0263887 0.187574
vn -0.980767 0.0206207 0.194093
vn -0.945158 0.00257528 0.326605
vn 0.0141557 0.998904 -0.0446234
vn -0.609509 0.792775 0.0023923
vn -0.318455 0.947398 0.0319954
vn -0.883503 0.447609 0.138088
vn -0.98621 0.0363261 0.161466
vn -0.923444 0.0345173 0.382177
vn -0.976176 0.0414219 0.21299
vn -0.0374923 0.997197 0.0647537
vn -0.278943 0.00394661 0.9603
vn -0.715796 0.0179393 0.698079
vn -0.0470097 -0.030656 0.998424
vn -0.42731 -0.0485897 0.902798
vn -0.0513833 0.993312 0.103402
vn -0.0445674 0.998903 0.0143689
vn -0.806541 -0.0787311 0.585912
vn -0.865482 0.0115355 0.500808
vn -0.41668 -0.134713 0.899016
vn -0.848858 -0.111061 0.516822
vn -0.955664 -0.0648011 0.287242
vn -0.338815 0.940112 0.0373205
vn -0.74016 0.654709 -0.15336
vn -0.882688 0.461005 0.0913005
vn -0.111865 -0.0305577 0.993254
vn -0.087985 0.995993 -0.0159908
vn -0.189301 0.972163 0.138072
vn -0.590885 -0.0371014 0.805902
vn -0.00524771 0.998039 -0.0623749
vn -0.418274 0.903447 0.0939691
vn -0.300243 0.951187 0.0713979
vn -5.57017e-05 0.997701 0.0677734
vn -0.0760621 -0.0176431 0.996947
vn -0.970971 -0.0123077 0.23888
vn -0.964008 0.0221283 0.264949
vn -0.843001 0.0847371 0.531195
vn -0.860666 0.403042 -0.311144
vn -0.721147 0.581686 -0.376283
vn 0.099895 0.979019 0.177601
vn -0.124027 0.73369 0.668069
vn 0.068075 0.957455 0.280439
vn -0.572442 -0.000309509 0.819945
vn -0.617717 -0.0161028 0.786236
vn -0.624396 0.0169036 0.780925
vn -0.636821 0.00381335 0.771002
vn -0.650712 0.149994 0.744363
vn -0.651704 0.059028 0.756173
vn -0.69959 0.104347 0.706885
vn -0.636546 0.0630997 0.768654
vn -0.632951 0.112927 0.765911
vn -0.650803 0.00941946 0.759188
vn -0.677878 -0.202993 0.706595
vn -0.608645 -0.00189486 0.79344
vn -0.631735 -0.0829363 0.770735
vn -0.575212 0.0157176 0.817853
vn -0.665793 0.00793983 0.746094
vn -0.520362 -0.0193095 0.853728
vn -0.542922 -0.0216085 0.839505
vn -0.656753 -0.0959581 0.747976
vn -0.625983 -0.0548119 0.777908
vn -0.614738 0.00599158 0.788709
vn -0.657236 0.0373653 0.752758
vn -0.625435 -0.074183 0.776742
vn -0.672325 -0.0854503 0.735308
vn -0.649959 -0.432463 0.624923
vn -0.577741 -0.062105 0.813854
vn -0.603755 -0.163616 0.780198
vn -0.705867 0.0323927 0.707603
vn -0.661357 -0.00559444 0.750051
vn -0.592135 -0.284119 0.754091
vn -0.648818 -0.0344838 0.760162
vn -0.663489 -0.174535 0.727543
vn -0.594012 0.0365571 0.803625
vn -0.552416 -0.644437 0.528713
vn -0.58013 0.0704139 0.811474
vn -0.503794 0.0228391 0.863522
vn -0.62638 0.0497505 0.777929
vn -0.635937 -0.000500689 0.771741
vn -0.629818 0.0478892 0.775265
vn -0.625021 -0.0197125 0.780359
vn -0.652067 -0.169938 0.73887
vn -0.657368 -0.0675647 0.750534
vn -0.614695 -0.0256552 0.788347
vn -0.703323 0.141985 0.696546
vn -0.641524 -0.0592371 0.764812
vn -0.601379 -0.0589677 0.796785
vn -0.601245 -0.089985 0.793982
vn -0.599848 -0.040342 0.799096
vn -0.705008 -0.00797508 0.709154
vn -0.691224 0.0455493 0.721204
vn -0.691602 -0.0229606 0.721914
vn -0.612501 -0.0498772 0.788895
vn -0.683213 0.0228813 0.729861
vn -0.710111 0.0785547 0.699693
vn -0.779387 0.125915 0.61376
vn -0.775576 0.0697648 0.627387
vn -0.759028 0.0997835 0.643365
vn -0.733827 0.153106 0.661858
vn -0.756268 0.0796483 0.649396
vn -0.685128 0.0524945 0.726529
vn -0.628088 -0.0401875 0.777104
vn -0.68153 0.013376 0.731668
vn -0.68554 -0.00886393 0.727982
vn -0.639639 0.00673414 0.768646
vn -0.637363 -0.0226723 0.77023
vn -0.6295 -0.0440787 0.77575
vn -0.714546 0.0523712 0.697626
vn -0.623707 -0.167591 0.763481
vn -0.627891 -0.136366 0.766262
vn -0.650255 0.012887 0.759607
vn -0.673595 0.103039 0.731883
vn -0.623621 -0.0405879 0.780672
vn -0.669358 0.00463532 0.742926
vn -0.643022 -0.116395 0.756951
vn -0.693205 0.0292713 0.720146
vn -0.732125 0.0650558 0.678056
vn -0.475976 -0.642803 0.600209
vn -0.538531 -0.704546 0.462168
vn -0.275568 -0.912749 0.301582
vn -0.627452 -0.0833462 0.774182
vn -0.622103 -0.0259252 0.782506
vn -0.655722 -0.268397 0.705685
vn -0.55671 -0.386166 0.735493
vn -0.660102 -0.207132 0.722054
vn -0.689128 -0.0904 0.718978
vn -0.676477 -0.131111 0.724699
vn -0.604139 -0.0467161 0.795509
vn -0.648237 -0.150794 0.746358
vn -0.62364 -0.10318 0.774872
vn -0.65778 -0.081098 0.748831
vn -0.699453 0.0180907 0.71445
vn -0.644305 0.0249052 0.764363
vn -0.622137 -0.146392 0.7691
vn -0.682905 0.04862 0.728887
vn -0.667141 0.0026773 0.744926
vn -0.6484 -0.0793358 0.757155
vn -0.593505 -0.268607 0.758684
vn -0.550391 -0.454128 0.700598
vn -0.370553 -0.734915 0.56797
vn -0.638796 -0.0604922 0.766995
vn -0.624096 -0.0267608 0.780889
vn -0.655402 -0.231969 0.718776
vn -0.443974 -0.691348 0.570022
vn -0.549121 -0.172654 0.817715
vn -0.570323 -0.233668 0.787484
vn -0.287844 -0.863792 0.413533
vn -0.154525 -0.976293 0.151571
vn -0.663447 -0.12834 0.737135
vn -0.386016 -0.822526 0.417662
vn -0.717074 -0.0199226 0.696712
vn -0.681738 -0.148731 0.716318
vn 0.0100275 0.997623 -0.0681742
vn 0.019264 0.996753 -0.0781882
vn -0.0991267 0.989371 -0.106386
vn 0.321283 0.946519 -0.0296476
vn 0.18007 0.982598 -0.0455676
vn 0.0799219 0.996801 3.06479e-05
vn 0.775714 0.630522 0.0266475
vn 0.520895 0.853032 -0.0316941
vn 0.907205 0.420506 0.0124017
vn 0.975635 0.11442 0.187202
vn 0.989186 0.118743 -0.0860862
vn 0.120188 0.991571 -0.0483977
vn 0.137859 0.98805 -0.06893
vn 0.270718 0.95128 0.147577
vn 0.103801 0.984372 0.142256
vn 0.64065 0.764635 -0.0700064
vn 0.00770244 0.998644 0.0514829
vn -0.122544 0.985442 -0.117842
vn -0.171945 0.985058 0.00978057
vn 0.992639 0.107525 -0.0557426
vn 0.767929 0.637441 -0.0628839
vn 0.989019 0.144213 -0.0323229
vn 0.902153 0.431326 0.00884707
vn 0.953143 0.0210076 0.301791
vn 0.88957 0.453551 -0.0543797
vn 0.531934 0.846778 0.00364429
vn 0.656901 0.753431 0.0286793
vn -0.220589 0.973551 0.059497
vn -0.189215 0.979956 -0.0623228
vn 0.37229 0.92805 -0.0110903
vn 0.685561 0.727732 -0.0202961
vn 0.4728 0.880021 -0.0449809
vn 0.000314314 0.981403 -0.19196
vn -0.0521593 0.993992 -0.0962266
vn -0.145137 0.976021 -0.16223
vn 0.563828 0.823942 -0.0567245
vn 0.47287 0.874442 -0.108376
vn 0.220813 0.969534 -0.106044
vn 0.658382 0.744568 0.110236
vn 0.307453 0.946947 0.0936164
vn -0.0374818 0.998941 -0.0267021
vn -0.0884176 0.993978 -0.0647361
vn -0.101058 0.994847 0.0082093
vn 0.136857 0.990223 -0.0269803
vn 0.983101 0.183057 0.00170681
vn 0.992094 0.123184 -0.0239715
vn 0.993525 0.113396 -0.00699489
vn 0.940406 0.339507 -0.0192841
vn 0.929761 0.35925 -0.0805197
vn -0.00135136 0.39056 0.920576
vn 0.0396589 0.775075 0.630624
vn -0.0453068 0.998972 -0.00165607
vn 0.0194529 0.996726 -0.0784816
vn -0.0751797 0.995271 0.0615172
vn -0.0268425 0.998256 0.052578
vn 0.142621 0.9896 0.0187429
vn 0.247258 0.96763 -0.050561
vn 0.292229 0.956349 0.000318134
vn 0.269358 0.962967 -0.0118714
vn -0.0471848 0.998837 0.00989864
vn -0.115169 0.991463 0.0611325
vn 0.0638062 0.996819 -0.0477574
vn 0.327166 0.944749 -0.0203109
vn -0.037761 0.999029 0.0226884
vn 0.829021 0.559109 0.0110623
vn 0.173258 0.983197 -0.0574918
vn 0.960717 0.275356 -0.0346726
vn 0.967608 0.245923 -0.0570767
vn 0.230188 0.969482 -0.0843758
vn 0.954978 0.0320089 0.294943
vn 0.625837 -0.00241676 0.77995
vn 0.692791 0.100873 0.714049
vn 0.0584939 0.982699 -0.175732
vn 0.0678197 0.986298 -0.150386
vn 0.146703 0.973183 -0.177178
vn 0.293735 0.947854 -0.123664
vn -0.0719201 0.997365 -0.00954289
vn 0.348766 0.931327 -0.104846
vn 0.461477 0.887151 0.001422
vn 0.106182 0.993956 0.0278613
vn 0.918295 0.395746 -0.0109287
vn 0.634559 0.684019 0.359796
vn 0.121455 0.985849 0.11554
vn 0.6319 0.774315 0.0337497
vn 0.164328 0.946357 0.278216
vn 0.995621 0.0877932 0.0321184
vn 0.99078 0.129848 -0.0386562
vn 0.479679 0.389631 0.786191
vn 0.996416 0.0768848 0.0352648
vn 0.997746 0.0614066 -0.0270709
vn -0.156581 0.923388 0.350481
vn 0.957371 0.288407 -0.0162124
vn -0.0619919 0.994089 0.0891309
vn -0.102203 0.992077 0.0730667
vn -0.0701621 0.99672 0.0403204
vn -0.0197072 0.997163 0.0726458
vn 0.996695 0.0734836 -0.0346335
vn 0.999283 0.0341524 0.0163732
vn 0.486752 0.873528 0.00458387
vn 0.761345 0.648309 0.00694229
vn 0.218243 0.975881 0.00512473
vn 0.997472 0.0708284 0.00568346
vn 0.243043 0.96419 -0.106149
vn -0.0813665 0.996675 -0.00428163
vn 0.0699547 0.995787 0.0592821
vn -0.00840668 0.999772 0.0196364
vn 0.00564763 0.999072 -0.0427055
vn -0.0107395 0.998134 -0.0601138
vn -0.131313 0.991194 0.0170711
vn 0.0252023 -0.167298 0.985584
vn -0.080273 -0.184538 0.979542
vn -0.0633788 -0.157313 0.985513
vn 0.494598 -0.120538 0.860722
vn 0.343948 -0.0520722 0.937544
vn 0.552764 -0.0556794 0.831476
vn 0.392857 0.627752 0.672005
vn 0.221022 0.817575 0.531714
vn 0.148797 0.787705 0.597813
vn -0.0167988 0.998374 -0.0544753
vn 0.109067 0.991033 -0.0771885
vn 0.0130727 0.994803 0.100978
vn -0.0215216 0.998879 -0.0421516
vn 0.0480094 0.953198 0.298511
vn -0.0507449 0.949214 0.310513
vn 0.00386454 0.98957 0.143999
vn 0.0336977 0.973685 0.225392
vn -0.0264976 0.99676 -0.0759395
vn 0.0279362 0.911551 0.410237
vn 0.0461743 0.97788 0.204007
vn 0.0194392 0.873992 0.485551
vn -0.104148 0.992888 -0.0576709
vn -0.0046995 0.99894 0.0457961
vn -0.0217575 0.8995 0.436379
vn 0.0654197 0.995691 -0.0657248
vn 0.0680498 0.996716 0.0438965
vn -0.133458 0.990512 0.0327965
vn 0.00262149 0.975982 0.217835
vn 0.370777 -0.0194881 0.928517
vn 0.177543 -0.0177889 0.983952
vn 0.0499664 0.997813 -0.0432679
vn -0.0485722 0.993283 0.105023
vn 0.0104682 0.999007 0.0433114
vn 0.0615562 0.664938 0.744358
vn 0.0170902 0.972529 0.232154
vn 0.037136 0.836073 0.54736
vn -0.0308611 0.255483 0.966321
vn -0.0198297 0.0954447 0.995237
vn -0.105422 0.778151 0.619167
vn -0.109483 0.0232748 0.993716
vn 0.0667662 -0.0902529 0.993678
vn 0.138491 -0.131247 0.981628
vn 0.111525 -0.0358535 0.993115
vn 0.121357 -0.0833736 0.989101
vn 0.0969741 0.0412524 0.994432
vn 0.0759136 0.00525905 0.997101
vn -0.041162 0.974561 0.220309
vn -0.0865441 0.97753 0.192212
vn 0.0706526 0.893528 0.443414
vn 0.218072 0.538677 0.8138
vn 0.0588511 0.385593 0.92079
vn 0.0908751 0.208965 0.973692
vn 0.123051 0.473938 0.871918
vn 0.0272831 0.167306 0.985528
vn 0.0938374 0.309123 0.946381
vn -0.0204552 -0.0199066 0.999593
vn 0.0734052 -0.060774 0.995449
vn 0.0177782 -0.117191 0.99295
vn 0.0662465 -0.00253619 0.9978
vn 0.00994783 -0.105995 0.994317
vn 0.112819 0.914349 0.388893
vn 0.0848597 -0.143641 0.985985
vn 0.0625106 -0.0705499 0.995548
vn 0.0333863 -0.080512 0.996194
vn 0.106448 -0.0640375 0.992254
vn 0.01393 -0.0187999 0.999726
vn 0.0406304 0.930429 0.364213
vn -0.0162249 0.834112 0.551356
vn 0.0280727 0.493636 0.869215
vn 0.041986 0.0145929 0.999012
vn 0.0486045 0.873137 0.485045
vn 0.129343 -0.119011 0.984432
vn -0.02311 -0.116338 0.992941
vn -0.0461474 -0.0673775 0.99666
vn 0.0930037 0.576695 0.811649
vn -0.0297125 0.86583 0.499455
vn 0.0728402 0.20472 0.976107
vn 0.0217348 0.913159 0.407023
vn 0.200315 0.493538 0.846342
vn 0.346363 0.39666 0.850114
vn 0.29503 0.670458 0.680767
vn 0.544085 0.170328 0.821559
vn 0.282822 0.0867225 0.955244
vn 0.109735 0.216586 0.970077
vn 0.0941471 -0.057959 0.99387
vn 0.138739 -0.0112349 0.990265
vn 0.525654 -0.110519 0.843489
vn 0.316129 -0.169003 0.933542
vn 0.348101 -0.169088 0.922082
vn 0.276704 -0.118881 0.953573
vn 0.528198 0.509318 0.679413
vn 0.0857046 0.690449 0.718287
vn 0.276123 0.812569 0.513311
vn 0.558405 0.0107238 0.829499
vn 0.313431 -0.0572856 0.947882
vn 0.171192 0.184446 0.967819
vn 0.196486 0.217789 0.956013
vn 0.0960376 0.0124867 0.995299
vn 0.0949938 -0.0548737 0.993964
vn 0.0972181 -0.0519507 0.993906
vn 0.0161392 0.830839 0.556278
vn 0.113511 -0.114277 0.986943
vn -0.0272796 0.516261 0.855997
vn 0.181551 -0.149526 0.971947
vn 0.150791 -0.11495 0.98186
vn 0.193989 -0.0452536 0.979959
vn 0.0444251 0.087588 0.995166
vn 0.0891938 -0.132632 0.987144
vn 0.0719288 -0.182191 0.980629
vn 0.0456487 0.723652 0.688654
vn 0.0950696 0.664127 0.741551
vn 0.0444904 0.802707 0.594712
vn 0.110584 -0.0956135 0.989257
vn 0.0980773 -0.125111 0.987283
vn 0.0922113 -0.119566 0.988535
vn 0.139741 0.218041 0.965883
vn 0.0439444 0.110634 0.992889
vn 0.0751399 -0.0843914 0.993596
vn -0.42763 -0.377886 -0.821179
vn -0.538378 0.0108324 -0.842634
vn -0.486094 -0.32756 -0.810195
vn -0.477068 -0.0336578 -0.878222
vn -0.668398 -0.0261721 -0.743343
vn -0.762914 0.116662 -0.635887
vn -0.695155 -0.00845888 -0.71881
vn -0.589425 -0.0477386 -0.806411
vn -0.583214 -0.0447515 -0.811085
vn -0.641938 0.0342379 -0.765992
vn -0.13391 -0.967827 -0.213024
vn -0.0735542 -0.99597 -0.0513243
vn -0.410243 -0.839981 -0.355151
vn -0.503554 -0.712586 -0.488524
vn -0.658231 -0.429163 -0.618507
vn -0.522798 -0.586107 -0.619
vn -0.0225796 -0.998509 -0.0497067
vn -0.127923 -0.976499 -0.173452
vn -0.275418 -0.876531 -0.394763
vn -0.731598 -0.246099 -0.635767
vn -0.649668 -0.514223 -0.559916
vn -0.636177 -0.277428 -0.719939
vn -0.384359 -0.700274 -0.601568
vn -0.244882 -0.940207 -0.236735
vn -0.709287 -0.0808052 -0.700273
vn -0.702141 -0.0496315 -0.710306
vn -0.696503 -0.00600796 -0.717529
vn -0.720647 -0.0650391 -0.690245
vn -0.750855 0.0261899 -0.659947
vn -0.712928 -0.0720427 -0.697527
vn -0.650073 -0.107838 -0.752181
vn -0.646414 -0.199 -0.736579
vn -0.70796 -0.125767 -0.694964
vn -0.538342 -0.17129 -0.825135
vn -0.634831 -0.393515 -0.664933
vn -0.628224 -0.451533 -0.633603
vn -0.704275 -0.23426 -0.670164
vn -0.842962 0.120658 -0.524268
vn -0.822522 0.193669 -0.534743
vn -0.852377 0.137557 -0.504512
vn -0.688131 -0.0723547 -0.72197
vn -0.710738 -0.0824309 -0.69861
vn -0.662291 -0.201642 -0.721603
vn -0.270677 -0.894299 -0.35632
vn -0.154858 -0.970006 -0.187368
vn -0.681436 0.00640361 -0.73185
vn -0.700042 -0.0790462 -0.709713
vn -0.67541 -0.0402324 -0.736344
vn -0.311687 -0.197915 -0.929344
vn -0.283486 -0.1691 -0.94395
vn -0.220786 -0.528422 -0.819771
vn -0.702798 -0.0717175 -0.707765
vn -0.656598 -0.029096 -0.753679
vn -0.634266 -0.0293359 -0.772558
vn -0.313897 -0.700915 -0.640458
vn -0.436935 -0.328667 -0.837297
vn -0.204144 -0.942175 -0.265766
vn -0.0765359 -0.992116 -0.0992371
vn -0.693666 -0.1731 -0.699188
vn -0.657617 -0.226597 -0.718466
vn -0.553879 -0.593897 -0.583528
vn -0.387567 -0.827246 -0.406763
vn -0.586617 -0.615682 -0.526133
vn 0.153618 -0.982924 -0.101298
vn -0.811798 -0.0509611 -0.58171
vn -0.827315 -0.0009004 -0.561738
vn -0.853695 -0.0824045 -0.514212
vn -0.145422 -0.84033 -0.522205
vn -0.761097 -0.0157138 -0.648448
vn 0.128171 -0.988979 -0.0741172
vn -0.262052 -0.937988 -0.226954
vn -0.36728 -0.867459 -0.33559
vn -0.874386 -0.0185196 -0.484877
vn -0.802404 0.0979893 -0.588682
vn -0.859329 0.0385932 -0.509964
vn -0.825952 0.0522655 -0.561312
vn 0.0176751 -0.995881 -0.0889337
vn -0.703156 -0.0631385 -0.708227
vn -0.877792 0.0524228 -0.476164
vn -0.703428 -0.189461 -0.68505
vn -0.72869 -0.0838003 -0.679698
vn -0.733475 -0.0701131 -0.676091
vn -0.731436 -0.0697486 -0.678333
vn -0.668573 -0.301914 -0.679601
vn -0.836167 -0.0351536 -0.547347
vn -0.595195 -0.54428 -0.591187
vn -0.656633 -0.345489 -0.670425
vn -0.694005 -0.137595 -0.7067
vn -0.674345 -0.301373 -0.674116
vn -0.709699 0.0374868 -0.703507
vn -0.650413 0.0077021 -0.759542
vn -0.379262 -0.0759875 -0.922164
vn -0.711654 -0.0723968 -0.69879
vn -0.703644 -0.0610628 -0.707924
vn -0.546018 -0.66318 -0.511914
vn -0.547119 -0.611189 -0.571934
vn -0.817567 0.148285 -0.556413
vn -0.741149 0.02883 -0.670722
vn -0.767631 0.0131563 -0.640757
vn -0.77939 0.0448901 -0.624928
vn -0.715232 -0.137651 -0.685197
vn -0.748577 0.0729598 -0.659022
vn -0.752809 0.0583227 -0.65565
vn -0.645736 -0.392124 -0.655182
vn -0.585681 -0.5064 -0.63288
vn -0.643956 0.0931901 -0.759366
vn -0.649491 -0.192914 -0.73549
vn -0.592753 -0.0453637 -0.804106
vn -0.682385 -0.147282 -0.716002
vn -0.683859 -0.00347964 -0.729606
vn -0.642677 -0.456898 -0.614989
vn -0.549383 -0.662846 -0.508737
vn -0.563128 -0.0432937 -0.825235
vn -0.686724 0.0210325 -0.726613
vn -0.721991 0.0757901 -0.687739
vn -0.675877 -0.0307863 -0.736371
vn -0.697943 0.0224424 -0.715801
vn -0.699348 -0.0182553 -0.714548
vn -0.694489 0.110555 -0.710959
vn -0.647145 -0.016264 -0.762194
vn -0.634697 0.0814025 -0.768461
vn -0.52466 -0.680311 -0.51177
vn -0.58051 -0.540864 -0.608666
vn -0.689825 -0.102622 -0.716666
vn -0.672227 -0.232089 -0.703026
vn -0.487393 -0.675631 -0.553146
vn -0.623617 -0.400716 -0.671214
vn -0.0661935 -0.621387 -0.780703
vn -0.379745 0.921242 -0.0842982
vn -0.0532936 0.988119 -0.144157
vn -0.368461 0.905336 -0.211195
vn -0.0159802 0.993009 0.116948
vn 0.0431764 0.998457 0.0349199
vn 0.029986 0.998224 0.0514731
vn -0.588755 0.805366 -0.068942
vn -0.456556 0.860115 -0.227506
vn -0.160449 0.985783 -0.0498876
vn 0.0561578 0.997996 -0.0291621
vn -0.965133 0.259004 0.0378965
vn -0.999736 0.0200599 0.0112471
vn 0.0485711 0.998803 -0.005807
vn 0.0975128 0.995026 -0.0203552
vn 0.112281 0.993313 0.0268571
vn 0.161484 0.985999 0.0415721
vn 0.0056819 0.999886 0.0140194
vn 0.0368624 0.999286 0.00828287
vn 0.0249942 0.999143 0.0329953
vn -0.00958274 0.992384 0.122807
vn -0.000374871 0.997279 0.073713
vn 0.0734508 0.991889 0.103738
vn -0.0116765 0.999736 0.0197695
vn -0.679818 0.730434 0.0656738
vn -0.880745 0.473162 0.0201386
vn -0.993138 0.116802 -0.00588669
vn -0.91482 0.40025 -0.0538894
vn 0.0671595 0.997414 0.0256049
vn 0.0766495 0.993232 0.0872615
vn 0.00794287 0.999934 -0.00825718
vn -0.0134047 0.999728 -0.0190808
vn -0.989665 0.143067 0.00979205
vn -0.0407962 0.993145 0.109541
vn -0.0347254 0.875913 0.481218
vn -0.0369971 0.157621 0.986806
vn -0.998908 0.0182737 0.0429884
vn 0.0053091 0.998449 -0.0554213
vn -0.065703 0.996406 -0.0534698
vn 0.01096 0.999624 -0.0251262
vn 0.015956 0.997991 0.0613204
vn -0.999277 -0.0164342 0.0342753
vn -0.90001 0.431673 -0.0603359
vn -0.929511 0.21929 0.296516
vn -0.0536232 0.997264 -0.0508898
vn -0.0464455 0.997691 -0.0495611
vn -0.699621 0.54985 0.456285
vn -0.0849568 0.99624 -0.0169654
vn -0.0233652 0.99632 0.0824604
vn 0.0788364 0.994168 0.0735872
vn 0.0752553 0.991728 0.103978
vn -0.998727 0.0492774 0.0107421
vn -0.0225439 0.99024 0.137535
vn -0.0402075 0.997236 0.0624836
vn 0.0431142 0.990618 -0.12968
vn -0.0248438 0.994977 -0.0969722
vn -0.071494 0.9921 -0.103081
vn 0.101922 0.994622 -0.018413
vn 0.10787 0.994064 -0.0141693
vn 0.112341 0.993318 0.0264412
vn -0.322528 0.874267 0.362813
vn 0.0914706 0.979847 0.177576
vn 0.0482109 0.591748 0.80468
vn -0.998355 0.0441201 0.0366269
vn 0.0513269 0.998567 -0.0151595
vn 0.0559154 0.99283 -0.105649
vn 0.0387984 0.998488 0.0389456
vn 0.0885609 0.995448 0.0352108
vn -0.0360612 0.999319 0.00783474
vn 0.024127 0.999245 0.030464
vn 0.0384218 0.999213 -0.00981504
vn 0.0123757 0.999781 0.0169033
vn -0.989956 -0.0221836 0.139622
vn 0.190608 0.979736 0.0615356
vn 0.0444628 0.996256 -0.0741359
vn 0.0416045 0.970299 0.238303
vn 0.0241915 0.572995 0.819202
vn 0.0189604 0.999718 -0.014285
vn -0.00923774 0.999387 0.0337755
vn -0.0017959 0.99562 -0.0934802
vn -0.00883337 0.999669 0.0241838
vn -0.0433307 0.999058 0.00216529
vn -0.0537456 0.99804 -0.0320655
vn -0.352444 0.131787 0.926507
vn -0.0215626 0.0229116 0.999505
vn -0.458458 0.0284083 0.888262
vn 0.0436492 0.99859 -0.0302001
vn -0.0328993 0.999458 0.000612083
vn -0.0584798 0.998194 -0.013782
vn 0.0237084 0.0245138 0.999418
vn -0.868908 0.0963654 0.485502
vn 0.0432172 0.996332 -0.0738559
vn 0.0218032 0.999631 0.0162298
vn -0.223291 0.572988 0.788559
vn -0.000827573 0.998146 -0.0608595
vn -0.00273455 0.0250013 0.999684
vn -0.0245489 0.999016 -0.0369349
vn -0.989184 0.0909165 0.115107
vn -0.559461 0.25325 0.78922
vn -0.127109 0.112982 0.985433
vn 0.0625036 0.138373 0.988406
vn -0.420189 -0.00783417 0.907403
vn 0.0513798 0.996097 0.0717688
vn 0.027309 0.999034 0.0344329
vn -0.0456784 0.996795 0.0656718
vn -0.861465 -0.0197738 0.507432
vn 0.124115 0.98939 0.0755135
vn 0.152201 0.986022 0.0677885
vn -0.1632 0.986565 -0.00739316
vn -0.355935 0.93447 -0.00872438
vn -0.857105 0.505257 -0.100433
vn -0.465842 0.884437 -0.0276219
vn 0.940844 0.183982 -0.284539
vn 0.709475 0.58514 -0.392754
vn 0.0188453 0.15021 0.988475
vn 0.0895327 0.224512 0.97035
vn 0.0699762 0.197121 0.977879
vn 0.0103264 -0.0544127 0.998465
vn 0.0591819 -0.0627573 0.996273
vn 0.0237945 -0.0436352 0.998764
vn 0.970784 0.239861 -0.00666485
vn 0.992928 0.0665689 -0.0982964
vn 0.0906718 0.413224 0.906104
vn 0.0509456 0.75832 0.649889
vn 0.0330363 0.748044 0.662826
vn 0.366682 0.929067 0.0487661
vn 0.318329 0.900585 -0.295997
vn 0.17109 0.985252 -0.00246662
vn 0.919567 0.392932 0.00114258
vn 0.930813 0.352472 -0.0966959
vn 0.0558249 -0.0168367 0.998299
vn 0.0356373 -0.0241943 0.999072
vn 0.0799505 0.89439 -0.440084
vn 0.0426914 0.716463 0.696318
vn -0.0197359 0.265039 0.964036
vn -0.00560695 0.133445 0.99104
vn -0.272993 -0.0489021 0.960772
vn -0.222274 0.751368 0.621322
vn -0.00619513 0.178883 0.983851
vn 0.0959881 0.248888 0.963764
vn 0.0526518 0.137988 0.989033
vn 0.0308547 0.0602339 0.997707
vn 0.0632812 0.111537 0.991743
vn 0.173999 0.372766 0.911466
vn 0.280845 0.641356 0.713995
vn 0.859493 0.346644 -0.375646
vn 0.92943 0.0844759 -0.359199
vn -0.35675 0.0779948 0.930938
vn 0.089457 -0.0440977 0.995014
vn 0.0817518 -0.0298846 0.996205
vn 0.107442 -0.00558557 0.994196
vn 0.0644522 0.159555 0.985083
vn 0.0573047 0.241593 0.968684
vn 0.0203656 0.235301 0.971709
vn -0.00966368 0.055603 0.998406
vn -0.176214 0.0398722 0.983544
vn -0.0388876 0.0364168 0.99858
vn 0.0355509 0.0466383 0.998279
vn -0.082679 0.385534 0.918982
vn 0.0773946 0.0374492 0.996297
vn 0.0549727 -0.0225698 0.998233
vn 0.0193937 0.00647871 0.999791
vn -0.0234378 0.0119676 0.999654
vn 0.0678375 0.209845 0.975378
vn 0.0324665 -0.0108346 0.999414
vn -0.325053 -0.00375878 0.945688
vn 0.953147 0.27007 -0.13628
vn 0.0992947 0.0272309 0.994685
vn 0.000194055 0.0915448 0.995801
vn 0.656025 0.747705 -0.102806
vn 0.0688049 0.17546 0.982079
vn 0.0363889 0.162051 0.986111
vn -0.0259489 0.265353 0.963802
vn -0.131225 0.0352063 0.990727
vn 0.0862646 0.227452 0.969961
vn -0.410395 0.0126134 0.911821
vn 0.02954 0.0143302 0.999461
vn 0.397619 0.75144 -0.526533
vn 0.00255072 0.180813 0.983514
vn -0.0107191 0.987764 0.155587
vn 0.0465774 0.939272 0.339999
vn 0.0385391 0.9367 -0.348006
vn 0.120308 0.954043 0.274458
vn 0.103993 0.948852 0.298104
vn 0.0485228 0.976267 -0.211063
vn 0.102579 0.988005 0.11543
vn 0.22179 0.961542 0.162005
vn 0.48503 0.869012 0.0977958
vn 0.301289 0.907792 0.291786
vn 0.792344 0.606192 0.0687179
vn 0.624741 0.61725 0.478228
vn 0.919021 0.375328 0.120537
vn 0.917566 0.373512 0.136241
vn 0.940795 0.336944 0.0370527
vn 0.68418 0.522576 0.508735
vn 0.055451 0.265545 0.962503
vn 0.572231 0.422202 0.703063
vn 0.975852 0.218266 -0.00852211
vn 0.978759 0.0570301 0.196924
vn 0.9107 0.252261 0.327092
vn 0.997251 -0.00676468 0.0737876
vn 0.447241 0.136773 0.883894
vn -0.0270739 0.23256 0.972205
vn -0.0114737 0.314592 0.949158
vn 0.0299716 0.0575881 0.99789
vn -0.0105196 0.0621769 0.99801
vn 0.0309669 -0.031007 0.999039
vn 0.0361743 0.000834741 0.999345
vn 0.0151317 0.00532405 0.999871
vn 0.829391 0.030589 0.55783
vn 0.986588 -0.00189916 0.163218
vn 0.999715 0.0189962 0.0144721
vn 0.5447 0.00955679 0.838576
vn 0.549881 -0.0150414 0.835107
vn 0.956006 0.0407761 0.290499
vn 0.918535 0.0117568 0.395166
vn 0.970568 -0.0404457 0.237408
vn 0.113477 -0.00280107 0.993537
vn 0.0281107 0.0039899 0.999597
vn 0.0810774 -0.0220867 0.996463
vn -0.02148 -0.0115311 0.999703
vn 0.345599 -0.0226664 0.938108
vn 0.00684889 -0.00774454 0.999947
vn 0.637391 -0.0137796 0.770417
vn 0.940233 -0.0581911 0.335524
vn 0.995778 0.0459665 0.0794572
vn 0.999025 0.0162653 -0.0410523
vn 0.280905 -0.0393875 0.958927
vn 0.814247 -0.0442688 0.578828
vn 0.249693 -0.0330339 0.967761
vn 0.396501 -0.00422894 0.918024
vn 0.107705 -0.0079409 0.994151
vn 0.977201 -0.0472739 0.206987
vn 0.948004 -0.0111381 0.318064
vn 0.997825 -0.0623258 0.0214768
vn 0.998181 0.0543856 -0.0260001
vn 0.997083 0.00139851 0.0763098
vn 0.99816 0.0253767 0.0550643
vn 0.957974 -0.119435 0.260808
vn 0.876388 -0.0538858 0.478582
vn 0.98814 0.0201051 0.152236
vn 0.959721 -0.00111251 0.280954
vn 0.996782 0.0103964 0.0794882
vn 0.358852 0.0246467 0.933069
vn 0.117042 0.0464511 0.99204
vn 0.0775419 0.00605743 0.996971
vn 0.370217 -0.0115474 0.928873
vn 0.801259 -0.0241775 0.597829
vn 0.129137 -0.088937 0.98763
vn 0.0277152 -0.0792815 0.996467
vn 0.206732 -0.0504298 0.977097
vn -0.0151905 -0.0494157 0.998663
vn -0.108163 -0.0811003 0.99082
vn 0.993782 -0.097061 0.0545627
vn 0.989727 -0.0744107 -0.122081
vn 0.997436 -0.0706644 -0.0113111
vn 0.970025 -0.146543 0.193845
vn 0.869262 -0.155213 0.469353
vn 0.992216 0.0220771 0.122556
vn 0.996489 -0.00681325 -0.0834417
vn 0.999901 0.00423499 0.0134542
vn 0.855661 0.0311668 0.516598
vn 0.280075 0.0454459 0.958902
vn 0.65899 0.0292541 0.751583
vn 0.600672 -0.0578611 0.797399
vn 0.997705 -0.0572895 -0.0361025
vn 0.999261 0.0326066 -0.0203743
vn 0.745586 -0.0049182 0.666391
vn 0.586746 -0.0926988 0.804448
vn 0.902235 -0.0546075 0.427773
vn 0.956306 -0.0182281 0.2918
vn 0.992776 0.000241036 0.11998
vn -0.00119079 0.0197781 0.999804
vn 0.00525766 0.0069614 0.999962
vn 0.994705 -0.0534671 -0.0877668
vn 0.966341 -0.0626923 0.249508
vn 0.994564 0.063085 -0.0828405
vn 0.230388 -0.081722 0.969661
vn 0.506631 -0.0462162 0.860923
vn -0.0451998 -0.0216411 0.998744
vn 0.978771 -0.0176809 0.204193
vn -0.00917118 0.0418923 0.99908
vn 0.63242 -0.0479565 0.77314
vn 0.506436 -0.0491743 0.860874
vn -0.0327329 0.0188888 0.999286
vn 0.946503 -0.000885563 0.322693
vn 0.980864 -0.0672428 -0.182714
vn 0.260809 -0.0237474 0.965098
vn 0.996309 -0.0799438 -0.0312728
vn 0.988962 -0.0521094 -0.138704
vn 0.822696 -0.0397033 0.567093
vn 0.331153 -0.0968562 0.938593
vn 0.932523 -0.100146 0.346945
vn 0.996373 -0.0519725 0.0673835
vn 0.590627 -0.059384 0.804757
vn 0.838614 -0.0232311 0.544231
vn 0.0681049 0.032596 0.997146
vn 0.996449 -0.0697983 -0.0470824
vn 0.0609683 0.0048045 0.998128
vn 0.961739 -0.0649913 -0.266147
vn 0.997507 -0.0216074 -0.0671774
vn 0.959507 -0.0783005 -0.270582
vn 0.997634 0.0687326 0.00127758
vn 0.675842 -0.0476309 0.735506
vn -0.873579 -0.0098298 0.486584
vn -0.81094 0.0194834 0.584804
vn -0.696575 -0.00252918 0.71748
vn 0.028295 -0.0567838 0.997985
vn 0.0339762 -0.00732888 0.999396
vn 0.0276001 -0.0451478 0.998599
vn -0.234292 -0.0237369 0.971876
vn -0.284241 -0.0201627 0.958541
vn -0.174493 -0.120365 0.977274
vn -0.926725 -0.0128151 0.375523
vn -0.694506 -0.0803289 0.714988
vn -0.532806 -0.0229656 0.845926
vn 0.0596377 0.0141816 0.998119
vn -0.0637241 -0.0607194 0.996119
vn -0.63843 -0.0373907 0.768771
vn -0.773588 -0.0612627 0.63072
vn -0.71623 -0.0356183 0.696955
vn 0.0552892 -0.0723127 0.995848
vn 0.923568 -0.0276226 -0.382438
vn 0.0748051 -0.0971799 0.992452
vn 0.823507 0.0447503 -0.565538
vn 0.44495 0.0497285 -0.894174
vn 0.325134 0.0889212 -0.941478
vn 0.731899 -0.018302 -0.681168
vn 0.169856 -0.0378385 -0.984742
vn 0.916446 0.0883749 -0.390278
vn 0.96325 0.0197775 -0.267876
vn 0.0481657 -0.0511429 -0.997529
vn -0.0621452 0.0163882 -0.997933
vn 0.23215 -0.0525276 -0.971261
vn 0.725333 -0.00778769 -0.688354
vn 0.200008 -0.0313294 -0.979293
vn 0.985287 0.0820922 -0.149898
vn 0.143569 0.0256952 -0.989307
vn 0.133694 0.0288496 -0.990603
vn 0.567858 0.0579133 -0.821087
vn 0.857878 -0.0023102 -0.513848
vn 0.975473 -0.0177596 -0.2194
vn -0.0578772 -0.0283094 -0.997922
vn 0.920622 -0.0100741 -0.390326
vn 0.539076 -0.0455196 -0.841026
vn 0.520132 0.0418009 -0.853062
vn -0.0472367 0.0167999 -0.998742
vn 0.0773179 0.0353809 0.996378
vn 0.0512834 -0.0636633 0.996653
vn -0.000717377 -0.0171465 0.999853
vn 0.0105484 0.00990092 0.999895
vn -0.0260635 -0.0562948 0.998074
vn -0.0236301 -0.128672 0.991406
vn 0.0597528 -0.0683132 0.995873
vn -0.104085 -0.0308329 0.99409
vn -0.0728331 0.0107735 0.997286
vn -0.0493113 -0.0620233 0.996856
vn -0.0338121 0.0192534 0.999243
vn 0.198941 0.979869 0.0167013
vn 0.978307 -0.141621 0.151195
vn 0.969171 -0.17306 0.175378
vn 0.984951 -0.148206 0.0889189
vn 0.769146 0.589611 0.246525
vn 0.845378 0.434931 0.310115
vn 0.954704 -0.0225781 0.296698
vn 0.989994 0.125758 -0.064009
vn 0.866084 0.499008 -0.0298111
vn 0.996852 -0.0705139 -0.0362514
vn 0.924648 0.176744 0.337326
vn 0.978852 0.136034 0.152785
vn 0.966843 0.131777 0.218744
vn 0.946079 -0.138361 0.292901
vn 0.945121 -0.146667 0.291949
vn 0.92655 -0.152708 0.343782
vn 0.959191 -0.10798 0.261329
vn 0.978909 -0.0635193 0.194172
vn 0.967246 -0.134784 0.215101
vn 0.809924 0.275056 0.518042
vn 0.846396 -0.0318266 0.531602
vn 0.890494 0.0129927 0.45481
vn 0.993684 -0.0823843 0.0761932
vn 0.999432 0.0177147 0.0286801
vn 0.992938 -0.00287494 0.118603
vn 0.898133 -0.124541 0.421718
vn 0.931909 0.356469 0.0669035
vn 0.990303 -0.130823 0.0467407
vn 0.9943 -0.105676 0.0141531
vn 0.995083 -0.0976614 -0.0165202
vn 0.989908 -0.0491332 0.132918
vn 0.964263 -0.00838079 0.264814
vn 0.979127 -0.0303086 0.200976
vn 0.946385 -0.176399 0.270627
vn 0.412392 0.90327 0.118472
vn 0.430512 0.90095 0.0543019
vn 0.226649 0.973636 0.0257526
vn 0.374936 0.917192 0.134838
vn 0.520761 0.826613 0.213353
vn 0.508107 0.812689 0.285243
vn 0.760071 0.403103 0.509705
vn 0.870124 -0.192296 0.453768
vn 0.925198 -0.13644 0.35411
vn 0.902708 -0.183215 0.389294
vn 0.394556 0.904591 0.161372
vn 0.610595 0.724631 0.319505
vn 0.987217 -0.0918254 0.130271
vn 0.96251 -0.0642434 0.263528
vn 0.965499 -0.0715794 0.250376
vn 0.946493 -0.0888138 0.310265
vn 0.994418 0.073173 0.0760178
vn 0.989897 -0.132575 -0.0502802
vn 0.33934 0.934974 0.103306
vn 0.977978 -0.178823 -0.107615
vn 0.999522 -0.0308411 -0.00233281
vn 0.997753 -0.04013 0.0536452
vn 0.990602 0.0440804 0.129481
vn 0.999737 -0.0223345 -0.00519408
vn 0.976469 -0.00652715 0.215557
vn 0.572973 0.819234 -0.0236205
vn 0.676424 0.73634 0.015941
vn 0.997346 -0.0624426 -0.0374557
vn 0.642066 0.268068 0.718256
vn 0.677294 0.0765731 0.731717
vn 0.478619 0.792948 0.377037
vn 0.619984 0.414324 0.666299
vn 0.62064 0.558867 0.549977
vn 0.199218 0.962056 0.18644
vn 0.528473 0.661932 0.531566
vn 0.780401 0.0110629 0.625182
vn 0.736698 0.182464 0.65114
vn 0.265221 0.964133 -0.0102455
vn 0.352126 0.932395 -0.0815297
vn 0.319494 0.947508 -0.0123558
vn 0.647032 -0.128055 0.751633
vn 0.681909 -0.0832354 0.726686
vn 0.996608 0.0167044 0.0805881
vn 0.749232 -0.0972458 0.65513
vn 0.734798 0.0113682 0.678191
vn 0.395649 0.91839 0.00460582
vn 0.691107 0.713359 0.116148
vn 0.674734 0.729261 0.113636
vn 0.652532 -0.0745992 0.75408
vn 0.868516 -0.160813 0.468849
vn 0.780299 -0.0776935 0.620562
vn 0.799897 -0.143626 0.582698
vn 0.698435 0.172706 0.694523
vn 0.941753 -0.184483 0.28119
vn 0.902258 -0.142998 0.406794
vn 0.844178 -0.0919793 0.528113
vn 0.413505 0.749174 0.517448
vn 0.705517 -0.0936913 0.702473
vn 0.813218 -0.178036 0.554058
vn 0.542882 0.482544 0.687336
vn 0.299592 0.953722 0.0256844
vn 0.223154 0.971883 0.0751335
vn 0.770645 -0.0828584 0.631855
vn 0.881923 -0.114966 0.45716
vn 0.833631 -0.101405 0.542933
vn 0.988272 -0.0218642 0.151128
vn 0.957799 0.0900331 0.272974
vn 0.987915 0.0598205 0.142987
vn 0.500785 0.521367 0.690935
vn 0.95216 0.247556 0.179187
vn 0.986483 0.0219169 0.16239
vn 0.380284 0.924797 -0.0115808
vn 0.419907 0.903705 0.0836355
vn 0.324797 0.945633 -0.0169154
vn 0.433505 0.896845 -0.0879915
vn 0.482801 0.875207 -0.0302647
vn 0.164414 0.985166 -0.0491497
vn 0.126166 0.991626 -0.0275763
vn -0.010927 0.999486 -0.0301382
vn -0.0745703 0.994498 -0.0735689
vn -0.0921485 0.987776 -0.125723
vn -0.159543 0.971421 -0.175748
vn -0.0362392 0.993337 -0.109399
vn 0.0562899 0.994686 -0.0862012
vn 0.0141712 0.999789 0.0148951
vn 0.102711 0.994635 0.0122823
vn 0.997575 0.0693433 -0.00596126
vn 0.949892 0.311545 -0.0253979
vn 0.948022 0.312194 -0.0615591
vn 0.958566 0.248831 0.138687
vn 0.991198 0.0816976 0.104171
vn 0.962198 0.0950066 0.255243
vn 0.965841 0.0360539 0.256614
vn 0.950642 0.29503 0.0961083
vn 0.902555 0.405414 0.145033
vn 0.977716 -0.0496958 0.203964
vn 0.996159 -0.0525276 0.070065
vn -0.0654216 0.0476255 -0.996721
vn -0.0473659 0.0380832 -0.998151
vn -0.0346436 -0.005868 -0.999383
vn 0.33623 0.0680766 -0.939316
vn 0.304523 0.127646 -0.943913
vn 0.0374237 0.084438 -0.995726
vn 0.993002 0.0367829 -0.112222
vn 0.968857 -0.0144348 -0.247201
vn 0.939123 0.0351393 -0.34178
vn -0.174851 -0.00603021 -0.984576
vn -0.100161 0.0215591 -0.994738
vn -0.561829 -0.0309859 -0.826673
vn 0.950268 0.0515232 -0.30714
vn 0.000244329 0.0885991 -0.996067
vn -0.0952001 0.0153859 -0.995339
vn 0.76809 0.0252516 -0.639843
vn 0.93921 0.0588606 -0.338261
vn 0.727962 0.0391392 -0.6845
vn -0.0908467 0.02298 -0.9956
vn -0.183908 -0.0169428 -0.982798
vn -0.155837 -0.0133413 -0.987693
vn -0.13779 -0.0177676 -0.990302
vn -0.0241624 0.0350718 -0.999093
vn -0.0159305 0.0136985 -0.999779
vn 0.0628596 -0.0141709 -0.997922
vn 0.0787426 -0.00298653 -0.99689
vn 0.00146372 0.0643327 -0.997927
vn 0.358519 -0.0293939 -0.93306
vn 0.306403 0.0256811 -0.951556
vn 0.753789 0.000530589 -0.657117
vn 0.875326 -0.0691621 -0.478562
vn 0.895391 -0.099704 -0.433975
vn 0.853683 -0.0257506 -0.520157
vn 0.514593 -0.0745321 -0.854189
vn 0.03256 0.128566 -0.991166
vn -0.0314925 0.0808094 -0.996232
vn 0.3442 -0.00711502 -0.93887
vn 0.323601 0.0235637 -0.9459
vn 0.100644 0.0325818 -0.994389
vn -0.0925354 0.00476522 -0.995698
vn -0.929543 -0.0842094 0.35897
vn -0.935852 0.0509127 -0.348697
vn -0.992883 0.0486444 -0.108705
vn -0.0846832 0.0152865 -0.996291
vn 0.728002 0.0933081 -0.679196
vn -0.55755 0.0138276 -0.830028
vn -0.838156 -0.000401718 -0.54543
vn 0.00650928 -0.0571285 -0.998346
vn -0.0297958 -0.0344117 -0.998963
vn -0.0272552 -0.0153408 -0.999511
vn 0.936794 -0.0944497 -0.336892
vn 0.403484 0.0269018 -0.914591
vn -0.00664167 0.00776339 -0.999948
vn 0.247321 -0.0797988 -0.965642
vn 0.117285 -0.066806 -0.990849
vn 0.554989 -0.0886802 -0.827117
vn -0.9563 -0.0196824 0.291724
vn -0.981061 -0.0397929 0.18957
vn -0.988301 0.00755759 0.15233
vn -0.0652791 0.0229035 -0.997604
vn -0.998961 -0.0350097 0.0291744
vn -0.984751 -0.01901 0.172926
vn -0.98728 -0.0418753 -0.153376
vn -0.194475 0.146065 -0.969971
vn -0.0821599 0.0678669 -0.994306
vn -0.269463 0.0358866 -0.962342
vn -0.63989 -0.0457538 -0.767104
vn -0.659535 0.0677352 -0.748616
vn 0.0221639 0.0597625 -0.997967
vn 0.0351098 0.020109 -0.999181
vn -0.042278 -0.0793079 -0.995953
vn -0.93264 -0.0744308 -0.353047
vn -0.129267 0.0363313 -0.990944
vn -0.11053 0.145983 -0.983093
vn -0.150768 0.0472691 -0.987438
vn 0.45537 -0.03223 -0.889719
vn -0.980941 -0.100414 0.166349
vn -0.953509 -0.0449461 0.297994
vn -0.997299 -0.0370537 -0.0634122
vn 0.756973 -0.0949427 -0.646512
vn -0.040443 0.0519566 -0.99783
vn -0.0846915 0.0496963 -0.995167
vn -0.0877098 0.0188942 -0.995967
vn -0.0646584 0.00705436 -0.997883
vn -0.0345907 0.0624839 -0.997446
vn 0.0121019 0.117687 -0.992977
vn -0.00661838 -0.00100111 -0.999978
vn 0.00594138 0.0843526 -0.996418
vn 0.00202322 0.0273686 -0.999623
vn -0.17094 0.0332785 -0.984719
vn -0.976056 -0.0387263 -0.214044
vn -0.956009 -0.0297533 -0.291825
vn -0.0753818 0.0137549 -0.99706
vn -0.143334 -0.0527495 -0.988268
vn -0.229026 0.0165265 -0.97328
vn -0.00545972 0.101799 -0.99479
vn -0.0240081 -0.0580708 -0.998024
vn -0.129414 -0.056467 -0.989982
vn -0.931726 0.0806678 -0.35409
vn -0.716633 0.166205 -0.677358
vn -0.0385313 0.0960801 -0.994628
vn -0.0119603 0.0806787 -0.996668
vn -0.79968 -0.00856959 -0.600366
vn -0.360931 0.0282339 -0.932165
vn -0.545947 0.098042 -0.832064
vn -0.00920176 0.0230512 -0.999692
vn -0.0314999 -0.0727833 -0.99685
vn -0.0366579 -0.105732 -0.993719
vn -0.0510693 0.00568643 -0.998679
vn -0.8147 0.00525271 -0.579859
vn -0.504679 -0.111083 -0.856131
vn -0.515389 0.103466 -0.850687
vn -0.892591 0.00366886 -0.450853
vn -0.761248 -0.0599003 -0.645689
vn 0.0698529 0.00882808 -0.997518
vn 0.122051 0.989803 -0.0734382
vn 0.0439234 0.987632 -0.150514
vn 0.0879703 0.986117 -0.140836
vn 0.0321933 0.983154 -0.179922
vn -0.036041 0.98952 -0.139829
vn 0.108301 0.989727 -0.0933371
vn 0.0311202 0.998121 -0.0527855
vn 0.00866939 0.997523 0.0698056
vn 0.0451889 0.998821 0.017736
vn -0.0650582 0.980469 0.185604
vn -0.104122 0.973232 0.204884
vn -0.0352682 0.986005 -0.16294
vn -0.0429596 0.998111 -0.0439293
vn 0.0255955 0.990618 -0.134242
vn 0.0142652 0.999845 0.0103208
vn -0.0029748 0.99583 -0.0911768
vn 0.0608288 0.996175 -0.0627346
vn -0.983583 0.0882399 -0.157413
vn -0.998365 -0.0520797 0.0235819
vn -0.904613 0.0858159 0.417505
vn -0.922235 0.0879862 0.376484
vn -0.950989 -0.0540875 0.304459
vn -0.992071 -0.125016 -0.0129179
vn -0.980439 -0.0882947 -0.175907
vn -0.973332 -0.135843 0.184854
vn -0.987933 -0.15304 0.0238282
vn -0.983354 -0.169095 0.066504
vn -0.871256 -0.15677 -0.465119
vn -0.908972 -0.0797817 -0.409151
vn -0.77969 0.44619 0.439316
vn -0.706678 0.615349 0.349215
vn -0.851943 0.254274 0.457753
vn -0.977236 -0.0763459 0.197943
vn -0.860409 0.448232 0.242457
vn -0.945646 0.0476588 -0.321687
vn -0.953792 -0.134413 0.268725
vn -0.976857 -0.138379 -0.163097
vn -0.973124 -0.00251154 0.230269
vn -0.784081 0.478032 0.395856
vn -0.474407 0.873512 0.109156
vn -0.956885 -0.187478 -0.221863
vn -0.979357 -0.186394 -0.0782159
vn -0.824052 0.425729 0.373755
vn -0.977502 -0.192355 -0.0865453
vn -0.513519 0.847516 0.134223
vn -0.284134 0.957425 0.0510425
vn -0.293523 0.946528 0.1339
vn -0.0547945 0.998484 -0.00519278
vn -0.288825 0.951866 0.102624
vn -0.950519 -0.0348914 -0.3087
vn -0.66119 0.72132 0.206218
vn -0.914446 -0.188552 -0.358101
vn -0.953222 -0.126833 -0.274376
vn -0.966739 -0.0854188 0.241078
vn -0.615782 0.0140096 0.787792
vn -0.609276 -0.0665321 0.790162
vn -0.608627 -0.0717395 0.790207
vn -0.859923 -0.0396717 0.508881
vn -0.911492 -0.0801143 0.403441
vn -0.896503 -0.0369174 0.441497
vn -0.638228 -0.0518351 0.768101
vn -0.621386 0.0465786 0.782119
vn -0.612987 -0.0636986 0.787521
vn -0.909907 -0.106562 0.400891
vn -0.0319935 0.998204 -0.0506424
vn -0.100399 0.993024 0.0618425
vn -0.645155 0.0810315 0.759743
vn -0.56939 0.420732 0.706243
vn -0.617706 0.264152 0.740718
vn -0.599572 -0.0686221 0.797374
vn -0.606142 -0.0523138 0.793634
vn -0.777969 -0.061457 0.62529
vn -0.844999 -0.074229 0.529591
vn -0.796116 -0.0286339 0.604467
vn -0.569964 0.470954 0.673307
vn -0.381749 0.779541 0.496573
vn -0.276707 0.868954 0.410307
vn -0.840655 0.134376 0.524636
vn -0.615799 0.146859 0.774096
vn -0.633965 0.147726 0.759121
vn -0.612386 -0.056369 0.788547
vn -0.613634 -0.0568153 0.787544
vn -0.534968 0.791729 0.294913
vn -0.583351 0.443267 0.6806
vn -0.575377 0.328013 0.749232
vn -0.584603 0.336822 0.738099
vn -0.389091 0.809992 0.438772
vn -0.161394 0.966244 0.200809
vn -0.428241 0.788894 0.440746
vn -0.76653 -0.0134755 0.642067
vn -0.842929 -0.00648833 0.537986
vn -0.516046 0.429145 0.741304
vn -0.464316 0.619498 0.632956
vn -0.738368 0.414507 0.531974
vn -0.801044 0.231312 0.552108
vn 0.0160618 0.999701 0.0184147
vn -0.764011 0.264359 0.588558
vn -0.934803 -0.0527626 0.351227
vn -0.710077 0.364942 0.602169
vn -0.523082 0.695593 0.492479
vn -0.720443 0.396564 0.568945
vn -0.317827 0.845927 0.428245
vn -0.436258 0.740103 0.511787
vn -0.559402 0.440758 0.701998
vn -0.638411 0.586002 0.499032
vn -0.572694 0.116582 0.811437
vn -0.110897 0.980843 0.16015
vn -0.666707 0.0399069 0.74425
vn -0.687497 -0.0376341 0.725211
vn -0.706903 -0.0295496 0.706693
vn 0.0643436 0.997807 -0.0155277
vn -0.0737573 0.980821 0.180415
vn -0.875911 -0.0131614 0.482293
vn -0.705192 -0.0662898 0.705911
vn -0.655566 -0.067455 0.752119
vn -0.577027 0.283546 0.765925
vn -0.757916 0.0133492 0.652215
vn -0.814644 0.0173867 0.5797
vn -0.267025 0.943776 0.194896
vn -0.186241 0.978847 0.0846922
vn -0.0349782 0.998978 -0.0286262
vn -0.594291 0.205524 0.777546
vn -0.524284 0.606881 0.597345
vn -0.59789 -0.0762381 0.797944
vn -0.764356 0.14621 0.627999
vn -0.641446 -0.0375767 0.766247
vn -0.230918 0.89577 0.379833
vn -0.786531 0.165141 0.59506
vn -0.812072 0.154 0.56287
vn -0.605109 -0.0372393 0.795271
vn -0.0967855 0.99527 0.0083664
vn -0.0383922 0.999245 -0.00600868
vn -0.374622 0.86545 0.332648
vn -0.133356 0.987046 0.0891937
vn -0.390404 0.75481 0.527112
vn -0.350639 0.800532 0.486005
vn -0.626638 -0.0856852 0.774586
vn 0.0536811 0.998464 0.0136838
vn -0.00914914 0.999786 -0.01857
vn -0.0317235 0.999475 -0.00662676
vn 0.0465486 0.998802 0.015072
vn 0.0419439 0.998768 -0.0265126
vn 0.0413242 0.998815 -0.025724
vn 0.00938552 0.998816 -0.047739
vn 0.0104991 0.998423 -0.0551441
vn 0.172565 0.811908 0.557698
vn 0.498254 0.82402 0.269691
vn 0.854584 0.0459606 0.517275
vn 0.0376838 0.995702 -0.0845974
vn 0.143624 0.989609 -0.0067342
vn -0.00834025 0.999925 0.00895629
vn -0.0215416 0.999759 0.00431992
vn 0.0326808 0.998297 -0.0483269
vn 0.0206865 0.999781 0.00318828
vn -0.0636981 0.997696 -0.0233413
vn 0.0181265 0.992532 0.120628
vn 0.0141752 0.998048 0.0608177
vn 0.0721459 0.99124 0.110625
vn 0.083885 -0.0230216 0.99621
vn 0.149183 0.418597 0.895835
vn 0.0433789 0.0585959 0.997339
vn 0.0965688 0.803313 0.587676
vn 0.1963 0.115522 0.973715
vn 0.0374066 0.00809798 0.999267
vn 0.243799 0.00327391 0.96982
vn 0.506919 -0.0800623 0.858268
vn 0.242935 -0.049443 0.968782
vn 0.0624939 0.00708559 0.99802
vn 0.0741809 -0.0772144 0.994251
vn 0.00625786 0.858002 0.513609
vn 0.0725901 0.904096 0.421119
vn 0.880627 -0.0606575 0.469912
vn 0.0455697 0.359564 0.932007
vn 0.0621602 -0.0352084 0.997445
vn -0.0422867 0.981587 0.186278
vn 0.582581 -0.0593061 0.810606
vn 0.0435621 0.215097 0.975621
vn -0.010839 0.8896 0.456611
vn -0.0282163 0.868014 0.495738
vn -0.0817318 0.996653 0.00140437
vn -0.0751583 0.996623 0.0330793
vn 0.010195 0.978748 0.204813
vn -0.00832912 0.980096 0.198348
vn -0.023136 0.989987 0.139248
vn 0.224528 -0.118695 0.967212
vn 0.472775 -0.117498 0.873315
vn -0.0380141 0.998627 0.0360426
vn 0.297681 0.0914734 0.950273
vn -0.0422367 0.998221 -0.0420736
vn -0.0699021 0.99697 -0.0341307
vn 0.984978 -0.170491 0.0273868
vn 0.87315 -0.0734716 0.481884
vn 0.991001 -0.120199 -0.0588948
vn -0.125614 0.980401 0.151775
vn -0.144539 0.989498 -0.00143909
vn -0.120541 0.990119 0.0716577
vn 0.967499 0.0329271 -0.250721
vn 0.42062 -0.0847583 -0.903269
vn 0.926049 -0.148665 -0.346889
vn 0.450312 -0.192856 -0.871795
vn 0.245332 0.75288 -0.610724
vn 0.202068 0.920674 -0.333959
vn -0.02629 0.969372 -0.244187
vn 0.270138 0.96267 0.0170807
vn 0.83879 0.528017 -0.132778
vn 0.650175 0.137462 -0.747247
vn -0.145657 0.989118 -0.0207529
vn -0.15177 0.98283 -0.104932
vn 0.160932 0.10153 -0.981729
vn 0.0138479 -0.0225086 -0.999651
vn -0.0210789 0.98659 0.16185
vn -0.00709601 0.989704 0.142952
vn 0.999423 0.0134903 0.0311758
vn -0.0288589 -0.0454252 -0.998551
vn -0.00115738 -0.0944478 -0.995529
vn -0.123152 0.982448 -0.140108
vn 0.031468 0.999453 0.0101971
vn -0.0365271 0.000911165 -0.999332
vn -0.0393491 0.0353229 -0.998601
vn -0.0373883 0.254436 -0.966367
vn 0.0646689 0.983695 -0.167814
vn -0.00402122 0.991834 -0.127471
vn 0.0151681 0.997871 -0.0634377
vn -0.0110022 0.995149 0.097764
vn 0.0601492 0.998156 -0.00813708
vn 0.046695 0.997879 -0.0453625
vn 0.991942 -0.122176 0.0335291
vn 0.139841 0.987951 0.0663197
vn 0.21441 0.976049 -0.0368344
vn 0.999283 -0.00546716 0.0374686
vn 0.553801 0.832571 0.0114439
vn 0.857065 0.507836 0.086848
vn 0.741368 0.670725 -0.0223913
vn 0.323403 0.946261 -0.000844534
vn 0.0636165 0.993168 0.0978264
vn 0.970459 0.237518 0.0423721
vn 0.578953 0.795397 0.179326
vn 0.956293 0.28055 0.0824338
vn -0.0234171 0.9913 0.129519
vn -0.0647705 0.629307 -0.774453
vn 0.0367902 0.766502 -0.641187
vn -0.0567612 0.675566 -0.735112
vn -0.104399 0.398802 -0.911075
vn -0.0623233 0.959713 -0.273983
vn -0.016631 0.979133 -0.202537
vn -0.0387401 0.854582 -0.51787
vn -0.0348434 0.962417 -0.269333
vn -0.00923714 0.981266 -0.192434
vn 0.317208 0.413099 -0.853656
vn 0.0692821 0.762442 -0.643337
vn 0.0834672 0.955966 -0.281357
vn 0.0300264 0.95879 -0.282525
vn 0.0841173 0.937755 -0.336957
vn -0.00154391 0.972914 -0.231164
vn 0.0366027 0.9647 -0.260797
vn 0.0876166 0.991981 -0.0910857
vn 0.03979 0.997275 -0.0621295
vn 0.0123944 0.999363 -0.0334764
vn -0.0586515 0.998229 -0.00998603
vn -0.0810389 0.994387 -0.0680259
vn 0.0503808 0.995534 -0.0798342
vn 0.0303165 0.999503 0.00864704
vn 0.0617186 0.993057 0.100144
vn 0.0158794 0.999123 -0.0387487
vn -0.00702262 0.996496 0.0833462
vn -0.0785935 0.988422 -0.129792
vn 0.0591013 0.930749 0.36085
vn -0.0206848 0.32651 0.944967
vn 0.199129 -0.0958174 0.975278
vn 0.269079 -0.634548 0.724531
vn 0.3343 -0.00365703 0.94246
vn -0.0131205 -0.986322 0.164306
vn 0.0100003 -0.986624 0.162704
vn 0.0607668 -0.848956 0.524958
vn -0.00596982 -0.744941 0.667103
vn 0.958289 -0.0390894 0.283116
vn 0.618687 -0.767697 0.166937
vn 0.624012 -0.775631 0.0949007
vn 0.0709664 0.0480702 0.99632
vn -0.0356454 -0.0252638 0.999045
vn 0.0252778 -0.219949 0.975184
vn 0.0573878 -0.989821 0.130237
vn 0.0446172 -0.135558 0.989764
vn 0.0177649 -0.0373841 0.999143
vn 0.0453994 -0.134823 0.989829
vn 0.952033 -0.0194533 0.305378
vn 0.910346 -0.366805 0.191635
vn -0.0212483 -0.0304619 0.99931
vn 0.0110013 0.0352431 0.999318
vn 0.0140156 -0.0744208 0.997128
vn -0.00444849 -0.0605649 0.998154
vn 0.0279525 -0.524504 0.850949
vn -0.00125698 -0.0612466 0.998122
vn 0.936151 -0.305712 0.173673
vn 0.0808439 -0.991194 0.104876
vn 0.924145 -0.048406 0.378963
vn 0.786719 -0.372343 0.492376
vn 0.659288 -0.547506 0.515341
vn 0.640936 -0.126484 0.757101
vn 0.442399 -0.718101 0.537229
vn 0.364101 -0.910301 0.196934
vn 0.794847 -0.331385 0.508332
vn 0.797328 -0.316498 0.513904
vn 0.261943 -0.951279 0.162646
vn 0.918908 0.0331025 0.393082
vn 0.0539825 0.0502328 0.997278
vn -0.0692682 -0.543515 0.836537
vn -0.00669167 0.0767703 0.997026
vn 0.0369776 -0.0457815 0.998267
vn 0.333244 -0.754795 0.565007
vn 0.148458 -0.972708 0.178322
vn 0.576927 0.0259059 0.816385
vn 0.532778 0.0980378 0.840557
vn 0.630668 0.0947029 0.770253
vn 0.226387 -0.810035 0.540918
vn 0.882706 0.0437306 0.467886
vn 0.89081 0.114986 0.439586
vn 0.0391855 -0.146931 0.98837
vn 0.971303 -0.00633158 0.237761
vn -0.154653 -0.520343 0.839837
vn 0.119227 -0.73081 0.672088
vn 0.0885907 0.160987 0.982972
vn 0.893415 -0.138581 0.427324
vn 0.918495 -0.0702678 0.389139
vn 0.0307384 -0.906119 0.421905
vn -0.01991 -0.0119496 0.99973
vn 0.0244652 0.033351 0.999144
vn -0.0490452 -0.169488 0.984311
vn 0.0542542 -0.0467141 0.997434
vn 0.738073 -0.0184494 0.674469
vn 0.94708 -0.0323831 0.319361
vn 0.0565058 -0.981233 0.184363
vn 0.0545131 0.117026 0.991632
vn 0.156557 -0.0264284 0.987315
vn 0.0348465 -0.966337 0.254909
vn 0.666117 -0.140271 0.732539
vn 0.665264 -0.167104 0.727667
vn 0.788575 -0.195215 0.58313
vn 0.387118 -0.0904218 0.917586
vn 0.298781 -0.0117292 0.95425
vn 0.158948 0.0992668 0.982284
vn 0.0654512 -0.769122 0.635741
vn 0.957504 -0.0306884 0.286784
vn 0.973883 0.00504774 0.226993
vn 0.0574317 -0.718787 0.692854
vn 0.513268 -0.857372 0.0383307
vn 0.182014 -0.0477559 0.982136
vn 0.0734473 0.0544914 0.995809
vn 0.201566 0.0479471 0.978301
vn 0.938149 -0.0796181 0.336954
vn 0.567344 -0.203591 0.797917
vn 0.684384 -0.202427 0.700458
vn 0.544867 -0.259196 0.797457
vn 0.501384 -0.245063 0.829794
vn 0.0821438 -0.125591 0.988676
vn 0.120316 -0.289146 0.949694
vn 0.0144327 -0.244861 0.969451
vn 0.851526 -0.165468 0.497518
vn 0.873754 -0.0711046 0.481142
vn 0.763447 -0.163982 0.624707
vn 0.033953 -0.157185 0.986985
vn -0.049994 -0.153243 0.986923
vn 0.480492 -0.25956 0.837709
vn 0.880302 0.0742813 0.468563
vn 0.914328 0.0999771 0.39244
vn 0.95219 -0.0168751 0.30504
vn 0.825703 0.0591875 0.560991
vn 0.74058 0.0834625 0.666764
vn 0.2617 -0.246251 0.933206
vn 0.276852 0.0513928 0.959537
vn 0.551475 -0.14971 0.820648
vn 0.109979 0.0238242 0.993648
vn 0.0644666 0.056281 0.996332
vn 0.0494537 0.08535 0.995123
vn 0.0698725 -0.117232 0.990643
vn 0.15051 -0.370614 0.916511
vn 0.049906 -0.0327515 0.998217
vn 0.135176 -0.0266888 0.990462
vn 0.235939 -0.265509 0.934793
vn 0.424115 -0.0358877 0.904897
vn 0.525104 -0.095135 0.845704
vn 0.715249 -0.0884756 0.693247
vn 0.00408872 0.0114569 0.999926
vn 0.464566 -0.0360531 0.884804
vn 0.247581 0.0300898 0.9684
vn 0.832269 0.0100934 0.554281
vn 0.308382 -0.379523 0.872275
vn 0.224678 -0.118585 0.967191
vn 0.936167 -0.0335566 0.349951
vn 0.971366 -0.0170802 0.236975
vn 0.968708 -0.0351581 0.245702
vn 0.945757 -0.0511166 0.320829
vn 0.424928 -0.286711 0.858623
vn 0.142929 0.0239548 0.989443
vn 0.815532 -0.146102 0.559966
vn 0.34101 -0.303305 0.889786
vn 0.852908 0.098492 0.512687
vn 0.415567 -0.325447 0.849346
vn -0.0616966 0.702937 -0.708571
vn -0.0764938 0.552379 -0.830076
vn 0.0687587 0.923703 -0.376888
vn 0.0429767 0.199599 -0.978935
vn 0.0586973 0.0252428 -0.997957
vn 0.00423341 -0.0477137 -0.998852
vn -0.281389 0.0377312 -0.958852
vn -0.1755 -0.050382 -0.983189
vn -0.26653 -0.0410402 -0.962953
vn -0.00659957 0.986155 -0.165692
vn 0.0268416 0.993388 -0.111622
vn -0.0682153 0.894286 -0.442266
vn -0.0727276 0.939283 -0.335347
vn -0.0719926 0.708167 -0.702365
vn -0.169609 0.0301743 -0.985049
vn -0.172089 0.209706 -0.962501
vn -0.127706 -0.0460235 -0.990744
vn -0.00319235 0.224449 -0.974481
vn 0.0226835 0.877207 -0.479577
vn -0.0466664 0.655596 -0.753668
vn 0.0431601 0.923694 -0.380693
vn 0.0236082 0.925444 -0.378147
vn 0.0103926 0.990724 -0.135489
vn 0.00935927 0.979934 -0.199103
vn 0.0166093 0.436541 -0.899531
vn 0.0575438 0.202567 -0.977576
vn -0.145825 0.276345 -0.949931
vn -0.0880314 0.322097 -0.942605
vn -0.39293 0.00413563 -0.919559
vn -0.357695 -0.0129796 -0.933748
vn -0.284364 -0.0239631 -0.958417
vn 0.0744169 0.980906 -0.179681
vn 0.152585 0.984115 -0.0907474
vn -0.340114 -0.0466912 -0.939224
vn -0.382715 -0.0395144 -0.923021
vn -0.155438 0.290767 -0.944083
vn -0.346895 -0.0487297 -0.936637
vn -0.120465 -0.0388967 -0.991955
vn -0.252896 -0.0186997 -0.967313
vn -0.134449 -0.0162864 -0.990787
vn -0.186324 0.09019 -0.97834
vn 0.000775423 -0.123933 -0.99229
vn -0.00439735 -0.167502 -0.985862
vn 0.0596889 -0.11436 -0.991645
vn -0.452654 0.0433217 -0.890633
vn -0.456557 -0.0290625 -0.889219
vn -0.482972 -0.00389035 -0.875627
vn -0.377441 -0.0192816 -0.925833
vn -0.356992 0.153308 -0.921441
vn 0.0297669 0.523451 -0.851536
vn -0.198623 0.249432 -0.947804
vn -0.00553257 0.709369 -0.704816
vn -0.0149177 0.678527 -0.734424
vn 0.0380916 0.455098 -0.889626
vn -0.0143911 0.50222 -0.86462
vn -0.355067 0.730542 -0.583297
vn -0.276405 0.785208 -0.554121
vn -0.470044 0.31846 -0.82319
vn -0.0358064 0.987512 -0.153423
vn -0.0671073 0.991649 -0.110134
vn -0.203814 0.93704 -0.283575
vn -0.049646 0.998647 0.0154456
vn -0.453213 -0.0267411 -0.891001
vn -0.312577 0.295005 -0.902922
vn -0.38427 0.695128 -0.607564
vn -0.597096 0.162618 -0.785513
vn -0.559491 0.407978 -0.721474
vn -0.127628 -0.0927896 -0.987472
vn -0.156524 -0.0445654 -0.986668
vn -0.488947 0.050281 -0.870863
vn -0.438473 0.190691 -0.878282
vn -0.0284492 -0.177132 -0.983776
vn -0.0541781 -0.109793 -0.992477
vn -0.0792443 -0.154754 -0.98477
vn 0.0564356 0.993922 -0.0945211
vn 0.0767563 0.996333 -0.0377916
vn -0.0671413 -0.044571 -0.996747
vn -0.0601891 -0.0458479 -0.997133
vn -0.0313575 -0.0520587 -0.998152
vn -0.0224698 -0.0936787 -0.995349
vn -0.100961 0.994137 0.0387232
vn -0.146973 0.965517 -0.214884
vn 0.017382 0.983697 0.178991
vn 0.0435792 0.998684 -0.0270363
vn 0.125852 0.988511 -0.0837055
vn 0.0932492 0.994918 -0.0379969
vn -0.166433 0.561535 -0.810542
vn -0.323039 0.843268 -0.429587
vn -0.102536 -0.0717316 -0.99214
vn -0.0684675 -0.0297544 -0.99721
vn -0.141213 -0.0617934 -0.988049
vn -0.0422525 -0.0444881 -0.998116
vn -0.0478236 0.972755 0.226851
vn 0.0128366 0.987673 0.156002
vn 0.050702 0.975599 0.213626
vn 0.0619753 0.994715 0.0818574
vn -0.138386 -0.0424905 -0.989466
vn -0.0592776 0.989653 0.130666
vn -0.0241947 0.961966 0.272097
vn -0.326483 0.450979 -0.830678
vn 0.0700834 0.983874 0.164564
vn -0.519564 0.287105 -0.804751
vn -0.548111 0.0102196 -0.836343
vn 0.148373 0.9832 0.106321
vn 0.128241 0.991447 -0.0242287
vn 0.0455453 0.998825 -0.0165387
vn 0.0242046 0.998022 -0.0580166
vn 0.120553 0.98757 -0.100856
vn 0.0508008 0.998701 0.00396268
vn 0.0070806 0.9995 0.0308239
vn 0.125573 0.992077 0.00390525
vn 0.0323408 0.99907 -0.0285094
vn -0.0161739 0.999869 -0.00117968
vn -0.0434297 -0.0545908 -0.997564
vn 0.00588923 0.999969 0.00530024
vn -0.0415047 0.98388 -0.173945
vn -0.000878211 0.772894 -0.634535
vn 0.0856486 0.98609 -0.142445
vn 0.0191662 0.9992 -0.0351038
vn 0.0806479 0.979012 -0.187164
vn 0.0791818 0.99081 -0.109663
vn 0.0971887 0.951451 -0.292054
vn 0.130859 0.961902 -0.240044
vn 0.107048 0.981986 -0.155708
vn -0.110369 0.993494 -0.0280942
vn -0.122831 0.980801 -0.151464
vn 0.115693 0.987595 -0.106164
vn -0.0645455 0.996978 0.0432341
vn 0.0125868 0.984078 0.177293
vn -0.0572266 0.981362 0.183449
vn 0.0288149 0.999577 0.00393884
vn 0.0128956 0.996204 0.086092
vn -0.0170904 0.97898 0.203241
vn 0.00728406 0.991937 0.126526
vn -0.221313 0.94247 -0.250542
vn -0.00949722 0.960062 0.279627
vn 0.00470964 0.999974 0.00543191
vn -0.0128625 0.996801 0.0788807
vn -0.0942431 0.988692 -0.11665
vn -0.085514 0.993109 0.0801371
vn -0.00577304 0.755985 -0.654563
vn -0.0861611 0.994271 0.0632606
vn -0.00803633 0.996148 -0.0873161
vn -0.0544363 0.996937 -0.0561567
vn -0.0389737 0.91379 -0.404314
vn -0.0417854 0.984654 0.169439
vn -0.0342894 0.979502 0.198496
vn 0.0314386 0.92991 -0.366441
vn -0.090681 0.992056 0.0871881
vn -0.0720923 0.978106 0.195219
vn -0.115924 0.990662 0.0717687
vn -0.0110019 0.998747 0.0488192
vn -0.194498 0.942641 0.271289
vn -0.0900289 0.98478 0.148673
vn 0.00829167 0.998407 -0.055812
vn -0.0468603 0.997792 0.0470757
vn -0.0699662 0.995976 0.0560094
vn -0.585283 0.535334 0.608984
vn -0.503542 0.705458 0.498773
vn -0.363443 0.827526 0.427915
vn -0.0253873 0.953393 0.300661
vn 0.0480731 0.951457 0.304004
vn 0.0530734 0.996591 0.0631683
vn -0.613778 0.484651 0.62321
vn -0.495868 0.626473 0.60137
vn -0.298811 0.901658 0.312609
vn -0.220475 0.929115 0.296877
vn -0.166933 0.948464 0.26935
vn -0.22003 0.936146 0.274259
vn -0.16833 -0.079884 0.982488
vn -0.228842 0.0213403 0.97323
vn -0.127972 0.354981 0.926073
vn -0.156788 0.814048 0.559234
vn -0.110407 0.723372 0.681574
vn -0.117055 0.329327 0.936932
vn -0.245112 0.363034 0.898959
vn -0.335884 0.351075 0.87403
vn 0.00228823 0.999216 0.0395166
vn 0.00228443 0.787805 0.615921
vn -0.501113 0.303332 0.810479
vn -0.363818 0.749957 0.55245
vn -0.446521 0.59605 0.667341
vn -0.0749557 0.774372 0.628275
vn 0.12067 0.992201 -0.0312521
vn 0.0543422 0.987347 0.148971
vn 0.0155431 0.991668 0.127882
vn -0.0153226 0.931869 0.362472
vn -0.14291 0.95017 0.277045
vn -0.153922 0.964167 0.216077
vn -0.519677 0.587095 0.620689
vn -0.451429 0.679114 0.578806
vn -0.591748 0.329246 0.735821
vn -0.221082 0.907407 0.357401
vn 0.0308933 0.998381 0.0477646
vn 0.0791491 0.996446 0.0288364
vn -0.179487 0.950689 0.252931
vn -0.257857 0.892805 0.369335
vn -0.649706 0.39588 0.648969
vn -0.196934 0.95 0.242317
vn -0.137401 0.983304 0.11931
vn -0.31725 0.838197 0.443597
vn -0.178288 0.972007 0.153024
vn -0.285887 0.926523 0.244591
vn -0.135509 0.97438 0.179499
vn 0.0259593 0.99844 -0.0494426
vn -0.0698781 0.979986 0.186401
vn 0.0452969 0.998738 -0.0216855
vn -0.0693318 0.944033 0.322483
vn -0.308209 0.65992 0.68521
vn -0.0099665 0.999794 0.0176739
vn -0.129939 0.982759 0.13153
vn 0.0494621 0.993568 -0.101865
vn 0.035478 0.995662 -0.0860149
vn 0.12042 0.99043 -0.0674369
vn 0.0408351 0.998028 -0.0476786
vn -0.00686485 0.999584 -0.0280163
vn -0.24118 0.913044 0.328911
vn -0.253744 0.781066 0.57057
vn -0.00912231 0.99937 0.0342909
vn -0.0241856 0.999569 0.0166637
vn -0.469616 0.628716 0.619819
vn 0.0114913 0.998405 0.0552697
vn -0.0323658 0.996013 0.0831265
vn 0.0298328 0.998446 0.047079
vn 0.0838249 0.996014 0.0304722
vn 0.0405058 0.999177 0.00220328
vn 0.0715122 0.997061 -0.0274672
vn 0.0218926 0.999741 0.00620725
vn -0.67949 0.188021 0.709184
vn 0.0642961 0.994458 -0.0831772
vn 0.0654614 0.996628 -0.0494644
vn -0.641066 0.284861 0.712663
vn -0.375441 0.587028 0.717247
vn 0.0720981 0.996487 0.0426183
vn -0.24127 0.742867 0.62445
vn 0.076349 0.997031 -0.0099828
vn 0.0259869 0.999309 -0.0265907
vn -0.0401444 0.993972 0.102023
vn 0.0782842 0.995059 -0.0610698
vn 0.0261438 0.99912 0.0327899
vn 0.0462864 0.997477 0.0538325
vn 0.0364024 0.999118 0.0209137
vn 0.0723789 0.997159 -0.0208393
vn 0.0180073 0.998869 0.0439947
vn 0.0154474 0.999141 0.0384578
vn 0.0362697 0.997827 0.0550075
vn -0.267646 -0.0742349 0.960653
vn -0.338696 0.140877 0.93029
vn -0.359992 -0.0122868 0.932875
vn -0.656674 -0.0844074 0.749436
vn -0.700265 -0.105995 0.70597
vn -0.694475 -0.109916 0.711071
vn -0.683137 -0.0393699 0.729228
vn -0.029616 0.998523 0.0455407
vn 0.0230235 0.999596 0.016664
vn -0.604637 -0.0920948 0.791159
vn -0.584082 -0.13194 0.8009
vn -0.634132 -0.119546 0.763927
vn -0.31799 0.814167 0.485813
vn -0.677004 -0.0920957 0.730195
vn -0.653805 -0.127255 0.745886
vn -0.650207 -0.0597299 0.757406
vn -0.676849 -0.132421 0.724113
vn -0.726325 -0.0764428 0.683087
vn -0.696689 0.0288573 0.716792
vn -0.443073 0.0527725 0.894931
vn -0.615739 -0.105117 0.780907
vn -0.530071 -0.107111 0.841161
vn -0.344199 -0.130264 0.929816
vn -0.633468 -0.0947401 0.767947
vn -0.604896 0.255665 0.754146
vn -0.612787 0.0143132 0.790119
vn -0.734753 0.174154 0.655598
vn -0.696744 -0.138278 0.703866
vn -0.504396 -0.144085 0.851366
vn -0.438204 -0.130244 0.88939
vn -0.545218 -0.115652 0.830278
vn -0.634518 -0.0256242 0.772483
vn 0.0222961 0.997238 0.0708541
vn -0.531062 0.036608 0.846542
vn -0.582572 0.198423 0.788187
vn -0.562924 0.221993 0.796138
vn -0.440206 -0.120485 0.889777
vn 0.0102884 0.99874 0.049111
vn -0.627068 0.044304 0.777704
vn -0.405634 0.723644 0.558391
vn -0.343757 -0.126867 0.930449
vn -0.35831 0.474074 0.804281
vn -0.266529 0.593151 0.759693
vn -0.372336 0.326575 0.868743
vn -0.0125653 0.998714 0.0491247
vn 0.0687445 0.997319 0.0250972
vn 0.0669423 -0.0929814 -0.993415
vn 0.912396 0.00956602 -0.409196
vn 0.859056 0.00010475 -0.511882
vn 0.906512 -0.0322464 -0.420946
vn -0.065847 -0.249805 -0.966055
vn 0.0369529 -0.166995 -0.985265
vn 0.0138639 -0.273067 -0.961895
vn 0.400282 -0.0473324 -0.915169
vn 0.479055 -0.14805 -0.86521
vn 0.221154 -0.0400092 -0.974418
vn 0.391656 -0.0720796 -0.917284
vn 0.528123 -0.122806 -0.840241
vn 0.46616 -0.0450125 -0.883555
vn 0.148381 0.649717 -0.745555
vn 0.0636265 0.901516 -0.428042
vn 0.11359 0.974112 -0.195456
vn 0.940931 -0.0600678 -0.333227
vn 0.593555 -0.701278 -0.394844
vn 0.830217 -0.03323 -0.55645
vn 0.681064 -0.664771 -0.306971
vn 0.180354 -0.0221756 -0.983352
vn 0.234809 -0.0607341 -0.970142
vn 0.344049 -0.0346466 -0.938312
vn 0.326767 -0.0176489 -0.94494
vn 0.625394 -0.0697808 -0.777183
vn 0.926585 -0.0664113 -0.370177
vn 0.148608 0.0635745 -0.986851
vn 0.163994 0.0154254 -0.986341
vn 0.178579 0.0634489 -0.981878
vn 0.896689 -0.174744 -0.406711
vn 0.945819 -0.15106 -0.287416
vn 0.493714 -0.0560249 -0.867818
vn 0.854534 0.00289909 -0.519387
vn 0.779928 0.0731005 -0.621585
vn 0.812916 -0.0205321 -0.582019
vn 0.731373 -0.135839 -0.668312
vn 0.651764 -0.12292 -0.748395
vn 0.720222 -0.0835164 -0.688698
vn 0.967442 -0.0549087 -0.247066
vn 0.601153 -0.114496 -0.790889
vn 0.545549 -0.101626 -0.831894
vn 0.948285 -0.156416 -0.276207
vn 0.865421 -0.461135 -0.19596
vn 0.796329 -0.567306 -0.209817
vn 0.959355 -0.0758994 -0.271805
vn 0.598601 -0.797502 -0.075281
vn 0.420025 -0.904242 -0.0769799
vn 0.955017 -0.243476 -0.169298
vn 0.346709 -0.124095 -0.929728
vn 0.247159 -0.0824425 -0.965461
vn 0.463652 -0.140684 -0.874777
vn 0.944735 -0.0475591 -0.324366
vn 0.991203 -0.0386236 -0.126586
vn 0.54945 -0.0837842 -0.831315
vn 0.671253 -0.0644463 -0.738421
vn 0.56351 -0.0652948 -0.823525
vn -0.0314836 -0.990121 -0.136638
vn 0.263404 -0.799331 -0.540081
vn 0.0462779 -0.963943 -0.262054
vn 0.133736 0.114043 -0.984433
vn 0.161129 0.0738455 -0.984167
vn 0.132558 -0.0540686 -0.989699
vn 0.718793 -0.106193 -0.687066
vn 0.295381 0.253394 -0.921163
vn -0.112474 -0.316647 -0.941852
vn -0.14 -0.0946575 -0.985617
vn -0.0503004 -0.212798 -0.975801
vn 0.724944 -0.0320615 -0.688061
vn 0.737524 -0.138477 -0.660971
vn 0.55593 -0.0502138 -0.829711
vn 0.691891 -0.14358 -0.707582
vn -0.209376 -0.209755 -0.955073
vn 0.546772 -0.259687 -0.795992
vn 0.5902 -0.379638 -0.712417
vn 0.676913 0.0223437 -0.735724
vn 0.996368 0.0350026 -0.0776275
vn 0.994288 0.0164314 -0.105462
vn 0.165862 0.277622 -0.946264
vn 0.642108 -0.118971 -0.757326
vn 0.341374 0.00365148 -0.93992
vn 0.132269 0.979515 -0.151839
vn 0.0565531 0.617025 -0.784909
vn 0.888387 -0.0470201 -0.456681
vn 0.46026 -0.0566414 -0.885976
vn 0.995977 -0.034003 -0.0829066
vn 0.352572 -0.128335 -0.926943
vn 0.400716 -0.0855741 -0.912197
vn 0.574273 -0.0805637 -0.81469
vn 0.119597 -0.0110792 -0.992761
vn 0.902072 -0.0328131 -0.430336
vn 0.81665 -0.115005 -0.565558
vn 0.759991 -0.173848 -0.626252
vn 0.163487 -0.00676328 -0.986522
vn 0.788856 -0.108513 -0.604923
vn 0.860704 -0.0978121 -0.499622
vn 0.341797 -0.0839282 -0.936019
vn -0.284673 -0.0830398 -0.955021
vn 0.116617 -0.0589662 -0.991425
vn 0.169492 -0.0940764 -0.981031
vn 0.096526 0.209316 -0.973072
vn 0.12892 0.444423 -0.886492
vn 0.856031 -0.064551 -0.512878
vn -0.00807246 -0.0621937 -0.998031
vn 0.994498 0.0129606 -0.103946
vn 0.797608 -0.086649 -0.59692
vn 0.209701 -0.113776 -0.971123
vn 0.133054 -0.0187981 -0.990931
vn 0.162466 0.0181144 -0.986548
vn 0.699777 0.00831019 -0.714313
vn 0.260126 -0.816811 -0.514932
vn 0.713241 0.0632881 -0.698056
vn 0.184032 -0.265694 -0.946329
vn 0.206367 -0.588799 -0.781491
vn 0.235292 -0.760891 -0.604717
vn 0.108745 0.0315714 -0.993568
vn 0.128555 -0.00466208 -0.991691
vn 0.747766 -0.00770711 -0.663918
vn 0.376425 0.0135339 -0.926348
vn 0.909988 -0.0691738 -0.408823
vn 0.984452 -0.0457447 -0.16959
vn 0.146744 -0.978321 -0.146131
vn 0.0313363 -0.911154 -0.410872
vn 0.0460155 -0.021766 -0.998704
vn 0.27145 -0.53502 -0.800043
vn 0.0440331 -0.811054 -0.583312
vn 0.0871205 -0.00984283 -0.996149
vn 0.0881869 -0.497444 -0.863002
vn 0.104692 -0.0934329 -0.990106
vn -0.0605883 -0.0725561 -0.995522
vn 0.0179157 -0.0731351 -0.997161
vn -0.0621557 -0.13141 -0.989378
vn -0.0839616 -0.0551668 -0.994941
vn -0.0209747 -0.0166496 -0.999641
vn -0.055378 0.00611354 -0.998447
vn -0.0573959 -0.0323118 -0.997828
vn -0.0206418 -0.326276 -0.945049
vn -0.0638949 -0.495424 -0.866298
vn -0.0192453 -0.66553 -0.746123
vn -0.230532 -0.0729178 -0.970329
vn 0.0107619 0.0321879 -0.999424
vn 0.0293964 -0.912459 -0.40811
vn -0.016711 -0.553909 -0.832409
vn -0.0582258 0.00969568 -0.998256
vn -0.0352145 -0.532143 -0.845922
vn -0.0870548 -0.158366 -0.983535
vn -0.0773242 -0.0983771 -0.992141
vn -0.0763977 -0.0177307 -0.99692
vn 0.0288199 0.0551594 -0.998062
vn -0.0502073 -0.936208 -0.347841
vn 0.190329 0.0322771 -0.98119
vn 0.11628 0.0576759 -0.99154
vn -0.0503581 -0.209132 -0.97659
vn -0.0744973 -0.0115181 -0.997155
vn 0.107107 -0.993788 -0.0302266
vn 0.0446413 0.0198967 -0.998805
vn -0.0543025 -0.483097 -0.873881
vn -0.0103181 -0.997757 -0.0661464
vn -0.0768686 -0.884742 -0.459699
vn 0.0986463 -0.96376 -0.247864
vn -0.272243 -0.931878 0.239764
vn -0.46463 -0.696933 0.546263
vn -0.588269 -0.139907 0.796471
vn -0.61452 -0.146121 0.775251
vn -0.898021 -0.165479 -0.407645
vn -0.933158 -0.060411 -0.354355
vn -0.934588 -0.162516 -0.316441
vn -0.989763 -0.0719017 -0.12329
vn -0.987889 -0.131961 -0.0816197
vn -0.980598 -0.122821 -0.15278
vn -0.0580251 -0.997815 0.0316126
vn -0.723021 -0.0974511 -0.683918
vn -0.784385 -0.0414627 0.618887
vn -0.845453 0.0644553 0.530146
vn -0.798024 0.0710927 0.598418
vn -0.98731 0.0884843 -0.131869
vn -0.964546 0.135051 -0.226744
vn -0.947151 0.13178 -0.292469
vn -0.730284 0.0120071 0.683038
vn -0.735674 0.109429 0.668438
vn -0.715449 0.0753698 0.694588
vn -0.680801 -0.19991 0.70466
vn -0.622845 -0.271573 0.733697
vn -0.580538 -0.334346 0.742421
vn -0.720098 -0.0609214 0.691192
vn -0.865773 0.0505292 0.497879
vn -0.667783 0.0175428 0.74415
vn -0.67341 -0.0250315 0.738845
vn -0.995221 -0.0925499 -0.0311384
vn -0.825249 -0.0766998 0.559536
vn -0.999182 -0.0282663 0.0289238
vn -0.992464 0.00434565 -0.122458
vn -0.997646 0.0602448 -0.032749
vn -0.0320394 -0.999401 0.0130864
vn -0.844945 -0.334324 0.417486
vn -0.668786 -0.665808 0.330793
vn -0.412922 -0.881912 0.227435
vn -0.995718 -0.08243 -0.0418498
vn -0.986451 -0.094616 0.134026
vn -0.737855 -0.238055 -0.631585
vn -0.82844 -0.00312178 -0.560068
vn -0.705527 -0.259031 -0.659647
vn -0.89387 -0.0061965 -0.448283
vn -0.922663 0.0242093 -0.384848
vn -0.898257 -0.0679228 -0.43419
vn -0.463414 -0.794456 0.392538
vn -0.969798 -0.167758 -0.177055
vn -0.971659 -0.0754307 -0.224028
vn -0.774519 -0.073525 0.628263
vn -0.950663 -0.0768966 0.300545
vn -0.889598 -0.0849732 0.44877
vn -0.938203 -0.0870255 0.334966
vn -0.787966 -0.28942 0.543457
vn -0.403277 -0.867206 0.292098
vn -0.993569 -0.103319 0.0463134
vn -0.665494 0.00703921 0.74637
vn -0.864343 -0.0673869 0.498367
vn -0.915517 0.0462276 0.399613
vn -0.946286 -0.0829157 0.312519
vn -0.622594 -0.193775 0.758174
vn -0.250944 -0.959698 -0.126517
vn -0.960878 0.0232743 -0.275991
vn -0.995251 0.0509539 0.0829452
vn -0.997779 -0.0105403 0.0657681
vn -0.911716 -0.39199 0.122956
vn -0.986068 0.00773422 0.166161
vn -0.845816 -0.170449 0.505513
vn -0.594919 -0.0606277 0.801496
vn -0.674453 -0.469219 -0.570041
vn -0.719375 -0.423236 -0.550792
vn -0.746664 -0.0513929 0.663213
vn -0.86636 -0.168158 -0.470259
vn -0.276693 -0.784059 0.555602
vn -0.641028 -0.463279 0.611928
vn -0.619297 -0.167197 0.767148
vn -0.6859 -0.0315319 0.727012
vn -0.875616 -0.0167618 0.482717
vn -0.964501 -0.0427588 0.260594
vn -0.927775 -0.0253903 0.372275
vn -0.651759 -0.116377 0.749445
vn -0.894374 0.196234 -0.401979
vn -0.938173 0.118236 -0.32535
vn -0.894243 0.112186 -0.433293
vn -0.856234 0.173308 -0.48665
vn -0.885437 0.114436 -0.45045
vn -0.439619 -0.849298 0.292282
vn -0.684014 -0.0828127 0.724753
vn -0.964037 0.0220476 0.264852
vn -0.950025 -0.158997 0.26865
vn -0.611467 -0.0444993 0.790018
vn -0.570977 -0.617702 -0.540768
vn -0.626527 -0.262488 0.733869
vn -0.583254 -0.17588 0.79302
vn -0.671229 -0.000727312 0.741249
vn -0.65682 -0.0603066 0.751632
vn -0.666369 0.0252353 0.745195
vn -0.61108 -0.576096 0.542858
vn -0.536793 -0.442178 0.718563
vn -0.953732 -0.0826701 0.289068
vn -0.815081 0.0936548 -0.571727
vn -0.607961 0.0462617 0.792618
vn -0.669431 -0.0331352 0.742135
vn -0.615545 -0.0482856 0.786621
vn -0.12134 -0.981396 0.148787
vn -0.643001 -0.0421866 0.764702
vn -0.65343 -0.0548908 0.754995
vn -0.454007 -0.887664 0.0770059
vn -0.369499 -0.923292 0.104896
vn -0.469157 -0.727895 0.50006
vn -0.988189 0.0102514 0.152899
vn -0.985815 -0.0712222 0.151975
vn -0.656553 -0.0454114 0.752911
vn -0.935617 0.011808 0.35282
vn -0.148585 -0.988578 0.0252377
vn -0.47086 -0.675557 0.567374
vn -0.607544 -0.0730223 0.790922
vn -0.633258 -0.0313157 0.773307
vn -0.63999 -0.0894657 0.763157
vn -0.638977 -0.0290763 0.768676
vn -0.621971 -0.069934 0.779911
vn -0.666886 -0.0649837 0.742321
vn -0.699631 -0.0286113 0.713931
vn -0.600902 -0.216814 0.769356
vn -0.999599 0.011651 -0.0257917
vn -0.622295 -0.0829452 0.778376
vn -0.641869 -0.0230724 0.766467
vn -0.969585 0.0589327 -0.237554
vn -0.946434 -0.111404 -0.303071
vn -0.963989 -0.152393 -0.217948
vn -0.923145 0.052522 -0.380848
vn -0.930337 -0.363231 0.0503665
vn -0.816601 -0.438367 -0.375497
vn -0.607908 -0.0562559 0.792012
vn -0.975371 -0.208024 -0.0733362
vn -0.993221 0.0362386 -0.110448
vn -0.620565 -0.0961302 0.778241
vn -0.644066 -0.762263 -0.0642948
vn -0.597068 -0.102607 0.795601
vn -0.617397 -0.698086 0.362624
vn -0.714188 -0.655055 -0.246653
vn -0.5342 -0.760986 -0.368145
vn -0.952315 -0.267765 -0.146283
vn -0.834955 -0.230604 -0.499673
vn -0.647581 -0.0553249 0.759985
vn -0.602911 -0.0682197 0.794887
vn -0.728663 -0.0548091 0.682675
vn 0.392201 -0.910719 0.129494
vn 0.576677 -0.809586 -0.109605
vn 0.999 0.0443178 0.00596139
vn 0.26234 0.686984 0.677665
vn 0.144898 0.713304 0.685712
vn 0.168201 0.79125 0.587905
vn 0.233868 0.285461 0.929418
vn 0.153994 0.360954 0.919782
vn 0.143176 -0.0460387 0.988626
vn 0.294032 0.0170575 0.955644
vn 0.0416285 0.513896 0.856842
vn -0.0308528 0.676178 0.736092
vn 0.9966 0.0553265 -0.0610509
vn 0.990857 0.133287 0.0208914
vn 0.99735 -0.0593354 0.042092
vn 0.0659817 0.0901089 0.993744
vn 0.0345515 0.734975 0.677213
vn -0.000584896 0.345532 0.938407
vn -0.0112296 0.510763 0.859648
vn 0.999027 -0.0308786 -0.0314986
vn 0.99364 -0.0338181 0.107404
vn 0.998563 -0.0430975 0.0318408
vn 0.992078 0.0891944 0.0884586
vn 0.915225 0.302316 0.266399
vn 0.851226 -0.520629 0.0660227
vn 0.46647 -0.751907 0.465878
vn 0.827574 -0.542061 -0.145918
vn 0.902328 -0.363987 -0.230906
vn 0.737063 -0.664675 -0.12225
vn -0.00541433 0.172322 0.985026
vn 0.237185 -0.107203 0.965531
vn 0.997143 0.074057 -0.014865
vn 0.995552 -0.0942025 0.00173586
vn -0.0210599 0.317265 0.948103
vn -0.00287188 -0.0170139 0.999851
vn 0.918718 -0.373061 -0.129548
vn 0.99888 -0.0374559 -0.0289216
vn 0.0227265 -0.164418 0.986129
vn -0.0104899 -0.0875691 0.996103
vn 0.00690693 0.428958 0.903298
vn 0.0545488 0.537781 0.841318
vn -0.0153156 0.619871 0.784554
vn -0.00945347 0.131865 0.991223
vn 0.966698 -0.174633 -0.187077
vn 0.99395 -0.0396431 -0.102425
vn 0.891235 -0.391145 0.229577
vn 0.244541 0.715793 0.654095
vn 0.501715 0.484236 0.716797
vn 0.692578 0.467953 0.548959
vn 0.573859 -0.4934 0.653638
vn 0.908588 -0.337837 0.245629
vn 0.0542408 0.157709 0.985995
vn 0.140817 -0.481789 0.864899
vn 0.0729431 -0.330844 0.940862
vn 0.36598 -0.275986 0.888758
vn -0.0194223 -0.270186 0.962612
vn 0.00332257 -0.436553 0.899673
vn 0.678109 0.351983 0.645195
vn 0.174324 0.368436 0.913163
vn 0.392364 -0.452567 0.80077
vn 0.507764 0.708083 0.490709
vn 0.934175 0.203643 0.292995
vn 0.00344486 -0.238179 0.971215
vn 0.00283514 -0.0528618 0.998598
vn -0.0202317 -0.350605 0.936305
vn 0.642391 -0.108908 0.758599
vn 0.919818 -0.151624 0.361862
vn 0.988586 0.0693644 0.133739
vn 0.108199 -0.0751548 0.991284
vn 0.252582 0.139301 0.957495
vn 0.78048 0.130453 0.611419
vn 0.94943 -0.235 -0.208227
vn 0.948054 -0.275387 -0.159232
vn 0.0811612 -0.27863 0.956963
vn 0.134511 -0.466256 0.874364
vn 0.444696 -0.309987 0.840329
vn 0.140377 -0.196546 0.970394
vn 0.994939 0.0844347 -0.0544777
vn 0.180037 0.601972 0.777957
vn 0.993033 0.0332591 -0.113049
vn 0.991303 0.0505264 -0.121512
vn 0.968735 0.149882 0.197706
vn 0.88976 0.373017 0.26303
vn 0.955346 0.248996 0.159107
vn 0.617977 -0.0675552 0.783289
vn 0.746492 0.0612741 0.662567
vn 0.346957 -0.0765333 0.934753
vn 0.999895 0.00966535 0.010773
vn 0.996802 -0.0605722 -0.0521284
vn 0.462001 -0.0670659 0.88434
vn 0.276593 -0.0954349 0.956237
vn 0.158008 -0.316942 0.93519
vn 0.993804 0.0698658 -0.0864381
vn 0.998662 0.0488451 -0.0169966
vn 0.996489 0.0796733 0.0257173
vn 0.998682 -0.0236725 -0.0455307
vn 0.999275 -0.015503 0.0347648
vn 0.996107 0.0252393 -0.0844592
vn 0.436087 0.685022 0.583586
vn 0.687635 0.586495 0.427997
vn 0.663142 0.326397 0.673579
vn 0.449235 0.743442 0.495462
vn 0.897582 0.393037 0.199672
vn 0.700664 0.0989967 0.70659
vn 0.280899 -0.197906 0.939111
vn 0.444741 0.421354 0.790358
vn 0.501285 0.00652042 0.865257
vn 0.8524 0.223358 0.472785
vn 0.855216 0.474262 0.209
vn 0.997065 0.0189163 0.0741828
vn 0.778035 0.123896 0.615883
vn 0.382612 0.7715 0.508327
vn 0.233291 -0.623975 0.745808
vn 0.0382879 -0.433184 0.900492
vn 0.193521 -0.798849 0.569552
vn 0.108262 -0.603964 0.789625
vn 0.249128 -0.546801 0.79934
vn 0.252801 -0.862979 0.437445
vn 0.25414 -0.755082 0.604371
vn 0.993427 -0.104569 -0.0465618
vn 0.982365 -0.167036 -0.0840168
vn 0.984225 -0.15957 -0.0764104
vn 0.960085 -0.0131174 0.279402
vn 0.733463 -0.411283 0.541183
vn 0.623371 -0.494424 0.605767
vn 0.996391 -0.00589689 0.0846779
vn 0.981608 -0.11056 -0.155635
vn 0.959517 0.0745252 0.271613
vn 0.834762 -0.0111012 0.550499
vn 0.994335 -0.104117 -0.0213853
vn 0.971556 0.156304 0.177897
vn 0.97477 -0.122712 0.186455
vn 0.924185 -0.31299 0.218907
vn 0.968907 0.021397 0.246497
vn 0.97564 0.218871 0.0149382
vn 0.923521 0.374791 0.0814973
vn 0.90414 0.249507 0.34681
vn 0.998 0.0509942 -0.0373624
vn 0.983541 -0.0385843 0.176515
vn 0.972586 -0.0572271 0.225391
vn 0.993543 -0.0153352 0.112419
vn 0.985557 -0.0454273 0.163135
vn 0.953593 0.294144 0.0643377
vn 0.919464 0.377498 0.109917
vn 0.957786 0.26004 0.122577
vn 0.986285 -0.0334112 0.161635
vn 0.985196 -0.0607284 -0.160316
vn 0.997143 -0.0748765 0.00992846
vn 0.938945 0.0128008 0.343829
vn 0.955393 0.11488 0.272078
vn 0.971134 0.11207 0.210568
vn 0.871403 0.377883 0.312828
vn 0.994527 -0.0772 -0.070397
vn 0.996538 -0.0488123 0.0672978
vn 0.971779 -0.0146247 0.235441
vn 0.995221 -0.0884976 -0.0412703
vn 0.992186 -0.0424499 -0.117326
vn 0.982394 -0.0439531 -0.181579
vn 0.984479 0.1754 -0.00604446
vn 0.991932 0.0795365 -0.0987191
vn 0.931267 -0.0456223 0.361469
vn -0.129491 0.901379 -0.413217
vn -0.373431 0.777882 -0.50542
vn -0.394418 0.576242 -0.715807
vn -0.0997998 0.95735 -0.271148
vn -0.00572915 0.981818 -0.189736
vn -0.0662655 0.985655 -0.155222
vn 0.00270265 0.999972 0.00698113
vn -0.0837537 0.994689 -0.0598319
vn -0.154236 0.987876 0.0176681
vn -0.574651 0.424087 -0.699948
vn -0.16874 0.971772 -0.16488
vn -0.730531 0.0821902 -0.677915
vn -0.689156 0.0112492 -0.724526
vn -0.703124 -0.00129806 -0.711066
vn -0.709236 0.0217235 -0.704636
vn -0.675416 0.112332 -0.728831
vn -0.654944 0.17952 -0.734044
vn -0.121077 0.961912 -0.245084
vn -0.708721 0.570738 -0.414696
vn -0.729338 0.490019 -0.477439
vn -0.810623 0.366434 -0.456746
vn -0.201478 -0.115422 -0.972669
vn -0.743432 -0.0106059 -0.668728
vn -0.745144 -0.0362653 -0.665917
vn -0.0552478 0.98087 -0.186659
vn -0.0871069 0.996012 -0.0192769
vn -0.20648 0.931315 -0.30003
vn -0.792346 -0.0502999 -0.607996
vn -0.77374 -0.0539684 -0.6312
vn -0.102877 0.993608 -0.0464632
vn 0.0144324 0.994301 0.105632
vn -0.738604 0.0177093 -0.673907
vn -0.0124122 0.999874 -0.00992205
vn 0.0184867 0.994861 0.099553
vn 0.0136615 0.983426 0.180797
vn 0.053417 0.994047 0.0949544
vn -0.18116 0.982977 -0.0306171
vn -0.370567 0.9152 -0.158392
vn -0.468319 0.773244 -0.427517
vn -0.719152 0.101618 -0.687382
vn -0.750957 0.191784 -0.631887
vn -0.755923 0.0426916 -0.653267
vn -0.193057 -0.0984683 -0.976234
vn -0.210887 0.977025 0.030806
vn -0.0307366 0.998828 0.0373878
vn -0.525146 -0.0348587 -0.850298
vn -0.587195 0.590379 -0.553764
vn -0.323127 0.870607 -0.370989
vn -0.711696 0.396271 -0.580051
vn -0.691042 0.526955 -0.494751
vn -0.647777 -0.0827633 -0.757321
vn -0.676718 -0.0661217 -0.733268
vn -0.649001 -0.0639606 -0.758094
vn -0.00557025 0.999378 -0.0348137
vn -0.0637111 0.996915 0.0458379
vn -0.355529 0.0203032 -0.934445
vn -0.746239 0.185597 -0.639282
vn 0.0959515 0.995229 -0.0176664
vn -0.298146 0.905401 -0.302255
vn 0.0633048 0.995701 -0.0676218
vn -0.746128 -0.0371699 -0.664764
vn -0.772532 -0.0277802 -0.634368
vn -0.254824 0.802271 -0.539838
vn -0.122479 0.963486 -0.238103
vn -0.349631 0.905382 -0.240917
vn -0.445741 -0.0362531 -0.894427
vn -0.357154 -0.0116542 -0.933973
vn -0.387185 0.918052 -0.0852512
vn -0.443739 0.871789 -0.207559
vn -0.719191 0.0249004 -0.694367
vn -0.722527 -0.0558112 -0.689086
vn -0.610938 0.710657 -0.348886
vn -0.747486 0.433297 -0.503506
vn -0.520062 0.832823 -0.189582
vn -0.678914 0.299681 -0.670274
vn -0.736687 0.00803943 -0.676187
vn -0.564588 -0.0387561 -0.824463
vn -0.339258 -0.0237406 -0.940394
vn -0.292481 -0.141085 -0.945806
vn -0.822079 0.224833 -0.523103
vn -0.336926 0.836565 -0.432017
vn -0.607946 0.486481 -0.627485
vn -0.255053 -0.0342844 -0.966319
vn 0.00957977 0.990447 0.137562
vn -0.405995 -0.109833 -0.907251
vn -0.431869 -0.148142 -0.889687
vn -0.708254 0.564744 -0.423605
vn -0.760338 0.334458 -0.556798
vn -0.567547 0.291065 -0.770176
vn -0.75412 -0.0444167 -0.655233
vn -0.472356 0.772866 -0.423743
vn -0.720362 0.468891 -0.511097
vn -0.742123 0.429369 -0.514681
vn -0.751511 0.0147166 -0.659557
vn -0.812509 0.0437882 -0.581301
vn -0.739708 -0.052757 -0.670856
vn -0.746396 0.00399548 -0.66549
vn -0.215743 0.973766 -0.0723522
vn -0.751126 0.0723178 -0.656186
vn -0.576428 0.474383 -0.665351
vn -0.765752 0.201567 -0.610733
vn -0.751246 0.146312 -0.643601
vn -0.663127 0.200179 -0.721243
vn -0.70929 -0.0306602 -0.70425
vn -0.68801 -0.0700974 -0.722308
vn -0.0419141 0.99569 0.08273
vn 0.0493175 0.998666 0.0153049
vn -0.751426 0.191125 -0.63153
vn -0.767547 0.00554358 -0.640969
vn -0.64597 -0.0573565 -0.761205
vn 0.026029 0.93172 -0.362244
vn -0.710898 -0.014711 -0.703141
vn -0.770059 0.00441611 -0.637958
vn 0.0801673 0.994011 0.074261
vn -0.766776 0.243178 -0.594071
vn -0.598222 0.00841204 -0.801286
vn -0.470127 -0.0301032 -0.882085
vn -0.509516 -0.0248152 -0.860103
vn -0.583901 -0.0702061 -0.808784
vn -0.546327 -0.119655 -0.828981
vn -0.622382 -0.107164 -0.775343
vn -0.665823 -0.0435133 -0.74484
vn -0.584096 -0.0298824 -0.811134
vn -0.526595 -0.142393 -0.838106
vn -0.585439 -0.0553007 -0.808828
vn -0.634583 0.14 -0.760069
vn -0.509673 0.546083 -0.664851
vn -0.627775 0.308799 -0.714522
vn -0.611008 0.20873 -0.763611
vn -0.30951 0.897664 -0.313694
vn -0.430411 0.81909 -0.379259
vn -0.508919 -0.0207207 -0.860565
vn -0.614207 -0.068351 -0.786179
vn -0.621936 -0.105076 -0.775986
vn -0.62386 -0.0805612 -0.777372
vn -0.620854 0.291184 -0.727841
vn -0.0463204 0.966275 -0.253311
vn -0.159398 0.933694 -0.320636
vn -0.542774 0.539048 -0.644069
vn -0.605173 -0.04518 -0.794811
vn -0.638389 -0.0944003 -0.763904
vn -0.638634 -0.098294 -0.763207
vn -0.605019 -0.0967 -0.790317
vn -0.645827 -0.0338687 -0.762732
vn -0.623711 -0.0230598 -0.781315
vn -0.620475 -0.0532275 -0.782418
vn -0.61905 -0.0906136 -0.780107
vn -0.27434 -0.109709 -0.955354
vn 0.0317572 0.999224 -0.0232997
vn -0.0348797 0.990788 0.130855
vn -0.741392 0.0575982 -0.668595
vn -0.623971 0.0503604 -0.779823
vn -0.634976 0.0754507 -0.768839
vn -0.622008 -0.0179829 -0.782804
vn -0.0592776 0.998235 -0.00358155
vn 0.102346 0.991619 -0.078843
vn 0.0886629 0.984851 0.149024
vn 0.0897335 0.992627 -0.0814851
vn 0.0307703 0.999397 -0.0160695
vn 0.00283892 0.999548 -0.0299298
vn 0.116298 0.991814 -0.0527151
vn 0.154162 0.983249 -0.0972405
vn 0.0830106 0.994119 -0.069546
vn -0.00426793 0.996969 -0.0776793
vn -0.000810445 0.993548 -0.113413
vn 0.088251 0.995335 0.0389914
vn 0.198959 0.978324 0.0574231
vn 0.0021015 0.992739 0.120268
vn 0.211588 0.977356 -0.00218072
vn 0.129306 0.991595 0.00449854
vn 0.115462 0.993033 -0.0235608
vn 0.645539 0.763639 -0.0115988
vn 0.165048 0.986266 -0.00615577
vn 0.237884 0.97118 -0.0148255
vn 0.369584 0.928707 0.0301936
vn 0.69008 0.722146 -0.0479063
vn -0.00452618 0.999945 -0.0094123
vn 0.241805 0.969841 -0.0306305
vn 0.195183 0.979987 -0.039093
vn 0.705008 0.707708 -0.0459712
vn 0.274275 0.961225 -0.0286209
vn 0.19963 0.979753 -0.0152551
vn 0.865478 0.494501 -0.0801093
vn 0.367667 0.927424 -0.0685971
vn 0.676605 0.733392 0.0658932
vn 0.88991 0.450459 0.0717391
vn 0.61848 0.77937 0.100321
vn 0.990337 0.131527 0.0439756
vn 0.243516 0.969733 0.0178032
vn 0.173841 0.984517 0.0224957
vn 0.895308 0.445438 -0.00297517
vn 0.4547 0.88988 0.0369014
vn 0.0892327 0.965405 -0.24501
vn 0.16628 0.763317 -0.624259
vn 0.0864106 0.679768 -0.728319
vn 0.130887 0.985549 -0.107526
vn 0.148704 0.981702 -0.118945
vn 0.454241 0.797457 -0.397148
vn 0.253284 0.496298 -0.830383
vn 0.269941 0.834469 -0.48041
vn 0.845562 -0.117456 -0.520797
vn 0.802622 -0.138338 -0.580224
vn 0.836638 -0.151314 -0.526442
vn 0.633786 -0.0994604 -0.767087
vn 0.745053 0.412282 -0.524328
vn 0.684527 0.073863 -0.725236
vn 0.784922 -0.12799 -0.606231
vn 0.541816 0.141472 -0.828505
vn 0.715983 -0.150895 -0.681615
vn 0.632506 -0.192683 -0.750206
vn 0.323782 0.632652 -0.703503
vn 0.370297 0.690656 -0.621188
vn 0.421037 0.737447 -0.52811
vn 0.751884 -0.0836154 -0.653971
vn 0.808469 0.00448583 -0.588521
vn 0.13115 0.968287 -0.212648
vn 0.108701 0.988683 -0.103391
vn 0.108056 0.965971 -0.234997
vn 0.477528 0.829345 -0.290093
vn 0.148622 0.976103 -0.158537
vn 0.735743 0.369774 -0.567406
vn 0.271224 0.96234 0.0184401
vn 0.199362 0.979034 0.0417931
vn 0.394896 0.918497 0.0204928
vn 0.71425 0.697233 0.0609318
vn 0.0328946 0.999203 -0.0226124
vn 0.125047 0.991028 -0.0471857
vn 0.148382 0.985269 -0.0850171
vn 0.199238 0.978498 -0.0533387
vn 0.0946308 0.994493 -0.0450298
vn 0.14049 0.98924 -0.0408234
vn 0.144417 0.989267 -0.02224
vn 0.341867 0.931 -0.127931
vn 0.0984505 0.994911 -0.0214484
vn 0.0390463 0.998038 -0.0489468
vn 0.193163 0.977989 -0.0789052
vn 0.851029 -0.0152119 -0.524898
vn 0.484335 0.874843 -0.00830773
vn 0.530731 0.768199 -0.358043
vn 0.375665 0.926573 -0.0184133
vn 0.895798 -0.0903627 -0.435179
vn 0.905509 -0.0704435 -0.418438
vn 0.957853 0.00246939 -0.287249
vn 0.954722 -0.0237588 -0.296549
vn 0.988478 0.0041829 -0.151306
vn 0.99392 -0.0906384 -0.0625156
vn 0.959677 0.27902 -0.0341665
vn 0.618104 0.785534 0.0297389
vn 0.99638 -0.0817672 -0.0232777
vn 0.947602 0.301859 0.10455
vn 0.948718 -0.0763441 -0.306765
vn 0.885727 -0.158121 -0.436446
vn 0.988559 -0.0112633 -0.150416
vn 0.810479 0.544352 -0.216344
vn 0.695458 0.717444 0.0401645
vn 0.877238 0.48004 -0.00382628
vn 0.995964 0.011724 -0.088981
vn 0.995947 0.00872755 -0.0895207
vn 0.993974 0.109317 0.00811698
vn 0.990624 -0.0266291 -0.133995
vn 0.994257 -0.0598549 -0.0887212
vn 0.971094 -0.0435882 -0.234682
vn 0.968317 -0.0107299 -0.249495
vn 0.995058 -0.0319446 -0.0940131
vn 0.99833 -0.0348489 -0.0460731
vn 0.990372 -0.120015 -0.0689924
vn 0.983451 -0.162839 -0.0794184
vn 0.987045 0.126022 -0.0992983
vn 0.986429 0.0325565 -0.16093
vn 0.982027 -0.00852132 -0.188546
vn 0.999031 -0.0256786 -0.0357489
vn 0.987796 0.14136 -0.0653862
vn 0.994134 -0.0214861 -0.105997
vn 0.990799 -0.127112 -0.0464679
vn 0.988391 0.14707 0.0381327
vn 0.993575 -0.0592737 -0.0964114
vn 0.993992 0.0518355 -0.0964047
vn 0.980073 -0.179616 -0.0848231
vn 0.988825 -0.12856 -0.0754819
vn 0.999076 0.0232702 -0.0361328
vn 0.995957 0.0126918 -0.088926
vn 0.996918 -0.0167288 -0.0766486
vn 0.983578 -0.162074 -0.079417
vn 0.978766 0.0135072 -0.204535
vn 0.994689 -0.0649444 0.0798528
vn 0.993541 -0.111622 -0.020395
vn 0.993971 -0.0276315 -0.106102
vn 0.994329 -0.0120063 -0.10567
vn 0.996136 -0.0162 -0.0863205
vn 0.966317 0.118998 -0.228189
vn 0.998273 -0.0243714 -0.053446
vn 0.994349 -0.00602751 -0.105985
vn 0.997785 0.00253116 -0.0664667
vn 0.988944 -0.111447 -0.0978195
vn 0.993197 0.0164558 -0.11528
vn 0.981624 0.00507424 -0.190759
vn 0.993436 0.108119 -0.0373471
vn 0.964983 0.125613 -0.230283
vn 0.991718 0.0307304 -0.124702
vn 0.860058 0.509307 -0.0301167
vn 0.986828 0.161024 -0.0155299
vn 0.988405 0.149337 -0.0274696
vn 0.993616 -0.0120215 -0.112176
vn 0.982649 0.160602 -0.092784
vn 0.98708 0.0221817 -0.158685
vn 0.414437 0.842223 -0.344822
vn 0.990121 -0.047947 -0.131767
vn 0.997283 -0.0560967 -0.047746
vn 0.988422 0.148305 -0.03205
vn 0.980712 -0.125088 -0.15019
vn 0.961313 -0.214033 -0.173397
vn 0.998725 0.0280446 -0.0419672
vn 0.996737 -0.0602144 -0.053756
vn 0.996522 0.0827048 -0.0101969
vn 0.977056 0.206766 -0.051089
vn 0.995059 -0.0718275 -0.0685471
vn 0.948456 -0.161156 -0.272876
vn 0.997427 -0.00310728 -0.0716253
vn 0.990932 0.128425 -0.0395154
vn 0.865522 0.404774 -0.295009
vn 0.939397 0.024946 -0.341923
vn 0.996782 -0.032625 -0.0732178
vn 0.993185 -0.0135028 -0.115764
vn 0.165776 0.98571 0.0299009
vn 0.974293 0.220492 -0.0462231
vn 0.949423 0.302156 0.0854272
vn 0.595061 0.802637 -0.0409518
vn 0.904119 -0.19542 -0.379973
vn 0.0928378 0.992061 -0.0848347
vn 0.0602606 0.993153 -0.100083
vn 0.0730686 0.994655 -0.0729502
vn 0.0841607 0.992903 -0.0840235
vn 0.0793423 0.995219 -0.0569564
vn 0.0854517 0.996325 -0.0058873
vn 0.214414 0.966118 -0.143675
vn 0.0388028 0.999175 -0.0119838
vn 0.101133 0.993893 -0.0441494
vn 0.0715666 0.99727 -0.0182148
vn 0.0599536 0.996227 -0.0627524
vn 0.0590215 0.997541 -0.0378052
vn 0.0996893 0.993281 -0.0587758
vn 0.0684647 0.997603 -0.0100863
vn 0.0618284 0.998063 0.00687347
vn 0.060845 0.997576 -0.0337766
vn 0.028196 0.999314 0.0240132
vn -0.00701442 0.998761 0.0492735
vn 0.0836973 0.991525 -0.0993594
vn -0.0786977 0.996463 -0.0294575
vn -0.0264054 0.997669 -0.0629221
vn 0.181628 0.979631 -0.0856359
vn 0.112767 0.990549 -0.0780806
vn 0.0462144 0.996441 -0.0704981
vn 0.998031 -0.0159701 -0.0606584
vn 0.438701 0.0343953 -0.897975
vn 0.879821 -0.0187837 -0.474934
vn 0.353866 0.00480356 -0.935284
vn -0.0185653 0.0266505 -0.999472
vn 0.164917 0.0632751 -0.984276
vn -0.125947 0.0167599 -0.991895
vn 0.997883 -0.0114625 -0.0640176
vn 0.89087 0.019652 -0.453833
vn 0.998195 -0.00637112 -0.0597216
vn -0.0488777 0.0266193 -0.99845
vn -0.0540566 0.0189305 -0.998358
vn 0.999116 -0.00868095 -0.041131
vn 0.999307 -0.0214666 -0.0304096
vn 0.928869 0.363971 -0.0687546
vn 0.650077 0.757354 -0.0617635
vn 0.997884 0.0617591 -0.0203242
vn 0.992342 0.123415 -0.00512862
vn 0.99921 0.0203246 -0.0341576
vn -0.143845 -0.0019883 -0.989598
vn -0.123213 0.00157162 -0.992379
vn -0.133946 0.127557 -0.982745
vn -0.0406997 -0.00388248 -0.999164
vn 0.990731 0.077981 -0.111227
vn 0.922204 0.00782636 -0.386626
vn 0.96079 0.277006 0.0122686
vn 0.997042 -0.0683064 -0.035235
vn 0.991207 0.0310699 -0.12862
vn 0.982815 0.183169 -0.0228745
vn 0.985186 0.129154 -0.11282
vn 0.959682 0.279301 0.0316529
vn 0.998139 0.0525284 -0.0309697
vn 0.937621 0.347246 0.01695
vn 0.964233 0.0239406 -0.263972
vn 0.953214 0.0926187 -0.287758
vn -0.0825514 0.0281989 -0.996188
vn 0.393924 0.187815 -0.89975
vn 0.944078 0.0613149 -0.323972
vn 0.916878 0.398915 -0.014195
vn 0.81613 0.574698 0.0604565
vn 0.915359 0.388138 -0.107084
vn 0.359264 0.932168 0.0446258
vn 0.53587 0.0178567 -0.844112
vn 0.950422 0.296366 -0.0941526
vn 0.994851 0.0396791 -0.0932556
vn 0.990663 0.0443784 -0.128906
vn 0.982579 0.145884 -0.115135
vn -0.104392 0.159273 -0.9817
vn -0.148292 0.258323 -0.954609
vn 0.983038 0.164093 -0.0819099
vn 0.990362 0.135245 -0.0298819
vn 0.0560046 0.996622 0.0600647
vn 0.238469 0.970515 0.0351209
vn 0.912822 0.0773547 -0.400964
vn 0.999129 -0.0409504 -0.00806557
vn 0.991706 0.121437 -0.0420933
vn 0.942208 0.172347 -0.287297
vn 0.990478 0.137485 -0.00721816
vn 0.999289 0.0309961 0.0214507
vn 0.999089 -0.018193 0.0386111
vn -0.0843604 0.992782 0.0852495
vn -0.197301 0.976737 0.0840098
vn -0.11007 0.992126 0.0597477
vn 0.745505 -0.00558644 -0.666476
vn 0.00724864 -0.00250788 -0.999971
vn -0.0872493 0.941679 -0.325004
vn -0.0782083 0.801687 -0.592606
vn -0.0773179 0.927685 -0.365271
vn 0.533177 0.538832 -0.652213
vn 0.733044 0.67937 -0.0332154
vn 0.950847 0.269803 -0.151977
vn 0.563854 0.825447 -0.0265729
vn -0.0597491 0.981199 -0.183519
vn -0.0485631 0.997958 -0.0414907
vn -0.031802 0.998788 -0.0375661
vn 0.899272 0.368166 -0.236144
vn 0.87231 0.424415 -0.242791
vn -0.104398 0.992031 0.0705385
vn -0.0670753 0.996583 0.0481943
vn 0.803449 0.588749 -0.0885658
vn 0.466931 0.882125 -0.0618923
vn 0.466953 0.879881 -0.0881101
vn -0.0413328 0.99611 0.0778249
vn -0.102196 0.991302 0.0829196
vn 0.443648 0.872599 0.204322
vn 0.432518 0.900832 0.0378109
vn 0.439069 0.898452 0.00151453
vn 0.635766 0.771786 -0.0121874
vn 0.998874 0.0116885 -0.0459787
vn 0.998529 -0.0127324 -0.0527011
vn 0.999094 -0.00342164 -0.042412
vn -0.117719 0.993027 0.00631731
vn 0.318109 0.929168 -0.18829
vn 0.0958766 0.977141 -0.189744
vn -0.00654066 0.999974 0.00293888
vn -0.0594598 0.402994 -0.913269
vn -0.181782 0.530736 -0.827813
vn 0.803341 0.590037 -0.0806158
vn 0.687501 0.724277 0.052593
vn 0.999417 -0.0116905 -0.0320804
vn 0.997524 0.0289871 -0.06407
vn 0.997724 0.0277981 -0.061428
vn 0.99918 0.0107914 -0.0390302
vn 0.998367 0.0497179 -0.0281235
vn 0.998416 -0.038507 -0.0410251
vn 0.998867 -0.0401743 -0.0255033
vn 0.99799 0.0315435 -0.05497
vn 0.999083 0.00445301 -0.0425883
vn 0.998966 -0.0333953 -0.0308522
vn 0.998647 -0.0173191 -0.049042
vn -0.103558 0.746401 -0.657389
vn 0.998595 0.0320012 -0.0422323
vn 0.999338 0.0270147 -0.0243779
vn 0.0249198 0.0556182 -0.998141
vn 0.998411 -0.0459118 -0.0326721
vn 0.206927 0.976901 0.0533432
vn 0.188066 0.981702 0.0298814
vn 0.239891 0.967792 0.0763589
vn -0.0754518 0.305441 -0.949217
vn 0.186012 0.982387 -0.0177669
vn 0.9985 -0.0398319 -0.0375691
vn 0.995229 0.0158143 -0.0962816
vn 0.9998 0.00885056 0.0179249
vn 0.995037 -0.0160734 0.098204
vn 0.998295 -0.0188478 -0.0552374
vn 0.974423 -0.0106743 0.224467
vn 0.950879 0.291831 -0.103265
vn -0.0441908 0.485202 -0.873285
vn 0.953815 0.29903 0.0285993
vn 0.997461 -0.0350393 -0.0620021
vn 0.896433 0.443169 0.0031171
vn 0.99919 0.035917 -0.0181426
vn 0.97436 0.224685 -0.0118161
vn 0.9852 0.170999 0.0118861
vn 0.986982 0.157549 -0.0323316
vn 0.999597 -0.0283356 -0.00142983
vn 0.379274 0.924253 -0.0436723
vn -0.0193625 0.144388 -0.989332
vn 0.974598 0.22054 0.0389857
vn 0.997268 0.0632303 0.0381951
vn 0.99787 -0.0146469 -0.0635716
vn 0.958002 0.282186 -0.0510281
vn 0.0749202 0.9953 0.0613546
vn 0.284819 0.956665 -0.0605789
vn 0.318459 0.947834 -0.0139561
vn 0.99992 -0.00861963 -0.00924092
vn 0.976199 0.216497 -0.0128543
vn 0.997051 0.0658318 -0.0394376
vn 0.996482 0.0834547 0.00770879
vn 0.397313 0.913703 0.0853783
vn 0.977575 0.210424 0.00834796
vn 0.947802 0.311628 -0.0675234
vn 0.940381 0.336149 -0.0518429
vn 0.985961 0.156682 -0.0577145
vn 0.0573057 0.99736 -0.0445979
vn 0.601469 0.767446 -0.221949
vn 0.963206 0.268613 -0.00907288
vn 0.998751 0.0495056 0.00680025
vn 0.612537 0.790307 0.0145768
vn 0.541829 0.840402 0.012048
vn -0.020321 0.999391 0.0283553
vn 0.226846 0.89736 -0.378532
vn 0.163477 0.98149 0.0997609
vn 0.221256 0.968732 0.112272
vn 0.504391 0.862838 0.0331709
vn 0.110295 0.992533 0.0520896
vn 0.999016 -0.00331576 -0.0442227
vn 0.184734 0.962252 0.199861
vn 0.0524656 0.991739 0.117051
vn 0.874333 0.477989 -0.08407
vn 0.495346 0.868569 -0.0148772
vn 0.850581 0.525713 0.0117847
vn 0.0514218 0.944932 -0.323202
vn 0.949497 0.296417 -0.102921
vn 0.923562 -0.000363936 0.383448
vn 0.0620245 0.997927 0.0171897
vn 0.291787 0.955248 -0.0485989
vn 0.989176 0.0546533 -0.136174
vn 0.773275 0.632838 -0.0395101
vn 0.99254 0.121649 -0.00807678
vn 0.777638 0.628712 0.00051047
vn -0.00471514 0.998869 0.0473058
vn 0.0799831 0.996617 0.0189163
vn 0.977447 0.210121 -0.0211496
vn 0.977407 0.187527 -0.0975139
vn 0.995265 0.0416933 -0.0878018
vn 0.0551099 0.994539 -0.0886309
vn 0.0210289 0.0107241 -0.999721
vn 0.185619 0.982329 0.0239983
vn -0.00882861 0.99133 -0.131096
vn -0.0337326 0.938978 -0.34232
vn 0.00103521 0.999472 0.0324887
vn -0.872084 0.25353 0.418559
vn -0.835278 0.0924883 0.541993
vn -0.990829 0.0862482 0.104019
vn 0.0423439 0.998947 0.0176505
vn 0.0173188 0.999267 0.0341346
vn 0.0735403 0.997291 -0.00182822
vn -0.396763 0.907744 0.13631
vn -0.783094 0.6171 0.0771473
vn -0.487735 0.872416 -0.0316899
vn 0.0459162 0.998915 0.00777318
vn -0.00921592 0.999605 0.026538
vn -0.00889914 0.999354 0.0348244
vn -0.12252 0.98959 -0.0755041
vn 0.0430619 0.99905 0.00676097
vn -0.0478511 0.99874 -0.0151316
vn -0.0733856 0.976616 0.202078
vn -0.104736 0.992165 0.0681169
vn -0.0111459 0.995248 0.0967327
vn -0.506056 0.862 0.0293823
vn -0.266983 0.962262 0.0526527
vn 0.0209749 0.999474 0.0247475
vn -0.660899 0.726013 -0.190045
vn -0.270445 0.0398551 0.96191
vn -0.328399 0.0294273 0.944081
vn -0.0869606 0.0131086 0.996126
vn -0.921436 0.373189 0.108099
vn -0.687509 0.707229 0.1648
vn -0.966371 0.233937 0.106773
vn -0.744238 0.649107 0.157386
vn -0.982094 0.188306 0.00572657
vn -0.620818 0.0252687 0.783547
vn -0.960505 0.264797 -0.0855103
vn -0.942875 0.327533 0.0609042
vn -0.802279 0.073992 -0.592346
vn -0.999413 0.0342544 -0.000892869
vn -0.675648 0.0645708 0.734392
vn -0.194781 -0.00580179 0.98083
vn -0.571118 -0.00242863 0.820864
vn -0.99667 0.0689122 0.0435933
vn -0.936441 0.343493 0.0713442
vn -0.994215 0.0805751 0.0710188
vn 0.0173206 0.0229061 0.999588
vn -0.0515764 0.0036469 0.998662
vn -0.436663 -0.0261078 0.899246
vn -0.214425 -0.0647894 0.974589
vn 0.0355494 -0.0197842 0.999172
vn -0.98723 -0.0302693 0.156397
vn -0.933664 0.034961 0.356439
vn 0.078051 0.995546 -0.052883
vn -0.999014 0.0178444 0.0406445
vn 0.150561 0.987618 -0.0440629
vn -0.807692 0.04087 0.588186
vn -0.841568 -0.0749798 0.534923
vn -0.999596 0.028234 0.00333967
vn -0.997315 0.0166495 0.0713191
vn -0.998744 0.036876 0.033913
vn -0.769593 -0.00258546 0.63853
vn -0.377664 0.00113517 0.925942
vn -0.987221 0.00151016 0.15935
vn -0.0645632 0.0519926 0.996558
vn -0.999194 0.0100663 0.0388557
vn -0.717027 0.0121335 0.69694
vn -0.931979 0.0898216 0.351209
vn 0.0441672 -0.00233092 0.999021
vn -0.998076 -0.0586873 0.0200285
vn -0.999153 0.00181698 0.0411028
vn -0.99907 -0.0234424 0.0361845
vn -0.999858 0.0124893 0.0113536
vn -0.99999 -0.00442388 0.000746455
vn -0.439528 0.0161504 0.898084
vn -0.273937 0.0427783 0.960796
vn -0.0181559 -0.00212616 0.999833
vn -0.996299 -0.0487638 0.070781
vn -0.999794 -0.00780481 -0.018736
vn -0.796723 -0.0400556 0.603015
vn -0.660624 0.186397 0.727209
vn -0.960074 0.0600818 0.273218
vn -0.870514 -0.00644008 0.492102
vn 0.0348814 0.984411 -0.17239
vn -0.972076 0.0346564 0.232095
vn -0.858073 0.477564 -0.188795
vn -0.201988 0.26065 -0.944067
vn -0.283598 0.417477 -0.863299
vn -0.607228 0.24587 -0.755528
vn -0.493126 0.706655 -0.507411
vn -0.190928 0.831428 -0.521799
vn -0.330167 0.697902 -0.635549
vn -0.0803156 0.58322 -0.808334
vn -0.301876 0.95247 -0.0408901
vn -0.158847 0.956768 -0.243646
vn -0.104312 0.936195 -0.335647
vn 0.019159 0.995091 -0.0970929
vn -0.993807 -0.049704 0.0993816
vn -0.999528 -0.0289409 0.0103185
vn -0.997234 0.016639 0.0724396
vn -0.108854 -0.0700076 0.991589
vn -0.269881 0.088432 0.958825
vn -0.997794 -0.0129064 -0.0651255
vn -0.992758 0.0199913 0.118459
vn -0.883375 0.0560538 0.465302
vn -0.996047 0.0357644 0.0813114
vn -0.996553 -0.0363187 0.074588
vn -0.996051 0.0511443 0.0725737
vn -0.999033 0.0258224 0.0355804
vn -0.995206 -0.0548684 0.0809603
vn -0.932577 -0.0537368 0.35695
vn -0.603502 -0.101577 0.790865
vn -0.301741 -0.0583596 0.951602
vn -0.347797 0.0607814 0.935598
vn -0.0763102 -0.0661674 0.994886
vn -0.0272971 0.00315094 0.999622
vn -0.999705 0.010866 0.0217234
vn -0.220374 0.00329703 0.97541
vn -0.522174 -0.0464377 0.851573
vn -0.99315 0.0606809 0.0998529
vn -0.939186 -0.0194947 0.342854
vn -0.984706 0.0191251 0.17317
vn 0.0164666 0.993537 0.112305
vn -0.0404032 0.57313 0.818468
vn -0.371547 0.214912 0.903197
vn -0.373872 0.726416 0.576663
vn -0.000616358 0.999384 0.0350776
vn -0.603723 -0.0640375 0.794618
vn -0.99542 0.0955946 0.000908847
vn -0.994828 -0.101465 0.00480469
vn -0.981723 0.0139707 0.189801
vn -0.163658 0.0429706 0.985581
vn -0.476131 0.121631 0.870922
vn 0.0622603 0.977987 0.199161
vn -0.0761476 0.0533311 0.995669
vn -0.106871 0.761704 0.63905
vn 0.0176975 0.997473 0.0688008
vn 0.0180813 0.398217 0.917113
vn 0.0299179 0.254759 0.966542
vn -0.797168 0.544931 0.259949
vn -0.158602 0.97856 0.131398
vn -0.998688 0.0483452 0.0168755
vn -0.093589 0.0560853 0.99403
vn -0.13303 0.0290671 0.990686
vn -0.998523 0.00756361 0.0538059
vn -0.901263 0.427673 -0.069438
vn -0.426924 0.0110058 0.90422
vn -0.998259 0.0332235 0.0487413
vn -0.992418 0.0799885 0.0933241
vn -0.136144 0.322314 0.936792
vn -0.0563243 -0.0657354 0.996246
vn -0.937466 -0.00461603 0.348047
vn -0.996423 -0.0281053 0.0797017
vn -0.281024 0.0786537 0.956472
vn -0.99726 -0.0247492 0.0697075
vn -0.99971 0.00593974 0.0233521
vn -0.800675 -0.0553015 0.596541
vn -0.892327 -0.0241874 0.450741
vn -0.808258 0.401077 0.43111
vn 0.00332396 0.999277 0.0378616
vn 0.150234 0.988062 0.034103
vn 0.0179444 0.997781 0.0641121
vn -0.0734775 0.0632169 0.995291
vn 0.00869667 0.998635 0.0515103
vn -0.0514332 0.0464144 0.997597
vn -0.697432 -0.0391144 0.715582
vn -0.861617 0.0218866 0.507086
vn -0.298351 -0.067066 0.952097
vn 0.0505287 0.998698 0.00706652
vn 0.00711113 0.0536832 -0.998533
vn -0.998432 -0.00467454 0.0557795
vn 0.0425248 0.941157 0.335285
vn -0.990581 -0.0350511 0.132368
vn -0.994749 0.0201795 0.100339
vn -0.960486 -0.18546 0.207537
vn -0.132889 0.0646284 0.989022
vn -0.621386 0.24548 0.744056
vn -0.998736 -0.0326597 0.0382021
vn -0.994969 0.076529 0.0646601
vn -0.997916 -0.027394 0.0584216
vn -0.0263481 -0.103114 0.994321
vn -0.998315 -0.04223 0.039796
vn -0.0612228 -0.0522868 0.996754
vn -0.666674 0.0461803 0.743917
vn -0.994842 -0.00551423 0.101288
vn -0.999539 0.00534776 0.0298982
vn -0.967477 0.0367347 0.250279
vn -0.0679911 0.330476 0.941362
vn -0.558214 -0.0409371 0.828686
vn -0.335371 -0.113742 0.935195
vn -0.0168539 -0.106389 0.994182
vn 0.00650807 0.997884 0.0646909
vn -0.00884075 0.997607 0.0685737
vn 0.0137174 0.996635 0.0808152
vn 0.0403533 0.999011 0.0186547
vn -0.0569253 0.311461 -0.948552
vn -0.119954 0.0924534 -0.988465
vn -0.0482657 0.824507 -0.563789
vn -0.959735 -0.0660776 -0.273024
vn -0.0923997 0.0538228 -0.994266
vn -0.989355 0.0202345 -0.144106
vn -0.993882 0.0150068 -0.109426
vn -0.86294 0.0511904 -0.502706
vn -0.987583 0.0227894 -0.155437
vn -0.995848 0.0158775 -0.0896312
vn -0.942559 0.00239317 -0.334031
vn -0.0671935 -0.0808595 -0.994458
vn -0.566369 0.0204137 -0.823899
vn -0.0181692 0.0252054 -0.999517
vn -0.663598 0.0813738 -0.743651
vn -0.0245985 0.0678776 -0.99739
vt 0.197393 0.406106
vt 0.188838 0.407774
vt 0.191292 0.399417
vt 0.20007 0.400834
vt 0.204075 0.407144
vt 0.756877 0.997535
vt 0.760322 0.994312
vt 0.762391 0.998663
vt 0.766657 0.992378
vt 0.769438 0.998763
vt 0.803342 0.402199
vt 0.805742 0.41146
vt 0.796981 0.406543
vt 0.811395 0.402921
vt 0.819407 0.397635
vt 0.817602 0.40579
vt 0.808163 0.395337
vt 0.829635 0.400426
vt 0.828836 0.396923
vt 0.838245 0.400882
vt 0.80816 0.406335
vt 0.811126 0.407173
vt 0.812056 0.387394
vt 0.825942 0.404815
vt 0.013124 0.728078
vt 0.017563 0.728544
vt 0.0138831 0.733587
vt 0.00103775 0.754382
vt 0.00166816 0.738237
vt 0.00998207 0.74332
vt 0.0110892 0.710506
vt 0.00867372 0.708247
vt 0.0142708 0.707246
vt 0.00828711 0.73259
vt 0.00223015 0.729653
vt 0.0171654 0.721119
vt 0.0122091 0.714276
vt 0.0158156 0.716819
vt 0.00741781 0.724853
vt 0.000154567 0.724194
vt 0.017352 0.715071
vt 0.00436645 0.721108
vt 0.00834833 0.718843
vt 0.00973234 0.761461
vt 0.00942591 0.783114
vt 0.000967783 0.771428
vt 0.00443519 0.717014
vt 0.00767643 0.715604
vt 0.00618702 0.711955
vt 0.188385 0.432171
vt 0.176157 0.432353
vt 0.183883 0.424733
vt 0.146839 0.431514
vt 0.157547 0.424372
vt 0.155672 0.434624
vt 0.17172 0.42089
vt 0.166406 0.42766
vt 0.164682 0.419899
vt 0.139577 0.425744
vt 0.151022 0.423216
vt 0.164727 0.438342
vt 0.156612 0.419206
vt 0.147319 0.416815
vt 0.177288 0.43913
vt 0.172422 0.414435
vt 0.18734 0.439049
vt 0.189099 0.416638
vt 0.165 0.414927
vt 0.130139 0.421786
vt 0.138324 0.420934
vt 0.134061 0.423624
vt 0.130255 0.416594
vt 0.122521 0.419177
vt 0.123118 0.415136
vt 0.138551 0.416016
vt 0.126997 0.411731
vt 0.179466 0.410792
vt 0.61007 0.0544744
vt 0.592723 0.0394773
vt 0.604159 0.0386478
vt 0.59824 0.0671731
vt 0.577966 0.0701238
vt 0.574748 0.0401347
vt 0.525873 0.0579614
vt 0.502286 0.0543853
vt 0.517234 0.038938
vt 0.558287 0.0681246
vt 0.542767 0.0743892
vt 0.541638 0.0643761
vt 0.489279 0.0386478
vt 0.50176 0.0389835
vt 0.487764 0.0532778
vt 0.571434 0.0813429
vt 0.540835 0.0873167
vt 0.539398 0.0825658
vt 0.547048 0.0839908
vt 0.531974 0.079107
vt 0.555846 0.0502819
vt 0.54183 0.0386478
vt 0.61424 0.0415401
vt 0.620105 0.0446651
vt 0.619255 0.0515348
vt 0.525113 0.0732669
vt 0.558988 0.0845907
vt 0.556069 0.0772907
vt 0.546723 0.0903811
vt 0.551691 0.0874032
vt 0.55858 0.0909432
vt 0.556017 0.0889979
vt 0.556498 0.0952762
vt 0.565218 0.0885692
vt 0.562311 0.0916363
vt 0.494491 0.0744139
vt 0.96112 0.891397
vt 0.952242 0.886259
vt 0.964514 0.880543
vt 0.941544 0.880468
vt 0.949842 0.870691
vt 0.954893 0.876529
vt 0.969047 0.891331
vt 0.980089 0.898367
vt 0.980089 0.871827
vt 0.940433 0.902823
vt 0.941599 0.891453
vt 0.95177 0.89469
vt 0.945394 0.857078
vt 0.942632 0.856525
vt 0.943664 0.852946
vt 0.939032 0.871929
vt 0.937592 0.862626
vt 0.948808 0.862182
vt 0.940729 0.846592
vt 0.930802 0.845778
vt 0.93413 0.830994
vt 0.955282 0.84584
vt 0.960876 0.824711
vt 0.930802 0.805359
vt 0.957781 0.805359
vt 0.938972 0.855785
vt 0.965262 0.863424
vt 0.980089 0.839873
vt 0.934656 0.852575
vt 0.93964 0.851854
vt 0.980089 0.805359
vt 0.933348 0.857954
vt 0.943453 0.285385
vt 0.953071 0.286978
vt 0.943706 0.292918
vt 0.936373 0.286674
vt 0.937304 0.290954
vt 0.932017 0.266518
vt 0.943656 0.256949
vt 0.942122 0.273062
vt 0.932872 0.291708
vt 0.921952 0.292254
vt 0.92125 0.285277
vt 0.926843 0.286992
vt 0.926783 0.292786
vt 0.930827 0.289673
vt 0.9333 0.281914
vt 0.91598 0.282211
vt 0.91557 0.276174
vt 0.922001 0.279056
vt 0.965532 0.29037
vt 0.96167 0.284421
vt 0.920454 0.266694
vt 0.946533 0.278629
vt 0.939683 0.2805
vt 0.927302 0.281495
vt 0.917464 0.243575
vt 0.948504 0.265347
vt 0.949085 0.269027
vt 0.950582 0.272973
vt 0.94986 0.282335
vt 0.954505 0.279325
vt 0.960784 0.291841
vt 0.914905 0.289856
vt 0.914173 0.28809
vt 0.942239 0.243012
vt 0.970142 0.293726
vt 0.192038 0.0180384
vt 0.185516 0.0141318
vt 0.197323 0.0139401
vt 0.203507 0.0204403
vt 0.176772 0.03899
vt 0.186709 0.0289157
vt 0.193007 0.0372334
vt 0.183199 0.0206266
vt 0.172687 0.0152991
vt 0.211323 0.0133224
vt 0.191544 0.0508733
vt 0.234137 0.0372492
vt 0.24034 0.0191683
vt 0.243159 0.0409529
vt 0.193059 0.0228108
vt 0.210367 0.0245785
vt 0.201639 0.029062
vt 0.24023 0.0524883
vt 0.231538 0.0490672
vt 0.221628 0.0406527
vt 0.216509 0.0294013
vt 0.220113 0.0191059
vt 0.234484 0.062413
vt 0.205166 0.0401478
vt 0.167249 0.023603
vt 0.220604 0.0544977
vt 0.146625 0.0316705
vt 0.16942 0.0623572
vt 0.146107 0.0648876
vt 0.222138 0.0648876
vt 0.207159 0.0535086
vt 0.19075 0.00910935
vt 0.213157 0.0608515
vt 0.206354 0.0630488
vt 0.195527 0.0639701
vt 0.184909 0.0628924
vt 0.18057 0.00971092
vt 0.771477 0.628086
vt 0.75424 0.63587
vt 0.759123 0.62453
vt 0.773508 0.612235
vt 0.769502 0.621548
vt 0.761906 0.616838
vt 0.770327 0.679009
vt 0.817462 0.632555
vt 0.833114 0.647816
vt 0.750264 0.625733
vt 0.719861 0.65391
vt 0.690038 0.645081
vt 0.700484 0.640903
vt 0.853561 0.675507
vt 0.775114 0.60076
vt 0.779832 0.587841
vt 0.778964 0.5985
vt 0.786164 0.586838
vt 0.737667 0.629397
vt 0.756175 0.620567
vt 0.752398 0.619413
vt 0.738162 0.640252
vt 0.751059 0.649206
vt 0.684741 0.62822
vt 0.698259 0.629985
vt 0.719988 0.633164
vt 0.79435 0.616828
vt 0.78372 0.617947
vt 0.783458 0.611006
vt 0.776793 0.618405
vt 0.768139 0.642675
vt 0.697321 0.672737
vt 0.697778 0.656935
vt 0.832099 0.76722
vt 0.789209 0.600216
vt 0.79194 0.590267
vt 0.707532 0.68253
vt 0.690598 0.711606
vt 0.781173 0.633307
vt 0.779703 0.628007
vt 0.753837 0.768556
vt 0.691328 0.75717
vt 0.7997 0.628012
vt 0.802357 0.599948
vt 0.44296 0.0424805
vt 0.448248 0.0482016
vt 0.44459 0.0528541
vt 0.413524 0.0305835
vt 0.414061 0.0215178
vt 0.420768 0.0233845
vt 0.386788 0.0306798
vt 0.403846 0.0236534
vt 0.40002 0.0386365
vt 0.440631 0.019699
vt 0.446707 0.0167684
vt 0.445895 0.0243817
vt 0.396085 0.0522343
vt 0.402861 0.0468807
vt 0.408051 0.0517839
vt 0.434806 0.0168286
vt 0.440356 0.0124267
vt 0.439955 0.0335221
vt 0.4526 0.0313864
vt 0.454942 0.0392016
vt 0.417143 0.0407018
vt 0.422603 0.0318756
vt 0.42857 0.0368737
vt 0.432274 0.00888429
vt 0.439263 0.00107664
vt 0.432204 0.043526
vt 0.398597 0.0632655
vt 0.408777 0.067817
vt 0.39891 0.0802158
vt 0.437551 0.0469364
vt 0.45672 0.0212153
vt 0.452014 0.00950116
vt 0.429334 0.02525
vt 0.433612 0.030294
vt 0.40421 0.0556248
vt 0.417301 0.0561464
vt 0.416856 0.0492094
vt 0.394904 0.0557037
vt 0.384088 0.0590473
vt 0.437054 0.0250181
vt 0.424227 0.0450209
vt 0.425689 0.0142145
vt 0.457496 0.0513652
vt 0.451823 0.0452184
vt 0.952705 0.983278
vt 0.943971 0.978557
vt 0.950706 0.97514
vt 0.982268 0.917858
vt 0.979722 0.928838
vt 0.975263 0.928569
vt 0.976512 0.949035
vt 0.9707 0.953157
vt 0.97038 0.945801
vt 0.955141 0.937388
vt 0.957694 0.931787
vt 0.961074 0.936198
vt 0.950041 0.939546
vt 0.949189 0.933798
vt 0.941981 0.934085
vt 0.946415 0.92937
vt 0.960452 0.941201
vt 0.942336 0.967102
vt 0.951532 0.930296
vt 0.955807 0.923403
vt 0.963861 0.94767
vt 0.956048 0.945529
vt 0.944981 0.946802
vt 0.977796 0.955038
vt 0.9571 0.968366
vt 0.967407 0.965724
vt 0.967406 0.97355
vt 0.966099 0.940221
vt 0.946916 0.922079
vt 0.964241 0.915343
vt 0.966499 0.928265
vt 0.941526 0.956471
vt 0.950091 0.959543
vt 0.961421 0.956436
vt 0.940233 0.924032
vt 0.974838 0.960362
vt 0.957596 0.977427
vt 0.975729 0.937653
vt 0.939566 0.91397
vt 0.980415 0.943878
vt 0.947995 0.911097
vt 0.977488 0.904881
vt 0.952411 0.898858
vt 0.967236 0.896347
vt 0.952092 0.473578
vt 0.962877 0.486066
vt 0.943106 0.492226
vt 0.976456 0.493628
vt 0.969797 0.493007
vt 0.974082 0.487016
vt 0.982035 0.486027
vt 0.953768 0.496332
vt 0.95776 0.504838
vt 0.963415 0.496709
vt 0.970184 0.500956
vt 0.977415 0.482769
vt 0.972826 0.478215
vt 0.963905 0.472311
vt 0.984174 0.476512
vt 0.987524 0.483864
vt 0.979194 0.479822
vt 0.99299 0.482072
vt 0.96497 0.504871
vt 0.927802 0.470369
vt 0.931298 0.460764
vt 0.941352 0.466792
vt 0.971939 0.468132
vt 0.977303 0.473753
vt 0.988225 0.489066
vt 0.983069 0.49507
vt 0.968032 0.46376
vt 0.964235 0.464958
vt 0.965432 0.461963
vt 0.961662 0.462239
vt 0.958873 0.465616
vt 0.929984 0.48154
vt 0.974158 0.4637
vt 0.979778 0.464926
vt 0.977881 0.468635
vt 0.953197 0.465138
vt 0.948618 0.461822
vt 0.953828 0.462337
vt 0.971956 0.459694
vt 0.948787 0.465934
vt 0.976852 0.460835
vt 0.980437 0.46086
vt 0.986847 0.473332
vt 0.982735 0.469932
vt 0.980121 0.4716
vt 0.98642 0.467288
vt 0.941435 0.462128
vt 0.964836 0.639067
vt 0.975608 0.636479
vt 0.970375 0.644898
vt 0.958955 0.643615
vt 0.957123 0.650435
vt 0.953976 0.644306
vt 0.940269 0.622767
vt 0.940587 0.634132
vt 0.934686 0.627902
vt 0.945188 0.646452
vt 0.948664 0.640843
vt 0.949746 0.646923
vt 0.955719 0.63816
vt 0.947329 0.630392
vt 0.975836 0.647739
vt 0.970949 0.65529
vt 0.933153 0.636727
vt 0.937782 0.64233
vt 0.931819 0.644909
vt 0.983965 0.642629
vt 0.962927 0.658658
vt 0.955862 0.659571
vt 0.961828 0.654467
vt 0.963239 0.648062
vt 0.968092 0.625077
vt 0.946634 0.66163
vt 0.940039 0.654844
vt 0.948173 0.652503
vt 0.95813 0.627216
vt 0.944606 0.636943
vt 0.942963 0.641167
vt 0.956489 0.642296
vt 0.956776 0.612356
vt 0.962416 0.622393
vt 0.952543 0.648669
vt 0.936124 0.649246
vt 0.941076 0.647841
vt 0.977277 0.623793
vt 0.987273 0.63418
vt 0.967161 0.646595
vt 0.988452 0.621773
vt 0.964397 0.618101
vt 0.971043 0.614078
vt 0.980327 0.609865
vt 0.944686 0.610639
vt 0.048214 0.855859
vt 0.0430378 0.857598
vt 0.0471569 0.852332
vt 0.0504068 0.865569
vt 0.0494428 0.859343
vt 0.0532298 0.862307
vt 0.0449151 0.865374
vt 0.047612 0.872929
vt 0.0401697 0.872353
vt 0.0527742 0.850791
vt 0.0539387 0.857244
vt 0.0506446 0.85504
vt 0.0334971 0.853313
vt 0.0418107 0.850871
vt 0.053109 0.867839
vt 0.0603278 0.865718
vt 0.0537144 0.874032
vt 0.035176 0.863855
vt 0.0250756 0.868632
vt 0.025559 0.858078
vt 0.0253683 0.88309
vt 0.0332724 0.873785
vt 0.0388252 0.881788
vt 0.0380226 0.834156
vt 0.0423839 0.835258
vt 0.0385485 0.839529
vt 0.048329 0.847942
vt 0.0524238 0.845656
vt 0.0553851 0.88178
vt 0.0502905 0.878054
vt 0.0405204 0.892128
vt 0.0483596 0.887511
vt 0.0251866 0.85078
vt 0.0366652 0.846297
vt 0.0423786 0.830053
vt 0.0342987 0.829166
vt 0.0365877 0.822306
vt 0.0364973 0.891599
vt 0.046096 0.848654
vt 0.0437521 0.844719
vt 0.0287558 0.845641
vt 0.0333414 0.841989
vt 0.0490326 0.843047
vt 0.0302402 0.837128
vt 0.0457875 0.83844
vt 0.0152323 0.865479
vt 0.0574418 0.854947
vt 0.0271166 0.82964
vt 0.0285286 0.822989
vt 0.755668 0.430622
vt 0.765457 0.422724
vt 0.766964 0.433081
vt 0.755503 0.482741
vt 0.737237 0.474901
vt 0.744787 0.462962
vt 0.716916 0.508274
vt 0.73002 0.498768
vt 0.724618 0.515335
vt 0.734677 0.447881
vt 0.72707 0.463253
vt 0.717847 0.449071
vt 0.755619 0.384872
vt 0.768704 0.394645
vt 0.758527 0.393338
vt 0.75773 0.373939
vt 0.791848 0.39585
vt 0.782891 0.429698
vt 0.774357 0.424426
vt 0.782275 0.413288
vt 0.775229 0.438832
vt 0.766198 0.403636
vt 0.750376 0.385159
vt 0.744816 0.374451
vt 0.74122 0.381968
vt 0.749458 0.392181
vt 0.76843 0.445534
vt 0.757784 0.416021
vt 0.76951 0.414002
vt 0.762245 0.40864
vt 0.748468 0.404504
vt 0.759121 0.403282
vt 0.756798 0.398689
vt 0.760807 0.443163
vt 0.740784 0.391442
vt 0.762074 0.458738
vt 0.749608 0.445839
vt 0.739677 0.431982
vt 0.746679 0.419567
vt 0.70226 0.466455
vt 0.702685 0.449218
vt 0.728424 0.395458
vt 0.733227 0.387182
vt 0.732795 0.413744
vt 0.729407 0.486609
vt 0.701674 0.500305
vt 0.72311 0.429798
vt 0.768439 0.346572
vt 0.713201 0.402534
vt 0.702129 0.481288
vt 0.719853 0.478522
vt 0.741846 0.507959
vt 0.825707 0.374961
vt 0.705076 0.424558
vt 0.693313 0.436981
vt 0.889093 0.958264
vt 0.888842 0.966284
vt 0.877104 0.963225
vt 0.90631 0.957899
vt 0.913868 0.952171
vt 0.915754 0.959934
vt 0.897383 0.954466
vt 0.897297 0.964132
vt 0.903076 0.948867
vt 0.908857 0.946995
vt 0.89049 0.951328
vt 0.883168 0.97052
vt 0.915061 0.992838
vt 0.910758 0.998541
vt 0.904512 0.991391
vt 0.901607 0.952721
vt 0.900734 0.950531
vt 0.896509 0.946124
vt 0.905567 0.970182
vt 0.898244 0.982131
vt 0.895081 0.990689
vt 0.880452 0.950979
vt 0.911564 0.967454
vt 0.918696 0.971731
vt 0.914307 0.976905
vt 0.890749 0.973904
vt 0.906926 0.985758
vt 0.894328 0.969238
vt 0.905502 0.978641
vt 0.899056 0.973021
vt 0.885837 0.944368
vt 0.864752 0.95696
vt 0.871783 0.953222
vt 0.902818 0.999874
vt 0.883724 0.976117
vt 0.88912 0.982105
vt 0.913046 0.983791
vt 0.878983 0.989949
vt 0.886957 0.9899
vt 0.884183 0.997128
vt 0.865538 0.984314
vt 0.870974 0.983428
vt 0.871685 0.98903
vt 0.874359 0.99725
vt 0.858104 0.999874
vt 0.873782 0.980076
vt 0.875899 0.984644
vt 0.8579 0.980456
vt 0.86294 0.974894
vt 0.868455 0.97997
vt 0.869514 0.975619
vt 0.851129 0.984192
vt 0.875981 0.973831
vt 0.849412 0.969393
vt 0.891466 0.99967
vt 0.85639 0.970246
vt 0.868099 0.968443
vt 0.880812 0.982345
vt 0.859609 0.96443
vt 0.853173 0.961279
vt 0.854997 0.953474
vt 0.104691 0.046519
vt 0.103518 0.039188
vt 0.111086 0.0379122
vt 0.094052 0.0108868
vt 0.0889406 0.0113347
vt 0.0914708 0.00667764
vt 0.0979628 0.00356859
vt 0.0996294 0.00945262
vt 0.0977127 0.0285447
vt 0.0983189 0.0230026
vt 0.101951 0.0285923
vt 0.101632 0.0318436
vt 0.0990213 0.0357051
vt 0.0991485 0.0310572
vt 0.0891102 0.038784
vt 0.0975192 0.0432094
vt 0.089809 0.0472687
vt 0.0943881 0.0323554
vt 0.121257 0.0496592
vt 0.10699 0.0601174
vt 0.112074 0.046845
vt 0.0861633 0.0201178
vt 0.0827417 0.0267573
vt 0.081122 0.019607
vt 0.09684 0.0155013
vt 0.0912035 0.0142013
vt 0.116933 0.0726445
vt 0.122911 0.061832
vt 0.0981644 0.0760694
vt 0.0943512 0.0654734
vt 0.0873494 0.0154894
vt 0.0851991 0.017679
vt 0.0836662 0.0158016
vt 0.093264 1.18019e-05
vt 0.0850326 0.0109697
vt 0.078235 0.0146222
vt 0.1173 0.0417893
vt 0.0953706 0.058761
vt 0.07834 0.0638412
vt 0.0887242 0.0540604
vt 0.10007 1.28518e-05
vt 0.0888844 0.0723941
vt 0.105783 0.0320223
vt 0.0813226 0.0496452
vt 0.0858228 0.0442797
vt 0.0967185 0.0518179
vt 0.0900382 0.0239982
vt 0.0935977 0.018897
vt 0.0798239 0.0417648
vt 0.089649 0.0184619
vt 0.0938975 0.0272576
vt 0.088567 0.0304688
vt 0.104189 0.00412801
vt 0.115294 0.0280058
vt 0.106471 0.0248019
vt 0.112273 0.0198358
vt 0.104914 0.0171912
vt 0.109616 0.015866
vt 0.107744 0.0115276
vt 0.119427 0.0356154
vt 0.0818877 0.0344458
vt 0.105825 0.0849284
vt 0.0858872 0.0172018
vt 0.114568 0.0831227
vt 0.120832 0.082768
vt 0.0177441 0.0210448
vt 0.0107685 0.0136126
vt 0.0206383 0.0146979
vt 0.018573 0.0804248
vt 0.024877 0.0740076
vt 0.0270197 0.0810345
vt 0.0501925 0.0618025
vt 0.0535209 0.0673056
vt 0.0443277 0.0663345
vt 0.0289565 0.0498962
vt 0.0127602 0.0512544
vt 0.0152311 0.0390165
vt 0.0417984 0.056517
vt 0.0210776 0.0316815
vt 0.0167306 0.0299771
vt 0.0528757 0.0595734
vt 0.0577522 0.0632988
vt 0.01764 0.00418096
vt 0.00272071 0.00418096
vt 0.0237555 0.0244691
vt 0.0354484 0.0351971
vt 0.0265518 0.0334643
vt 0.0159242 0.0745324
vt 0.0108152 0.0750685
vt 0.00774416 0.0637991
vt 0.0715296 0.0619754
vt 0.0659192 0.0596575
vt 0.0658526 0.0569919
vt 0.048723 0.0742131
vt 0.0380912 0.0717412
vt 0.0171756 0.0970549
vt 0.0135718 0.0878265
vt 0.0308 0.0403974
vt 0.0607276 0.057165
vt 0.00961345 0.019579
vt 0.0137299 0.0213733
vt 0.0644648 0.0537333
vt 0.0610105 0.0547869
vt 0.058942 0.0600942
vt 0.0511498 0.0552991
vt 0.0668861 0.0720992
vt 0.0660775 0.0637555
vt 0.0728395 0.0659239
vt 0.0231726 0.0312791
vt 0.0107698 0.0826019
vt 0.0226079 0.0360316
vt 0.0562249 0.0500895
vt 0.0280542 0.07016
vt 0.0203176 0.0679741
vt 0.026869 0.0614439
vt 0.0272854 0.0883984
vt 0.0329165 0.00418096
vt 0.0100524 0.0243917
vt 0.00272071 0.0228134
vt 0.00272071 0.0781159
vt 0.0227715 0.0723375
vt 0.0282771 0.0732499
vt 0.012706 0.0235314
vt 0.03826 0.0479909
vt 0.0324973 0.0761279
vt 0.0378699 0.0776444
vt 0.0348082 0.0865793
vt 0.0190203 0.072802
vt 0.00576088 0.0860398
vt 0.00272071 0.0974346
vt 0.00389416 0.087274
vt 0.0447983 0.0512172
vt 0.0397968 0.0816887
vt 0.0448446 0.0776612
vt 0.00272071 0.0644173
vt 0.00272071 0.03693
vt 0.0282596 0.0974346
vt 0.0323537 0.0229011
vt 0.771136 0.978665
vt 0.766649 0.977256
vt 0.769862 0.970259
vt 0.790318 0.935895
vt 0.797257 0.933713
vt 0.794749 0.94227
vt 0.788713 0.943571
vt 0.775129 0.973773
vt 0.780347 0.976725
vt 0.780262 0.985285
vt 0.77482 0.982743
vt 0.793196 0.929536
vt 0.791615 0.922967
vt 0.797745 0.926876
vt 0.787457 0.968596
vt 0.792835 0.97767
vt 0.786059 0.98157
vt 0.794973 0.958035
vt 0.80206 0.961433
vt 0.779923 0.951173
vt 0.779078 0.94406
vt 0.78428 0.947612
vt 0.789102 0.949538
vt 0.784201 0.954315
vt 0.773503 0.9634
vt 0.775133 0.950793
vt 0.765904 0.952503
vt 0.770378 0.945092
vt 0.77781 0.967222
vt 0.777776 0.962318
vt 0.782635 0.961703
vt 0.774656 0.991189
vt 0.770323 0.992364
vt 0.789156 0.957136
vt 0.784218 0.993139
vt 0.777585 0.957228
vt 0.769501 0.929695
vt 0.774727 0.937082
vt 0.764377 0.936306
vt 0.782771 0.921187
vt 0.776528 0.913544
vt 0.78194 0.910701
vt 0.792628 0.986709
vt 0.767868 0.986184
vt 0.772499 0.956199
vt 0.776674 0.971291
vt 0.77821 0.971833
vt 0.792357 0.993139
vt 0.795583 0.949825
vt 0.780839 0.93594
vt 0.780833 0.928607
vt 0.787349 0.929247
vt 0.76783 0.959983
vt 0.776386 0.929601
vt 0.79808 0.97102
vt 0.807712 0.96692
vt 0.799594 0.980298
vt 0.802215 0.953102
vt 0.806689 0.993139
vt 0.784781 0.941564
vt 0.777974 0.923552
vt 0.807712 0.939687
vt 0.75925 0.93124
vt 0.762161 0.923032
vt 0.760085 0.944649
vt 0.768495 0.919147
vt 0.807712 0.978534
vt 0.790164 0.910457
vt 0.791392 0.91604
vt 0.919813 0.483598
vt 0.917043 0.473472
vt 0.920979 0.477734
vt 0.93727 0.524434
vt 0.92966 0.520857
vt 0.936288 0.51617
vt 0.924062 0.497425
vt 0.915986 0.492228
vt 0.930273 0.502754
vt 0.927507 0.509879
vt 0.935596 0.506722
vt 0.933433 0.498727
vt 0.941398 0.511857
vt 0.941721 0.503873
vt 0.927197 0.485832
vt 0.946339 0.519999
vt 0.943408 0.527381
vt 0.950824 0.526274
vt 0.892943 0.546878
vt 0.894226 0.537048
vt 0.903146 0.543927
vt 0.909913 0.518736
vt 0.917556 0.506205
vt 0.921251 0.512832
vt 0.904082 0.502141
vt 0.902744 0.580838
vt 0.927027 0.564608
vt 0.930605 0.580838
vt 0.924862 0.471234
vt 0.939887 0.494722
vt 0.916617 0.560295
vt 0.925264 0.550335
vt 0.928282 0.555931
vt 0.913816 0.544319
vt 0.907584 0.551022
vt 0.940969 0.55781
vt 0.915973 0.464456
vt 0.892675 0.464706
vt 0.905293 0.561166
vt 0.914923 0.552388
vt 0.933397 0.540293
vt 0.934981 0.549743
vt 0.921609 0.526932
vt 0.912151 0.534308
vt 0.923039 0.517893
vt 0.931064 0.530134
vt 0.922938 0.537007
vt 0.93863 0.531214
vt 0.947164 0.544647
vt 0.946036 0.534004
vt 0.954844 0.534768
vt 0.953245 0.530307
vt 0.902316 0.531359
vt 0.963306 0.53865
vt 0.92188 0.545206
vt 0.900733 0.553842
vt 0.890923 0.558718
vt 0.898619 0.566896
vt 0.954965 0.579636
vt 0.899044 0.522152
vt 0.893458 0.526766
vt 0.89141 0.511904
vt 0.901613 0.485243
vt 0.893602 0.497717
vt 0.962176 0.559034
vt 0.890785 0.568916
vt 0.913924 0.481853
vt 0.904931 0.454597
vt 0.797258 0.0297381
vt 0.786172 0.029888
vt 0.797615 0.0172606
vt 0.780627 0.038964
vt 0.789102 0.0409162
vt 0.783979 0.0465226
vt 0.781622 0.0521157
vt 0.778898 0.0468567
vt 0.814409 0.0471706
vt 0.803726 0.0460964
vt 0.807136 0.0381295
vt 0.788313 0.0357735
vt 0.791691 0.0359708
vt 0.869106 0.0661612
vt 0.856624 0.0568926
vt 0.869106 0.0537118
vt 0.845424 0.0387417
vt 0.869106 0.0265804
vt 0.848505 0.0509638
vt 0.797495 0.0515589
vt 0.804217 0.0545703
vt 0.779505 0.0658274
vt 0.777206 0.0596681
vt 0.783648 0.0587523
vt 0.832118 0.0450901
vt 0.820108 0.0406065
vt 0.829045 0.0326392
vt 0.81038 0.0533762
vt 0.817622 0.0568632
vt 0.808883 0.0641386
vt 0.837926 0.0513604
vt 0.853158 0.0648087
vt 0.843888 0.069453
vt 0.846347 0.0608662
vt 0.792513 0.0658664
vt 0.789082 0.0750856
vt 0.786664 0.0657079
vt 0.786008 0.0530382
vt 0.811637 0.0290483
vt 0.786595 0.0867257
vt 0.78232 0.0886717
vt 0.779225 0.0822429
vt 0.816205 0.0733053
vt 0.825169 0.0617039
vt 0.82849 0.0740629
vt 0.782553 0.0939009
vt 0.78911 0.0983792
vt 0.855227 0.0734504
vt 0.845959 0.0795292
vt 0.824066 0.0506411
vt 0.789554 0.0492435
vt 0.794813 0.0441456
vt 0.763515 0.0874017
vt 0.775667 0.0919999
vt 0.768709 0.0981243
vt 0.796556 0.0383586
vt 0.839721 0.057636
vt 0.794457 0.0826007
vt 0.800323 0.0898176
vt 0.835846 0.0632834
vt 0.782613 0.0726875
vt 0.804295 0.0774611
vt 0.779655 0.103222
vt 0.77274 0.109078
vt 0.817525 0.0856413
vt 0.808792 0.0842322
vt 0.817175 0.064208
vt 0.836477 0.0788789
vt 0.832382 0.0547013
vt 0.776857 0.0532459
vt 0.808428 0.0947591
vt 0.815849 0.0180071
vt 0.776551 0.0732444
vt 0.827603 0.090826
vt 0.86116 0.0687312
vt 0.83005 0.0172606
vt 0.791265 0.0576507
vt 0.763515 0.11041
vt 0.766148 0.103772
vt 0.83817 0.0876792
vt 0.798379 0.0708837
vt 0.799052 0.0603108
vt 0.799077 0.10278
vt 0.852863 0.0806788
vt 0.771413 0.0772041
vt 0.816091 0.0977247
vt 0.85945 0.0172606
vt 0.93908 0.0198742
vt 0.946051 0.0270202
vt 0.941248 0.0343754
vt 0.941925 0.0524461
vt 0.938673 0.0438106
vt 0.944602 0.0426204
vt 0.952499 0.00767869
vt 0.956426 0.0199601
vt 0.948857 0.0194775
vt 0.908121 0.0563327
vt 0.918601 0.0494548
vt 0.917578 0.058594
vt 0.92225 0.056887
vt 0.923728 0.0643168
vt 0.927518 0.049337
vt 0.92752 0.05463
vt 0.923435 0.0727883
vt 0.919467 0.0685875
vt 0.949769 0.0473241
vt 0.926008 0.0594546
vt 0.959294 0.0546349
vt 0.947959 0.0601439
vt 0.936221 0.0678143
vt 0.929938 0.0687256
vt 0.93158 0.0613068
vt 0.974579 0.0129777
vt 0.985369 0.000195461
vt 0.99321 0.013043
vt 0.993202 0.031847
vt 0.980608 0.0263679
vt 0.971682 0.0365294
vt 0.98405 0.0387453
vt 0.975736 0.0528377
vt 0.99321 0.0476127
vt 0.960077 0.0378227
vt 0.967188 0.0264754
vt 0.964867 0.0347007
vt 0.909502 0.00205371
vt 0.908134 0.0130981
vt 0.904426 0.0123175
vt 0.973982 0.00406618
vt 0.901074 0.000195453
vt 0.899956 0.0134862
vt 0.891626 0.00540016
vt 0.930674 0.0373898
vt 0.958372 0.00612539
vt 0.965664 0.000850581
vt 0.963971 0.0136618
vt 0.9027 0.00730714
vt 0.913084 0.0161659
vt 0.914903 0.00321338
vt 0.901418 0.0238754
vt 0.924954 0.0196708
vt 0.930884 0.00563422
vt 0.905858 0.0196407
vt 0.905064 0.044713
vt 0.897894 0.0445068
vt 0.899749 0.0403143
vt 0.920839 0.00931721
vt 0.915882 0.0330979
vt 0.939967 0.00329881
vt 0.896483 0.0543054
vt 0.901744 0.0594529
vt 0.897018 0.0484592
vt 0.906456 0.0313639
vt 0.906716 0.0651991
vt 0.900725 0.0331943
vt 0.900259 0.0637726
vt 0.902967 0.0289976
vt 0.897453 0.0599158
vt 0.894322 0.0405171
vt 0.946193 0.0117064
vt 0.946942 0.0048326
vt 0.95137 0.0273628
vt 0.948306 0.0359571
vt 0.921776 0.00113729
vt 0.918944 0.0724462
vt 0.967718 0.0663413
vt 0.974004 0.0634186
vt 0.934099 0.0512347
vt 0.935013 0.0753648
vt 0.956746 0.0675425
vt 0.937623 0.0587353
vt 0.940409 0.0627546
vt 0.981293 0.0689886
vt 0.942802 0.0702383
vt 0.949219 0.0695629
vt 0.914337 0.0638323
vt 0.936721 0.0640736
vt 0.91455 0.0698176
vt 0.99321 0.0626637
vt 0.887446 0.591753
vt 0.883637 0.60408
vt 0.875646 0.597395
vt 0.880185 0.585888
vt 0.896204 0.598452
vt 0.897071 0.58814
vt 0.869972 0.682003
vt 0.867714 0.694345
vt 0.862719 0.688403
vt 0.866955 0.664464
vt 0.858868 0.67227
vt 0.907638 0.600636
vt 0.898917 0.610004
vt 0.887336 0.701932
vt 0.894348 0.697807
vt 0.896643 0.706806
vt 0.850021 0.66457
vt 0.882695 0.653306
vt 0.895507 0.662017
vt 0.881121 0.665673
vt 0.903858 0.694778
vt 0.904277 0.706116
vt 0.880985 0.713446
vt 0.872591 0.71439
vt 0.873654 0.708311
vt 0.919208 0.693536
vt 0.9165 0.704109
vt 0.911522 0.696321
vt 0.903151 0.710762
vt 0.906947 0.718298
vt 0.898306 0.712038
vt 0.904269 0.584738
vt 0.893331 0.581068
vt 0.903106 0.681436
vt 0.891295 0.681702
vt 0.9034 0.591663
vt 0.90626 0.619614
vt 0.858899 0.678632
vt 0.909034 0.670334
vt 0.928155 0.643256
vt 0.917277 0.646232
vt 0.916651 0.630748
vt 0.877373 0.694573
vt 0.880417 0.705391
vt 0.931727 0.627724
vt 0.864559 0.591203
vt 0.930528 0.660135
vt 0.912356 0.584762
vt 0.909657 0.690638
vt 0.883379 0.689007
vt 0.87843 0.676085
vt 0.918326 0.612256
vt 0.932246 0.605292
vt 0.91973 0.596508
vt 0.850896 0.650352
vt 0.845925 0.645933
vt 0.850003 0.641416
vt 0.872274 0.652654
vt 0.859839 0.649361
vt 0.876407 0.640536
vt 0.842637 0.640132
vt 0.842637 0.629064
vt 0.856091 0.631332
vt 0.872634 0.607584
vt 0.86452 0.602483
vt 0.932244 0.588464
vt 0.889164 0.709823
vt 0.880347 0.622334
vt 0.86744 0.62755
vt 0.888953 0.64142
vt 0.872665 0.700863
vt 0.91521 0.677794
vt 0.920311 0.682885
vt 0.912086 0.683911
vt 0.922279 0.587166
vt 0.875448 0.723258
vt 0.882571 0.720655
vt 0.845336 0.653947
vt 0.868363 0.617023
vt 0.92207 0.673571
vt 0.913924 0.657434
vt 0.917955 0.715033
vt 0.904258 0.642412
vt 0.892108 0.715951
vt 0.905348 0.658612
vt 0.890732 0.610988
vt 0.894965 0.623766
vt 0.866154 0.640944
vt 0.857389 0.60789
vt 0.86455 0.610043
vt 0.855627 0.600524
vt 0.844196 0.61727
vt 0.856184 0.615162
vt 0.898713 0.366832
vt 0.907021 0.369275
vt 0.901961 0.380316
vt 0.9066 0.357699
vt 0.894464 0.35635
vt 0.902815 0.346803
vt 0.852495 0.364707
vt 0.854436 0.357295
vt 0.85839 0.36423
vt 0.864941 0.355242
vt 0.865971 0.344437
vt 0.875395 0.352018
vt 0.86752 0.363364
vt 0.860118 0.376582
vt 0.840934 0.354441
vt 0.849012 0.35665
vt 0.842215 0.366488
vt 0.946278 0.380704
vt 0.938679 0.37497
vt 0.947108 0.369589
vt 0.886799 0.351337
vt 0.88561 0.341665
vt 0.893313 0.347442
vt 0.884305 0.357843
vt 0.887999 0.366758
vt 0.877136 0.365094
vt 0.879252 0.380385
vt 0.891818 0.374877
vt 0.847065 0.349655
vt 0.85914 0.35272
vt 0.917619 0.335967
vt 0.923493 0.337733
vt 0.920951 0.346127
vt 0.895921 0.322744
vt 0.895173 0.336762
vt 0.883718 0.328618
vt 0.853725 0.373662
vt 0.861506 0.336386
vt 0.857227 0.330014
vt 0.864701 0.328522
vt 0.85039 0.370064
vt 0.869579 0.372772
vt 0.847654 0.341991
vt 0.839776 0.34523
vt 0.826531 0.353585
vt 0.891685 0.384999
vt 0.926858 0.342618
vt 0.926927 0.348161
vt 0.853667 0.348662
vt 0.876092 0.327905
vt 0.875848 0.316717
vt 0.859545 0.345195
vt 0.85065 0.331756
vt 0.854955 0.339401
vt 0.876359 0.337489
vt 0.921116 0.376369
vt 0.924488 0.370101
vt 0.928406 0.378074
vt 0.870088 0.330696
vt 0.939865 0.340613
vt 0.929819 0.336338
vt 0.828166 0.372276
vt 0.868072 0.318958
vt 0.907658 0.334825
vt 0.852336 0.381344
vt 0.911484 0.376658
vt 0.914463 0.361852
vt 0.917919 0.372107
vt 0.912929 0.324771
vt 0.920283 0.325842
vt 0.906454 0.323322
vt 0.904571 0.315875
vt 0.919173 0.353488
vt 0.913328 0.347714
vt 0.937326 0.383664
vt 0.922873 0.361767
vt 0.933207 0.366507
vt 0.923581 0.352811
vt 0.92259 0.332326
vt 0.925957 0.324584
vt 0.844533 0.381046
vt 0.866903 0.383474
vt 0.886176 0.314845
vt 0.926809 0.331875
vt 0.933675 0.328349
vt 0.930118 0.355554
vt 0.938865 0.352181
vt 0.936533 0.358621
vt 0.832362 0.383582
vt 0.949632 0.359368
vt 0.951478 0.3752
vt 0.916577 0.382734
vt 0.921817 0.383161
vt 0.932214 0.349383
vt 0.685053 0.0967251
vt 0.674154 0.0920112
vt 0.682244 0.084644
vt 0.677553 0.0717385
vt 0.679526 0.0764216
vt 0.672502 0.0787873
vt 0.666957 0.0630593
vt 0.660935 0.062223
vt 0.666068 0.0561063
vt 0.623258 0.0682261
vt 0.638727 0.0734202
vt 0.624967 0.0835193
vt 0.63821 0.0545132
vt 0.633206 0.0572051
vt 0.631142 0.0493697
vt 0.741984 0.0419785
vt 0.72532 0.0564765
vt 0.730735 0.0391132
vt 0.639537 0.0625493
vt 0.643081 0.0606866
vt 0.646847 0.0669967
vt 0.685914 0.0617515
vt 0.695547 0.057208
vt 0.687209 0.07136
vt 0.713297 0.0911006
vt 0.707205 0.0846967
vt 0.719431 0.0753906
vt 0.672384 0.0678355
vt 0.685702 0.0532526
vt 0.697176 0.0415244
vt 0.694659 0.0831478
vt 0.654821 0.0575987
vt 0.660949 0.0555671
vt 0.701274 0.0937527
vt 0.695617 0.102038
vt 0.692607 0.0945859
vt 0.654963 0.0672511
vt 0.676914 0.0478732
vt 0.673229 0.0576739
vt 0.677746 0.103024
vt 0.665627 0.0970531
vt 0.672982 0.0978999
vt 0.661343 0.0853791
vt 0.667394 0.0852199
vt 0.665566 0.0897587
vt 0.653738 0.0871621
vt 0.655792 0.0801016
vt 0.6492 0.0979631
vt 0.64863 0.0615724
vt 0.648928 0.056526
vt 0.70041 0.068863
vt 0.706345 0.0762146
vt 0.740612 0.0576243
vt 0.74743 0.0734636
vt 0.733596 0.0672488
vt 0.649897 0.0734465
vt 0.658492 0.0746717
vt 0.671201 0.0496211
vt 0.666807 0.110926
vt 0.684955 0.117667
vt 0.675245 0.119307
vt 0.64682 0.0790268
vt 0.651002 0.0478689
vt 0.707282 0.104191
vt 0.72125 0.0477934
vt 0.748381 0.0502335
vt 0.751812 0.0427455
vt 0.663642 0.0705179
vt 0.62266 0.103186
vt 0.712729 0.0664185
vt 0.710532 0.0557078
vt 0.686805 0.0389133
vt 0.673462 0.0388704
vt 0.663699 0.0792298
vt 0.755434 0.0624196
vt 0.680188 0.0639839
vt 0.645421 0.0579833
vt 0.705386 0.0480145
vt 0.716859 0.0408757
vt 0.633157 0.0646679
vt 0.642265 0.0697033
vt 0.643481 0.0439845
vt 0.641981 0.0557023
vt 0.689654 0.107862
vt 0.666041 0.0458508
vt 0.659355 0.0471634
vt 0.755434 0.0475605
vt 0.625146 0.0410413
vt 0.634137 0.0387535
vt 0.708647 0.0387535
vt 0.645494 0.0538173
vt 0.688669 0.0914743
vt 0.644508 0.0749031
vt 0.622367 0.0560319
vt 0.646052 0.110804
vt 0.731193 0.0794273
vt 0.723143 0.0877181
vt 0.72987 0.0925023
vt 0.736839 0.0876213
vt 0.622367 0.0445942
vt 0.723127 0.101359
vt 0.714359 0.113126
vt 0.704345 0.116178
vt 0.69815 0.109326
vt 0.695295 0.116109
vt 0.659389 0.121893
vt 0.649055 0.123831
vt 0.630708 0.118848
vt 0.668782 0.120146
vt 0.0859853 0.699728
vt 0.0823764 0.699255
vt 0.0843076 0.69625
vt 0.0804403 0.745987
vt 0.0916835 0.746018
vt 0.0928624 0.763266
vt 0.0995341 0.736831
vt 0.0821093 0.703442
vt 0.076355 0.696531
vt 0.079684 0.691773
vt 0.117028 0.764556
vt 0.110635 0.74542
vt 0.123187 0.747982
vt 0.089098 0.737578
vt 0.074737 0.689486
vt 0.123979 0.730576
vt 0.0760062 0.679855
vt 0.0877306 0.702776
vt 0.0835833 0.686524
vt 0.0917591 0.704462
vt 0.0890254 0.713353
vt 0.0858054 0.708808
vt 0.101867 0.723993
vt 0.0938503 0.722301
vt 0.130259 0.755492
vt 0.0906002 0.695902
vt 0.0882465 0.688612
vt 0.109384 0.718695
vt 0.108453 0.730216
vt 0.105929 0.712694
vt 0.101399 0.702672
vt 0.110869 0.779754
vt 0.121585 0.780424
vt 0.120797 0.793723
vt 0.107188 0.792314
vt 0.128724 0.803519
vt 0.133975 0.798208
vt 0.136489 0.805655
vt 0.130256 0.78388
vt 0.126032 0.787142
vt 0.0441917 0.645361
vt 0.0540501 0.64988
vt 0.0453757 0.658336
vt 0.139245 0.73656
vt 0.0854633 0.669289
vt 0.0942746 0.699992
vt 0.121279 0.716814
vt 0.137048 0.782227
vt 0.13433 0.789793
vt 0.128748 0.791727
vt 0.0995611 0.778801
vt 0.130738 0.769101
vt 0.131184 0.809751
vt 0.130112 0.818071
vt 0.126232 0.812426
vt 0.0924096 0.683246
vt 0.0933364 0.688913
vt 0.122014 0.704459
vt 0.141582 0.763274
vt 0.137345 0.775457
vt 0.127039 0.79748
vt 0.122964 0.801201
vt 0.0944848 0.677646
vt 0.100029 0.690901
vt 0.111008 0.704109
vt 0.116529 0.685048
vt 0.11523 0.806244
vt 0.122979 0.808161
vt 0.138485 0.812472
vt 0.144693 0.81884
vt 0.140115 0.827802
vt 0.133038 0.824071
vt 0.112444 0.673331
vt 0.109064 0.681224
vt 0.100859 0.680351
vt 0.119493 0.695413
vt 0.0684695 0.683273
vt 0.0651582 0.673971
vt 0.062095 0.690911
vt 0.066245 0.688474
vt 0.0698283 0.69452
vt 0.0615934 0.679333
vt 0.0607385 0.684981
vt 0.0717288 0.691712
vt 0.0504583 0.678722
vt 0.0532167 0.678255
vt 0.0515982 0.684357
vt 0.0737911 0.666683
vt 0.0662297 0.714911
vt 0.0696411 0.707881
vt 0.0763961 0.71411
vt 0.0974327 0.679096
vt 0.100557 0.673809
vt 0.0662582 0.696731
vt 0.0582118 0.703629
vt 0.0622065 0.695111
vt 0.0797542 0.708471
vt 0.0825575 0.712822
vt 0.0568026 0.672252
vt 0.0723516 0.700907
vt 0.0489005 0.667741
vt 0.0608267 0.66068
vt 0.0635635 0.682973
vt 0.0572699 0.679705
vt 0.0801318 0.720061
vt 0.0858499 0.725195
vt 0.0735525 0.718089
vt 0.0748868 0.723512
vt 0.0523553 0.674889
vt 0.0767032 0.732796
vt 0.0844672 0.73297
vt 0.0350351 0.656589
vt 0.0348633 0.646095
vt 0.0777191 0.705046
vt 0.0475726 0.673489
vt 0.0364941 0.66376
vt 0.0515691 0.69257
vt 0.043027 0.670645
vt 0.0309197 0.650738
vt 0.493398 0.120365
vt 0.489003 0.133398
vt 0.485728 0.123732
vt 0.480513 0.122769
vt 0.472128 0.126349
vt 0.477798 0.115914
vt 0.502879 0.126481
vt 0.514258 0.121264
vt 0.515049 0.131251
vt 0.479801 0.111334
vt 0.476607 0.10948
vt 0.480176 0.107742
vt 0.479844 0.142883
vt 0.475815 0.136972
vt 0.480679 0.131045
vt 0.477934 0.0953716
vt 0.470372 0.0966322
vt 0.480293 0.0831801
vt 0.477185 0.0997065
vt 0.472166 0.104402
vt 0.421575 0.0900258
vt 0.432219 0.0833721
vt 0.44107 0.0909268
vt 0.483059 0.115093
vt 0.423328 0.102284
vt 0.445185 0.104634
vt 0.508036 0.137563
vt 0.499108 0.144717
vt 0.492782 0.105847
vt 0.494789 0.112032
vt 0.489334 0.113702
vt 0.487095 0.109465
vt 0.499836 0.115313
vt 0.541203 0.12486
vt 0.52736 0.136728
vt 0.525124 0.124481
vt 0.46705 0.11158
vt 0.462361 0.12453
vt 0.457263 0.112829
vt 0.479398 0.102633
vt 0.514337 0.147442
vt 0.496047 0.108183
vt 0.463055 0.0956703
vt 0.42374 0.0519366
vt 0.427474 0.0705784
vt 0.41435 0.0682017
vt 0.425099 0.0805401
vt 0.435073 0.0761284
vt 0.542341 0.104005
vt 0.550708 0.0972086
vt 0.555291 0.104262
vt 0.483872 0.10815
vt 0.462027 0.103739
vt 0.47228 0.116085
vt 0.498098 0.110119
vt 0.531273 0.157763
vt 0.513951 0.177072
vt 0.520562 0.176315
vt 0.512859 0.181142
vt 0.500502 0.180111
vt 0.507248 0.185973
vt 0.50305 0.159133
vt 0.490233 0.160532
vt 0.512046 0.166838
vt 0.515317 0.185398
vt 0.493981 0.171464
vt 0.488047 0.144117
vt 0.484477 0.15012
vt 0.488292 0.152234
vt 0.50736 0.115572
vt 0.503307 0.110045
vt 0.406147 0.0877212
vt 0.516041 0.11309
vt 0.445753 0.119794
vt 0.509041 0.110231
vt 0.521553 0.117818
vt 0.530338 0.118684
vt 0.542909 0.117323
vt 0.524313 0.113751
vt 0.515884 0.108194
vt 0.459551 0.0891614
vt 0.477213 0.0653694
vt 0.522635 0.107927
vt 0.530892 0.113909
vt 0.527519 0.111093
vt 0.533613 0.109991
vt 0.44113 0.0806487
vt 0.542144 0.112073
vt 0.549307 0.110789
vt 0.547136 0.108491
vt 0.479013 0.105774
vt 0.519971 0.0948206
vt 0.498837 0.097241
vt 0.505937 0.0777229
vt 0.507796 0.0998796
vt 0.490863 0.0771548
vt 0.488368 0.103457
vt 0.487384 0.106416
vt 0.485397 0.100315
vt 0.484722 0.130366
vt 0.481598 0.106034
vt 0.482583 0.104065
vt 0.453354 0.0795055
vt 0.443113 0.0716012
vt 0.446625 0.0759615
vt 0.439465 0.0658434
vt 0.436059 0.0516512
vt 0.445777 0.0576285
vt 0.450976 0.0711126
vt 0.453326 0.0633281
vt 0.451904 0.0740774
vt 0.52777 0.106308
vt 0.531584 0.103423
vt 0.543179 0.13714
vt 0.532587 0.0867466
vt 0.535958 0.0981034
vt 0.978365 0.703763
vt 0.970879 0.697331
vt 0.980062 0.696091
vt 0.99299 0.709234
vt 0.986544 0.707706
vt 0.991769 0.702762
vt 0.980358 0.711478
vt 0.983878 0.702016
vt 0.892455 0.77731
vt 0.895577 0.773368
vt 0.902853 0.785057
vt 0.986761 0.696098
vt 0.973524 0.689557
vt 0.929199 0.775957
vt 0.943996 0.786232
vt 0.929065 0.793596
vt 0.914319 0.789591
vt 0.98096 0.727462
vt 0.975371 0.719102
vt 0.987724 0.718099
vt 0.973208 0.71075
vt 0.965877 0.72222
vt 0.970609 0.729856
vt 0.963982 0.729674
vt 0.956801 0.728424
vt 0.956564 0.71589
vt 0.966961 0.714721
vt 0.961924 0.738639
vt 0.939923 0.725638
vt 0.977682 0.735208
vt 0.970244 0.739045
vt 0.949709 0.738812
vt 0.977362 0.746159
vt 0.969425 0.745841
vt 0.965303 0.745529
vt 0.958703 0.754268
vt 0.951815 0.750678
vt 0.964763 0.75278
vt 0.969313 0.752108
vt 0.966216 0.760412
vt 0.945934 0.747671
vt 0.971583 0.75975
vt 0.984148 0.761208
vt 0.951574 0.763108
vt 0.955717 0.763812
vt 0.959273 0.763632
vt 0.96205 0.767602
vt 0.967152 0.76711
vt 0.954343 0.770383
vt 0.940992 0.759258
vt 0.947144 0.774102
vt 0.954385 0.777674
vt 0.980397 0.690326
vt 0.99366 0.725912
vt 0.989715 0.740494
vt 0.959133 0.773512
vt 0.966894 0.775907
vt 0.960041 0.783164
vt 0.93661 0.743344
vt 0.974028 0.786382
vt 0.953025 0.784205
vt 0.951262 0.789073
vt 0.964786 0.788519
vt 0.962575 0.792884
vt 0.95597 0.794965
vt 0.943009 0.797332
vt 0.951305 0.797064
vt 0.973359 0.796269
vt 0.979627 0.776863
vt 0.964189 0.803008
vt 0.91174 0.777267
vt 0.987719 0.713028
vt 0.992262 0.714086
vt 0.903231 0.762625
vt 0.905335 0.746006
vt 0.915073 0.763786
vt 0.925033 0.753987
vt 0.962723 0.693304
vt 0.958834 0.698565
vt 0.957179 0.692661
vt 0.944052 0.702542
vt 0.938032 0.703024
vt 0.94659 0.69949
vt 0.894147 0.760659
vt 0.952496 0.705061
vt 0.945249 0.704823
vt 0.965021 0.686625
vt 0.963185 0.67677
vt 0.969644 0.682119
vt 0.975874 0.707438
vt 0.956423 0.680646
vt 0.972513 0.704972
vt 0.956291 0.686997
vt 0.950263 0.672761
vt 0.933104 0.714634
vt 0.935616 0.709686
vt 0.943539 0.711481
vt 0.946653 0.681408
vt 0.948616 0.690779
vt 0.967593 0.707043
vt 0.953661 0.697483
vt 0.963884 0.700283
vt 0.889585 0.771643
vt 0.886852 0.771653
vt 0.96062 0.706379
vt 0.963039 0.710896
vt 0.94082 0.694494
vt 0.932028 0.693045
vt 0.938473 0.686266
vt 0.928206 0.698961
vt 0.92469 0.706469
vt 0.920963 0.716959
vt 0.917672 0.733121
vt 0.885965 0.765481
vt 0.396313 0.154585
vt 0.40158 0.150594
vt 0.400177 0.155457
vt 0.331984 0.165286
vt 0.329258 0.158714
vt 0.335627 0.160881
vt 0.377514 0.14574
vt 0.375273 0.142735
vt 0.381626 0.139088
vt 0.366716 0.163286
vt 0.372506 0.158161
vt 0.370163 0.162401
vt 0.358124 0.159261
vt 0.364322 0.161031
vt 0.356049 0.164565
vt 0.375236 0.15992
vt 0.373872 0.164236
vt 0.380838 0.159132
vt 0.376729 0.15812
vt 0.371255 0.172713
vt 0.36556 0.169316
vt 0.379184 0.154675
vt 0.326814 0.16749
vt 0.327499 0.164344
vt 0.43977 0.156127
vt 0.45141 0.142032
vt 0.451336 0.159216
vt 0.369221 0.145014
vt 0.375224 0.151094
vt 0.347466 0.161024
vt 0.350646 0.163937
vt 0.344602 0.167148
vt 0.368065 0.154726
vt 0.373437 0.138056
vt 0.363827 0.152696
vt 0.353808 0.169268
vt 0.350226 0.168346
vt 0.364856 0.13211
vt 0.36131 0.165804
vt 0.36109 0.148604
vt 0.327867 0.172701
vt 0.416541 0.171729
vt 0.419023 0.151434
vt 0.430021 0.151796
vt 0.407419 0.166268
vt 0.385316 0.125669
vt 0.384979 0.132792
vt 0.379359 0.127573
vt 0.406495 0.158327
vt 0.412631 0.147381
vt 0.429632 0.162411
vt 0.340081 0.164415
vt 0.324068 0.165307
vt 0.358267 0.169145
vt 0.430263 0.135705
vt 0.417302 0.133973
vt 0.433776 0.172172
vt 0.408387 0.143424
vt 0.406536 0.151163
vt 0.455334 0.172711
vt 0.461552 0.162946
vt 0.400866 0.132747
vt 0.407416 0.134843
vt 0.398995 0.140896
vt 0.401098 0.146766
vt 0.393945 0.150683
vt 0.396049 0.148011
vt 0.391497 0.14134
vt 0.393979 0.134119
vt 0.389186 0.131812
vt 0.403858 0.120102
vt 0.352969 0.15595
vt 0.35129 0.145242
vt 0.355463 0.154953
vt 0.468313 0.151522
vt 0.459258 0.152107
vt 0.468137 0.128323
vt 0.34166 0.160175
vt 0.357981 0.15485
vt 0.387871 0.146076
vt 0.382157 0.120102
vt 0.374609 0.133208
vt 0.440219 0.139769
vt 0.441669 0.125522
vt 0.449411 0.129485
vt 0.337631 0.172348
vt 0.336678 0.164553
vt 0.474306 0.168682
vt 0.480958 0.159346
vt 0.47513 0.172759
vt 0.390701 0.123053
vt 0.428395 0.120102
vt 0.466015 0.171949
vt 0.402424 0.159453
vt 0.403165 0.156078
vt 0.444306 0.171831
vt 0.474857 0.158472
vt 0.319015 0.16594
vt 0.321478 0.168568
vt 0.359647 0.14482
vt 0.467038 0.166859
vt 0.471192 0.167851
vt 0.337106 0.15643
vt 0.343195 0.157756
vt 0.346741 0.157213
vt 0.468955 0.156962
vt 0.346378 0.152403
vt 0.314769 0.169088
vt 0.315362 0.172756
vt 0.382432 0.149061
vt 0.388119 0.151554
vt 0.384132 0.153703
vt 0.39777 0.161592
vt 0.391629 0.156898
vt 0.386919 0.155417
vt 0.38721 0.159142
vt 0.346304 0.172478
vt 0.391348 0.16574
vt 0.378698 0.166282
vt 0.384977 0.164242
vt 0.386038 0.172686
vt 0.389784 0.153974
vt 0.590259 0.156368
vt 0.583767 0.157799
vt 0.587723 0.152951
vt 0.613665 0.111521
vt 0.613282 0.123534
vt 0.60612 0.107078
vt 0.589959 0.147097
vt 0.579949 0.148186
vt 0.591169 0.114336
vt 0.602048 0.117217
vt 0.592417 0.122911
vt 0.59335 0.128367
vt 0.586929 0.130229
vt 0.623252 0.135203
vt 0.630121 0.149912
vt 0.614049 0.144782
vt 0.584174 0.141704
vt 0.560182 0.190169
vt 0.567201 0.192151
vt 0.546466 0.209098
vt 0.604311 0.151622
vt 0.602087 0.142264
vt 0.609177 0.0896327
vt 0.620231 0.106527
vt 0.579356 0.176109
vt 0.599939 0.129916
vt 0.609933 0.134371
vt 0.581563 0.126128
vt 0.582392 0.119636
vt 0.574568 0.123128
vt 0.606375 0.12638
vt 0.578994 0.133814
vt 0.627623 0.122311
vt 0.597601 0.108631
vt 0.589442 0.107093
vt 0.59819 0.161029
vt 0.582655 0.11318
vt 0.607437 0.158224
vt 0.616639 0.153536
vt 0.594463 0.153453
vt 0.599595 0.102003
vt 0.642937 0.134859
vt 0.574623 0.111092
vt 0.592612 0.139718
vt 0.574394 0.117515
vt 0.578543 0.154842
vt 0.572262 0.160825
vt 0.596546 0.147683
vt 0.563329 0.173838
vt 0.605001 0.163762
vt 0.603474 0.161512
vt 0.635478 0.163466
vt 0.627719 0.165628
vt 0.629022 0.158783
vt 0.549869 0.214012
vt 0.534555 0.235016
vt 0.541487 0.22153
vt 0.616554 0.161506
vt 0.617137 0.16878
vt 0.622855 0.158917
vt 0.602692 0.173243
vt 0.646351 0.153666
vt 0.648613 0.164454
vt 0.617391 0.0903604
vt 0.534861 0.207639
vt 0.538155 0.215967
vt 0.529964 0.211257
vt 0.538228 0.190106
vt 0.547489 0.192988
vt 0.542684 0.198354
vt 0.528409 0.233272
vt 0.528088 0.231231
vt 0.523872 0.226685
vt 0.536341 0.222471
vt 0.58274 0.103938
vt 0.57228 0.106629
vt 0.595186 0.098931
vt 0.539991 0.202965
vt 0.53915 0.218534
vt 0.542223 0.216916
vt 0.552934 0.177687
vt 0.528652 0.220013
vt 0.534705 0.198771
vt 0.530249 0.203837
vt 0.541444 0.20917
vt 0.527766 0.207626
vt 0.531588 0.214629
vt 0.544316 0.180447
vt 0.541789 0.171722
vt 0.549523 0.168584
vt 0.560242 0.163525
vt 0.524931 0.210733
vt 0.543261 0.158282
vt 0.546974 0.146191
vt 0.551263 0.157321
vt 0.564465 0.15165
vt 0.559142 0.130837
vt 0.56408 0.132993
vt 0.563598 0.140923
vt 0.564234 0.110633
vt 0.561227 0.117118
vt 0.565938 0.120622
vt 0.553753 0.123919
vt 0.546448 0.133311
vt 0.555278 0.140711
vt 0.570088 0.121305
vt 0.575052 0.141256
vt 0.556076 0.150427
vt 0.568503 0.148403
vt 0.572506 0.150605
vt 0.558335 0.144527
vt 0.569126 0.127766
vt 0.570096 0.136383
vt 0.569817 0.143391
vt 0.530368 0.186877
vt 0.536977 0.180941
vt 0.027426 0.786159
vt 0.0320807 0.796186
vt 0.0293974 0.797962
vt 0.0321979 0.803075
vt 0.0250015 0.803301
vt 0.0248327 0.795447
vt 0.0367486 0.798564
vt 0.0269916 0.809747
vt 0.0345341 0.808522
vt 0.0283951 0.814638
vt 0.0261187 0.816875
vt 0.0210191 0.81175
vt 0.0722037 0.790317
vt 0.0607295 0.779988
vt 0.0720961 0.776199
vt 0.0388844 0.788825
vt 0.0418201 0.794302
vt 0.0635146 0.769487
vt 0.0586071 0.760148
vt 0.0697252 0.762295
vt 0.078778 0.757663
vt 0.0674438 0.756363
vt 0.0773579 0.780715
vt 0.0866232 0.778287
vt 0.0638251 0.745975
vt 0.0540132 0.751077
vt 0.0539821 0.745613
vt 0.0805351 0.766451
vt 0.0517768 0.769625
vt 0.0908104 0.77084
vt 0.0721159 0.750653
vt 0.0967238 0.780855
vt 0.0421224 0.76651
vt 0.0399108 0.760812
vt 0.0441758 0.757546
vt 0.0389116 0.772562
vt 0.0353704 0.771572
vt 0.0365912 0.767724
vt 0.0253857 0.769883
vt 0.0341861 0.773624
vt 0.0089232 0.686078
vt 0.0100018 0.696821
vt 0.00124385 0.679991
vt 0.0261941 0.687864
vt 0.0191372 0.685431
vt 0.0269835 0.678687
vt 0.0511384 0.779778
vt 0.0206504 0.692511
vt 0.00893264 0.669316
vt 0.0159788 0.695412
vt 0.0229768 0.700018
vt 0.0133272 0.679673
vt 0.0156781 0.679336
vt 0.0307464 0.697501
vt 0.0363715 0.682164
vt 0.0209598 0.678559
vt 0.0183878 0.701339
vt 0.0458262 0.696461
vt 0.0375426 0.76264
vt 0.0494659 0.761861
vt 0.0513583 0.754927
vt 0.0606564 0.786723
vt 0.0616824 0.792618
vt 0.0340133 0.762087
vt 0.0358522 0.783691
vt 0.0339945 0.780257
vt 0.0468207 0.750427
vt 0.0506711 0.748691
vt 0.0365706 0.776565
vt 0.0467284 0.738911
vt 0.0518891 0.73406
vt 0.0466715 0.743691
vt 0.043118 0.744518
vt 0.0415258 0.750912
vt 0.0377649 0.756707
vt 0.0434612 0.739205
vt 0.0448427 0.733035
vt 0.0315098 0.779022
vt 0.0476483 0.790078
vt 0.0475042 0.797953
vt 0.0328297 0.775284
vt 0.042267 0.777355
vt 0.0305528 0.759589
vt 0.0334862 0.756567
vt 0.0511568 0.718652
vt 0.0339931 0.750921
vt 0.0382327 0.722027
vt 0.0370718 0.733568
vt 0.033701 0.728354
vt 0.0380542 0.741722
vt 0.0402048 0.746846
vt 0.0407128 0.73255
vt 0.0378691 0.748872
vt 0.0188157 0.708964
vt 0.0228576 0.706111
vt 0.0254264 0.714917
vt 0.0403227 0.738289
vt 0.0292812 0.75355
vt 0.0317119 0.75346
vt 0.0338848 0.736053
vt 0.0366929 0.70927
vt 0.0296272 0.747377
vt 0.0316886 0.748619
vt 0.0335452 0.744285
vt 0.031507 0.717261
vt 0.0283901 0.707551
vt 0.0293721 0.738604
vt 0.0320603 0.731473
vt 0.0218749 0.719089
vt 0.0294308 0.724068
vt 0.0292341 0.730322
vt 0.0252828 0.723526
vt 0.0264667 0.733481
vt 0.0268231 0.728828
vt 0.0426791 0.803467
vt 0.0540673 0.786617
vt 0.0472842 0.783569
vt 0.0395297 0.809314
vt 0.0341781 0.790837
vt 0.0524245 0.793277
vt 0.0434384 0.786413
vt 0.850398 0.307834
vt 0.85906 0.304775
vt 0.856201 0.320896
vt 0.848585 0.294911
vt 0.858233 0.281778
vt 0.861291 0.292057
vt 0.871347 0.300218
vt 0.871406 0.290046
vt 0.849063 0.28328
vt 0.871895 0.244442
vt 0.866374 0.237734
vt 0.877732 0.237536
vt 0.817081 0.254582
vt 0.828885 0.251039
vt 0.821984 0.259425
vt 0.818022 0.308612
vt 0.820755 0.29742
vt 0.829279 0.305418
vt 0.841829 0.283854
vt 0.836263 0.296835
vt 0.833261 0.286058
vt 0.84477 0.320596
vt 0.842913 0.310475
vt 0.818795 0.322102
vt 0.819229 0.338554
vt 0.810806 0.332891
vt 0.82666 0.267729
vt 0.827023 0.274507
vt 0.817789 0.268579
vt 0.833536 0.278151
vt 0.882516 0.246908
vt 0.888039 0.238001
vt 0.893539 0.245649
vt 0.829702 0.285969
vt 0.826204 0.289381
vt 0.82611 0.280603
vt 0.853549 0.255974
vt 0.846891 0.251375
vt 0.860688 0.247668
vt 0.893516 0.252299
vt 0.835268 0.30778
vt 0.833704 0.313995
vt 0.872027 0.312767
vt 0.880445 0.259964
vt 0.870467 0.272256
vt 0.866756 0.2637
vt 0.867423 0.254481
vt 0.823073 0.264226
vt 0.829107 0.26009
vt 0.900202 0.266026
vt 0.900219 0.2594
vt 0.90712 0.261045
vt 0.860312 0.232623
vt 0.855723 0.24219
vt 0.892152 0.262988
vt 0.845263 0.328916
vt 0.83855 0.321177
vt 0.831431 0.322306
vt 0.836735 0.331933
vt 0.826501 0.33004
vt 0.913154 0.270444
vt 0.915895 0.26019
vt 0.905382 0.272043
vt 0.879827 0.281883
vt 0.894795 0.276362
vt 0.890756 0.292756
vt 0.836331 0.253242
vt 0.813032 0.287974
vt 0.806284 0.298959
vt 0.840822 0.272057
vt 0.902043 0.252647
vt 0.84896 0.276588
vt 0.845247 0.256144
vt 0.88364 0.269769
vt 0.838584 0.25811
vt 0.835247 0.265397
vt 0.826345 0.316108
vt 0.808241 0.316461
vt 0.880031 0.296839
vt 0.908893 0.250827
vt 0.9045 0.279509
vt 0.904817 0.291471
vt 0.867543 0.282637
vt 0.832533 0.271346
vt 0.850253 0.238631
vt 0.829592 0.298023
vt 0.856506 0.263069
vt 0.902991 0.239698
vt 0.912501 0.281192
vt 0.858143 0.270475
vt 0.844595 0.262888
vt 0.841795 0.245858
vt 0.849998 0.268835
vt 0.815805 0.279384
vt 0.826998 0.240754
vt 0.800393 0.286421
vt 0.784246 0.294163
vt 0.79938 0.274242
vt 0.788982 0.277254
vt 0.792092 0.265256
vt 0.807769 0.262371
vt 0.808926 0.272631
vt 0.806262 0.27945
vt 0.788908 0.314691
vt 0.776653 0.312185
vt 0.784029 0.332065
vt 0.798424 0.328109
vt 0.798982 0.310492
vt 0.781574 0.346843
vt 0.796217 0.355183
vt 0.807762 0.341151
vt 0.799542 0.344151
vt 0.8009 0.260248
vt 0.811017 0.248115
vt 0.8376 0.241698
vt 0.834343 0.235112
vt 0.84392 0.233222
vt 0.277095 0.0454146
vt 0.283788 0.0446936
vt 0.283455 0.0535718
vt 0.332912 0.0727913
vt 0.336772 0.0682255
vt 0.338061 0.071168
vt 0.356273 0.073129
vt 0.356102 0.0661429
vt 0.361261 0.0682517
vt 0.310146 0.0545801
vt 0.31171 0.0431561
vt 0.320353 0.052809
vt 0.337084 0.132424
vt 0.34217 0.134836
vt 0.340197 0.138871
vt 0.370459 0.0733848
vt 0.358055 0.0805999
vt 0.339596 0.0948415
vt 0.337667 0.0855408
vt 0.342816 0.089425
vt 0.363478 0.0893289
vt 0.375721 0.0867482
vt 0.369123 0.0861103
vt 0.339209 0.0760055
vt 0.341127 0.081667
vt 0.312947 0.0754129
vt 0.308118 0.0785733
vt 0.305512 0.0755732
vt 0.289954 0.050137
vt 0.287951 0.0401078
vt 0.29616 0.0445887
vt 0.347877 0.0789443
vt 0.349687 0.0674855
vt 0.35179 0.0589019
vt 0.299309 0.067269
vt 0.311976 0.0694648
vt 0.304452 0.0721196
vt 0.268336 0.0421813
vt 0.268967 0.054992
vt 0.261845 0.0447517
vt 0.317978 0.0624677
vt 0.304487 0.0627625
vt 0.372819 0.0958079
vt 0.275779 0.0558497
vt 0.27294 0.0491822
vt 0.338838 0.144041
vt 0.318398 0.0161149
vt 0.349207 0.0146868
vt 0.335652 0.0376115
vt 0.30348 0.0407791
vt 0.295885 0.0370952
vt 0.300481 0.0350497
vt 0.319204 0.0318088
vt 0.309415 0.0285612
vt 0.344885 0.143621
vt 0.362502 0.101813
vt 0.368712 0.1029
vt 0.370631 0.117251
vt 0.379113 0.109393
vt 0.323756 0.0420539
vt 0.323847 0.0712921
vt 0.327238 0.0773815
vt 0.292238 0.0604638
vt 0.284105 0.0652752
vt 0.361068 0.127439
vt 0.358079 0.109004
vt 0.380229 0.0457091
vt 0.373394 0.0662273
vt 0.36762 0.0345093
vt 0.355259 0.092006
vt 0.359088 0.0476933
vt 0.389014 0.0994916
vt 0.381741 0.0879931
vt 0.321092 0.109086
vt 0.325602 0.0939654
vt 0.332524 0.10238
vt 0.299547 0.0544556
vt 0.322926 0.0748454
vt 0.309452 0.0969348
vt 0.303468 0.11917
vt 0.318951 0.0738902
vt 0.319489 0.0799222
vt 0.322805 0.0864412
vt 0.311644 0.0804689
vt 0.310825 0.0863482
vt 0.33233 0.0891354
vt 0.329023 0.0838913
vt 0.30447 0.0480031
vt 0.327267 0.128901
vt 0.343608 0.101334
vt 0.339333 0.10164
vt 0.279381 0.0577535
vt 0.348949 0.0978474
vt 0.341997 0.109236
vt 0.324323 0.0669959
vt 0.328879 0.059106
vt 0.338761 0.109929
vt 0.335444 0.0945046
vt 0.34099 0.11466
vt 0.339414 0.116754
vt 0.334427 0.116315
vt 0.28234 0.0373069
vt 0.274877 0.035063
vt 0.279113 0.0300258
vt 0.348197 0.114991
vt 0.335746 0.0576315
vt 0.330894 0.0670824
vt 0.343072 0.124415
vt 0.327294 0.049519
vt 0.291948 0.0234297
vt 0.291547 0.0385297
vt 0.345387 0.0478906
vt 0.352144 0.136093
vt 0.333816 0.138442
vt 0.331425 0.147377
vt 0.333811 0.0794903
vt 0.271334 0.0390511
vt 0.273324 0.0449781
vt 0.359658 0.0627792
vt 0.343355 0.0672
vt 0.360544 0.065077
vt 0.310529 0.126547
vt 0.146766 0.876272
vt 0.149445 0.885307
vt 0.139666 0.887827
vt 0.0874013 0.954492
vt 0.0899244 0.967855
vt 0.0717356 0.961049
vt 0.11446 0.945049
vt 0.112715 0.954092
vt 0.103777 0.946231
vt 0.130765 0.954499
vt 0.117678 0.937398
vt 0.120649 0.898333
vt 0.118485 0.891319
vt 0.12456 0.892478
vt 0.126694 0.900859
vt 0.124986 0.896406
vt 0.10179 0.958082
vt 0.150819 0.928872
vt 0.140218 0.911237
vt 0.170029 0.910511
vt 0.124978 0.908523
vt 0.115747 0.904584
vt 0.127916 0.895772
vt 0.130614 0.89026
vt 0.134766 0.898682
vt 0.112221 0.89751
vt 0.109503 0.890101
vt 0.128376 0.920592
vt 0.116497 0.913478
vt 0.0926904 0.94143
vt 0.116775 0.987482
vt 0.133833 0.88207
vt 0.133019 0.886248
vt 0.126972 0.886405
vt 0.170966 0.959125
vt 0.147504 0.946027
vt 0.122896 0.882505
vt 0.132307 0.935616
vt 0.147707 0.899025
vt 0.0730898 0.974185
vt 0.0513612 0.989401
vt 0.0694659 0.981283
vt 0.0693479 0.989504
vt 0.103524 0.897527
vt 0.129805 0.905481
vt 0.16202 0.971194
vt 0.105417 0.938765
vt 0.150678 0.988891
vt 0.171212 0.935151
vt 0.0602126 0.922581
vt 0.0638784 0.931327
vt 0.0565948 0.935254
vt 0.0856529 0.917302
vt 0.0726824 0.919898
vt 0.0746251 0.911851
vt 0.0364141 0.955418
vt 0.0361881 0.946812
vt 0.0428669 0.947661
vt 0.0892208 0.933456
vt 0.0890838 0.926955
vt 0.0961972 0.932254
vt 0.0400124 0.94311
vt 0.0363525 0.941002
vt 0.0448191 0.939041
vt 0.0394368 0.973857
vt 0.0482283 0.956317
vt 0.0555271 0.964579
vt 0.0850417 0.989504
vt 0.0758006 0.930034
vt 0.0682153 0.92816
vt 0.037681 0.932777
vt 0.0956869 0.899084
vt 0.0998972 0.904728
vt 0.0619463 0.948742
vt 0.0513407 0.94544
vt 0.117502 0.924567
vt 0.10623 0.929652
vt 0.10319 0.916457
vt 0.159234 0.89293
vt 0.0853968 0.933287
vt 0.0816083 0.925347
vt 0.0933585 0.887361
vt 0.0808675 0.887184
vt 0.0924275 0.878418
vt 0.0452996 0.925214
vt 0.0787145 0.945684
vt 0.0892638 0.89407
vt 0.0993033 0.891189
vt 0.056203 0.897149
vt 0.0550885 0.903926
vt 0.0489753 0.901893
vt 0.070545 0.936029
vt 0.139223 0.871956
vt 0.131361 0.866452
vt 0.0797071 0.907129
vt 0.10759 0.906041
vt 0.0496178 0.911256
vt 0.068725 0.911527
vt 0.0594497 0.909909
vt 0.0707466 0.902768
vt 0.0641238 0.914981
vt 0.0657906 0.907867
vt 0.0624475 0.902594
vt 0.0657667 0.896424
vt 0.0548302 0.890195
vt 0.0625185 0.888397
vt 0.0792661 0.936295
vt 0.0838195 0.939351
vt 0.078523 0.897728
vt 0.0709266 0.889335
vt 0.139614 0.878109
vt 0.0715009 0.896786
vt 0.0561628 0.886613
vt 0.0671395 0.873349
vt 0.0899029 0.904912
vt 0.108104 0.880821
vt 0.0963428 0.924124
vt 0.0468415 0.894987
vt 0.10567 0.855057
vt 0.0447175 0.807975
vt 0.111113 0.805702
vt 0.688132 0.299235
vt 0.670276 0.289858
vt 0.683926 0.277578
vt 0.710117 0.347929
vt 0.702861 0.334443
vt 0.720234 0.338989
vt 0.70727 0.230079
vt 0.701715 0.227257
vt 0.705053 0.22544
vt 0.709134 0.225672
vt 0.700453 0.20678
vt 0.695631 0.196256
vt 0.703934 0.197854
vt 0.68429 0.313132
vt 0.671863 0.304465
vt 0.66538 0.204532
vt 0.673997 0.207168
vt 0.670262 0.215576
vt 0.66385 0.195708
vt 0.671442 0.197308
vt 0.679336 0.230314
vt 0.685045 0.246935
vt 0.671631 0.241291
vt 0.709054 0.204308
vt 0.705958 0.209398
vt 0.701499 0.358471
vt 0.690609 0.365175
vt 0.689007 0.354931
vt 0.71816 0.216153
vt 0.714501 0.214937
vt 0.716453 0.210467
vt 0.681843 0.34865
vt 0.683883 0.343848
vt 0.685325 0.349609
vt 0.660111 0.243858
vt 0.671491 0.258053
vt 0.651053 0.25467
vt 0.72625 0.366337
vt 0.712862 0.362114
vt 0.711672 0.356535
vt 0.699076 0.252058
vt 0.709301 0.26798
vt 0.689814 0.2605
vt 0.673221 0.336134
vt 0.662683 0.324838
vt 0.674772 0.328119
vt 0.680245 0.202743
vt 0.683238 0.214706
vt 0.709203 0.305342
vt 0.704027 0.288706
vt 0.733586 0.298171
vt 0.652118 0.295719
vt 0.701024 0.36952
vt 0.706501 0.376694
vt 0.701798 0.379644
vt 0.707221 0.366394
vt 0.71341 0.369332
vt 0.660165 0.227197
vt 0.640846 0.231361
vt 0.720816 0.228495
vt 0.71756 0.232247
vt 0.717717 0.225126
vt 0.721487 0.254588
vt 0.713201 0.249565
vt 0.722551 0.238889
vt 0.759963 0.355025
vt 0.743363 0.365019
vt 0.662946 0.312449
vt 0.64967 0.310197
vt 0.682722 0.335206
vt 0.727942 0.322776
vt 0.771331 0.334298
vt 0.702083 0.319211
vt 0.693579 0.339742
vt 0.655344 0.208447
vt 0.657519 0.275532
vt 0.640145 0.263896
vt 0.698812 0.219474
vt 0.687473 0.326922
vt 0.694962 0.208725
vt 0.691631 0.204277
vt 0.675226 0.318061
vt 0.712138 0.220281
vt 0.715785 0.221447
vt 0.713452 0.226403
vt 0.707565 0.252367
vt 0.693142 0.237898
vt 0.706038 0.242481
vt 0.698372 0.231736
vt 0.731396 0.26959
vt 0.706671 0.234421
vt 0.693778 0.221788
vt 0.712174 0.239742
vt 0.678244 0.35414
vt 0.664314 0.345437
vt 0.674208 0.344237
vt 0.711297 0.232211
vt 0.642129 0.278342
vt 0.692897 0.213729
vt 0.715786 0.234464
vt 0.663313 0.33692
vt 0.704239 0.22058
vt 0.70057 0.214634
vt 0.714559 0.230672
vt 0.70814 0.217925
vt 0.703929 0.215765
vt 0.721834 0.231044
vt 0.687113 0.199974
vt 0.775697 0.284977
vt 0.774753 0.305488
vt 0.754471 0.275637
vt 0.775697 0.26822
vt 0.688013 0.395853
vt 0.686107 0.379388
vt 0.710479 0.395853
vt 0.710723 0.212681
vt 0.69352 0.348534
vt 0.688283 0.207653
vt 0.718638 0.220179
vt 0.689485 0.193392
vt 0.71453 0.202905
vt 0.689887 0.226744
vt 0.69586 0.374397
vt 0.677447 0.362901
vt 0.668447 0.322184
vt 0.680947 0.192953
vt 0.743215 0.247693
vt 0.646972 0.283157
vt 0.771469 0.239687
vt 0.754585 0.235262
vt 0.743828 0.230242
vt 0.732975 0.234146
vt 0.670576 0.188827
vt 0.666287 0.190863
vt 0.158544 0.0841075
vt 0.146498 0.0884472
vt 0.153387 0.0676758
vt 0.137377 0.112957
vt 0.13717 0.088463
vt 0.301079 0.0865889
vt 0.275534 0.0810887
vt 0.285618 0.0681373
vt 0.297493 0.139784
vt 0.301079 0.145879
vt 0.288614 0.145342
vt 0.203396 0.186878
vt 0.200435 0.191249
vt 0.19791 0.184768
vt 0.211706 0.18493
vt 0.227361 0.181312
vt 0.227374 0.19735
vt 0.13717 0.0777084
vt 0.197096 0.177354
vt 0.202089 0.178464
vt 0.214601 0.174728
vt 0.206182 0.176173
vt 0.25265 0.182213
vt 0.281135 0.197052
vt 0.243757 0.196922
vt 0.21361 0.168381
vt 0.221911 0.169461
vt 0.201794 0.174752
vt 0.265348 0.174865
vt 0.297246 0.184252
vt 0.203775 0.181546
vt 0.206945 0.171328
vt 0.240452 0.179
vt 0.232786 0.170623
vt 0.276106 0.166202
vt 0.300645 0.154605
vt 0.266645 0.0673709
vt 0.256493 0.0691737
vt 0.205171 0.197249
vt 0.255291 0.160269
vt 0.243857 0.16691
vt 0.198741 0.171994
vt 0.193156 0.181464
vt 0.193895 0.176762
vt 0.191204 0.173374
vt 0.192919 0.166355
vt 0.190133 0.17861
vt 0.173415 0.173128
vt 0.202216 0.137652
vt 0.216416 0.128887
vt 0.217784 0.137419
vt 0.231389 0.132518
vt 0.221137 0.147536
vt 0.237459 0.143504
vt 0.267028 0.155663
vt 0.282561 0.157182
vt 0.274056 0.149942
vt 0.274168 0.143172
vt 0.220336 0.162758
vt 0.217287 0.158911
vt 0.223878 0.16173
vt 0.234015 0.151908
vt 0.227413 0.157094
vt 0.217104 0.0673983
vt 0.203389 0.0824122
vt 0.200941 0.0673709
vt 0.19994 0.154645
vt 0.180097 0.146679
vt 0.229038 0.163072
vt 0.171881 0.0787352
vt 0.167835 0.101035
vt 0.174626 0.126141
vt 0.193327 0.102317
vt 0.140547 0.137524
vt 0.155935 0.119222
vt 0.243464 0.156319
vt 0.235344 0.157775
vt 0.239146 0.154099
vt 0.224122 0.0783508
vt 0.256611 0.152328
vt 0.228796 0.116006
vt 0.160445 0.145469
vt 0.169753 0.161125
vt 0.252063 0.151245
vt 0.248492 0.154019
vt 0.245611 0.149379
vt 0.301079 0.166444
vt 0.284339 0.151297
vt 0.284452 0.136695
vt 0.290304 0.132464
vt 0.291768 0.137493
vt 0.293303 0.12826
vt 0.285296 0.127326
vt 0.260808 0.144245
vt 0.251705 0.134149
vt 0.271131 0.129195
vt 0.299377 0.102033
vt 0.27837 0.109126
vt 0.2788 0.103895
vt 0.273347 0.0987817
vt 0.29655 0.133243
vt 0.267847 0.147094
vt 0.271091 0.146452
vt 0.301079 0.117267
vt 0.284703 0.116346
vt 0.272195 0.138307
vt 0.27769 0.135016
vt 0.241822 0.0711891
vt 0.249893 0.0915167
vt 0.22424 0.0956729
vt 0.263006 0.149369
vt 0.205167 0.117788
vt 0.203676 0.16806
vt 0.272188 0.114366
vt 0.261715 0.103751
vt 0.264479 0.0873159
vt 0.230218 0.0673709
vt 0.182585 0.0673754
vt 0.154531 0.0673709
vt 0.143512 0.155197
vt 0.210271 0.16737
vt 0.217366 0.164392
vt 0.222587 0.164265
vt 0.183081 0.0852152
vt 0.262233 0.119795
vt 0.24739 0.114431
vt 0.209552 0.163208
vt 0.202792 0.16436
vt 0.238434 0.104371
vt 0.672237 0.616576
vt 0.684224 0.615884
vt 0.672382 0.623711
vt 0.681807 0.630601
vt 0.629634 0.460558
vt 0.62807 0.450428
vt 0.641355 0.455524
vt 0.68599 0.572606
vt 0.701339 0.575634
vt 0.689315 0.585504
vt 0.6446 0.560406
vt 0.616255 0.535075
vt 0.639626 0.543714
vt 0.652086 0.553014
vt 0.655628 0.550173
vt 0.65906 0.559749
vt 0.642674 0.598497
vt 0.657259 0.602978
vt 0.658485 0.615093
vt 0.652844 0.541458
vt 0.646866 0.542191
vt 0.664706 0.556396
vt 0.669403 0.605816
vt 0.659989 0.594626
vt 0.66519 0.492424
vt 0.651044 0.499741
vt 0.647791 0.485197
vt 0.621713 0.477782
vt 0.631277 0.476982
vt 0.629608 0.485609
vt 0.682484 0.557943
vt 0.674278 0.563422
vt 0.666016 0.544417
vt 0.675566 0.608876
vt 0.627295 0.505347
vt 0.620044 0.499981
vt 0.623212 0.493454
vt 0.641315 0.433083
vt 0.626558 0.437357
vt 0.63637 0.423602
vt 0.648514 0.512914
vt 0.665162 0.518644
vt 0.673513 0.578434
vt 0.655646 0.567418
vt 0.65956 0.584745
vt 0.621009 0.468526
vt 0.612849 0.463861
vt 0.624225 0.460988
vt 0.674044 0.644229
vt 0.672287 0.653783
vt 0.656764 0.645303
vt 0.679669 0.541776
vt 0.692387 0.544567
vt 0.690509 0.5545
vt 0.660492 0.625882
vt 0.67123 0.634907
vt 0.656419 0.635211
vt 0.652256 0.630723
vt 0.652506 0.528355
vt 0.643082 0.519612
vt 0.619395 0.501927
vt 0.620815 0.511747
vt 0.617193 0.495871
vt 0.653648 0.639305
vt 0.691635 0.413829
vt 0.66476 0.422004
vt 0.665245 0.394056
vt 0.655092 0.640575
vt 0.678962 0.431131
vt 0.647144 0.643815
vt 0.609696 0.500772
vt 0.629405 0.527309
vt 0.656512 0.413011
vt 0.640283 0.443763
vt 0.652069 0.425778
vt 0.651867 0.437887
vt 0.542479 0.563841
vt 0.644029 0.640349
vt 0.698207 0.526283
vt 0.650418 0.417737
vt 0.660136 0.548943
vt 0.662044 0.471197
vt 0.652093 0.476319
vt 0.647775 0.465746
vt 0.644965 0.53034
vt 0.681848 0.388948
vt 0.640506 0.533076
vt 0.607759 0.482472
vt 0.612762 0.477726
vt 0.618907 0.487297
vt 0.679625 0.590804
vt 0.68312 0.582655
vt 0.684269 0.644205
vt 0.698851 0.50123
vt 0.682873 0.480076
vt 0.634037 0.527687
vt 0.629677 0.516895
vt 0.605145 0.645836
vt 0.616579 0.445631
vt 0.617088 0.453714
vt 0.654078 0.453901
vt 0.662804 0.442405
vt 0.649943 0.460946
vt 0.672805 0.443917
vt 0.685127 0.4649
vt 0.636405 0.519524
vt 0.666559 0.567636
vt 0.681605 0.602849
vt 0.67449 0.600837
vt 0.704525 0.561159
vt 0.638959 0.508535
vt 0.643454 0.502972
vt 0.672564 0.591758
vt 0.671056 0.598319
vt 0.692503 0.564855
vt 0.638165 0.482504
vt 0.64173 0.475747
vt 0.637982 0.495017
vt 0.636108 0.465281
vt 0.627444 0.468426
vt 0.691132 0.595882
vt 0.703166 0.590653
vt 0.695818 0.604904
vt 0.6659 0.577558
vt 0.62665 0.508776
vt 0.630559 0.493871
vt 0.631209 0.501937
vt 0.666955 0.58642
vt 0.615892 0.491255
vt 0.653974 0.653012
vt 0.712816 0.943471
vt 0.707311 0.938962
vt 0.712234 0.938817
vt 0.668103 0.973284
vt 0.655827 0.971539
vt 0.654865 0.954952
vt 0.731718 0.871978
vt 0.745726 0.85834
vt 0.753526 0.878798
vt 0.714661 0.930958
vt 0.7136 0.934698
vt 0.707863 0.930952
vt 0.747448 0.891093
vt 0.738431 0.897634
vt 0.725827 0.892854
vt 0.718858 0.9736
vt 0.716084 0.963736
vt 0.722889 0.960503
vt 0.711134 0.971311
vt 0.70765 0.878933
vt 0.704745 0.854373
vt 0.725183 0.851793
vt 0.715329 0.835437
vt 0.700476 0.901252
vt 0.710977 0.898713
vt 0.706936 0.911489
vt 0.634663 0.941869
vt 0.622582 0.95549
vt 0.611464 0.944603
vt 0.734205 0.906335
vt 0.710052 0.963938
vt 0.715199 0.955669
vt 0.722239 0.953417
vt 0.717373 0.947984
vt 0.600123 0.950198
vt 0.583279 0.933638
vt 0.701822 0.891818
vt 0.689558 0.895692
vt 0.724362 0.942348
vt 0.636254 0.960268
vt 0.630963 0.968651
vt 0.624799 0.966472
vt 0.739433 0.919131
vt 0.744021 0.927051
vt 0.737845 0.927086
vt 0.731297 0.952495
vt 0.690585 0.869001
vt 0.674033 0.854777
vt 0.690907 0.847886
vt 0.74057 0.901974
vt 0.751312 0.909451
vt 0.67261 0.941583
vt 0.726687 0.974997
vt 0.728678 0.965371
vt 0.719221 0.934982
vt 0.724904 0.937171
vt 0.673722 0.884893
vt 0.657025 0.87601
vt 0.718953 0.93157
vt 0.702004 0.925188
vt 0.707678 0.922772
vt 0.600159 0.905295
vt 0.615154 0.928561
vt 0.733949 0.959374
vt 0.742463 0.9602
vt 0.661604 0.941412
vt 0.657902 0.931633
vt 0.642736 0.976629
vt 0.610377 0.964733
vt 0.617037 0.962939
vt 0.616495 0.96961
vt 0.719552 0.902266
vt 0.723623 0.906253
vt 0.716761 0.910272
vt 0.714052 0.926954
vt 0.72633 0.915894
vt 0.732219 0.922843
vt 0.736187 0.967135
vt 0.749696 0.969599
vt 0.742796 0.975179
vt 0.703355 0.971182
vt 0.611147 0.956381
vt 0.601458 0.960934
vt 0.716076 0.800678
vt 0.70226 0.828935
vt 0.668525 0.822952
vt 0.607343 0.975731
vt 0.610188 0.970741
vt 0.612636 0.976924
vt 0.741691 0.952182
vt 0.71195 0.810261
vt 0.604601 0.968731
vt 0.716983 0.92
vt 0.725145 0.924089
vt 0.624539 0.881132
vt 0.639902 0.916499
vt 0.589838 0.960441
vt 0.591645 0.949485
vt 0.732606 0.979525
vt 0.696895 0.915878
vt 0.654085 0.896058
vt 0.725367 0.931735
vt 0.732277 0.934267
vt 0.73393 0.939008
vt 0.585276 0.953436
vt 0.679279 0.920662
vt 0.666496 0.907652
vt 0.742497 0.933208
vt 0.731102 0.928758
vt 0.738678 0.944109
vt 0.595089 0.967499
vt 0.602159 0.973884
vt 0.746274 0.917691
vt 0.746262 0.921865
vt 0.720126 0.927298
vt 0.750592 0.92653
vt 0.683584 0.967567
vt 0.702578 0.951677
vt 0.694949 0.968543
vt 0.741132 0.92941
vt 0.69388 0.937685
vt 0.731905 0.943246
vt 0.621831 0.974248
vt 0.753434 0.964568
vt 0.73809 0.942327
vt 0.743806 0.943513
vt 0.740322 0.938523
vt 0.749834 0.941298
vt 0.746847 0.949765
vt 0.750324 0.95017
vt 0.740422 0.83649
vt 0.747555 0.797964
vt 0.763064 0.831185
vt 0.756879 0.961355
vt 0.747242 0.952525
vt 0.755615 0.956018
vt 0.72963 0.800789
vt 0.725463 0.8269
vt 0.77941 0.866238
vt 0.703743 0.960669
vt 0.708919 0.956205
vt 0.716098 0.939852
vt 0.711457 0.950551
vt 0.851854 0.0890586
vt 0.860171 0.0746535
vt 0.85549 0.0913423
vt 0.866978 0.0789661
vt 0.873869 0.0675714
vt 0.90934 0.107706
vt 0.920974 0.102044
vt 0.924756 0.113648
vt 0.924597 0.188461
vt 0.904677 0.187272
vt 0.91929 0.17594
vt 0.861716 0.0931154
vt 0.849134 0.105091
vt 0.928506 0.0967252
vt 0.919062 0.0900625
vt 0.936344 0.0928961
vt 0.883703 0.0782481
vt 0.883863 0.07364
vt 0.894457 0.0782712
vt 0.869558 0.0883402
vt 0.863688 0.0853366
vt 0.897656 0.205008
vt 0.914841 0.199848
vt 0.885815 0.065792
vt 0.89411 0.071617
vt 0.898792 0.094995
vt 0.908858 0.0991991
vt 0.898299 0.103369
vt 0.939915 0.184923
vt 0.947504 0.193934
vt 0.928211 0.203478
vt 0.944982 0.0825841
vt 0.961006 0.101622
vt 0.94818 0.0932135
vt 0.890423 0.107893
vt 0.8903 0.100565
vt 0.939309 0.133299
vt 0.935983 0.144727
vt 0.922225 0.13428
vt 0.882128 0.104424
vt 0.887199 0.0942369
vt 0.860728 0.0825501
vt 0.84735 0.0968589
vt 0.957774 0.176146
vt 0.953857 0.160604
vt 0.964027 0.155121
vt 0.90899 0.170323
vt 0.89059 0.169483
vt 0.90449 0.158455
vt 0.936444 0.106157
vt 0.935544 0.123022
vt 0.906881 0.118459
vt 0.957909 0.125696
vt 0.958372 0.138802
vt 0.949573 0.139397
vt 0.94269 0.17477
vt 0.943621 0.156249
vt 0.921966 0.157545
vt 0.945081 0.100735
vt 0.905957 0.145537
vt 0.890634 0.148501
vt 0.891293 0.136697
vt 0.934838 0.171974
vt 0.922888 0.122494
vt 0.875563 0.192223
vt 0.954082 0.149914
vt 0.860177 0.0863707
vt 0.910142 0.15433
vt 0.897607 0.128947
vt 0.875887 0.079841
vt 0.943786 0.116592
vt 0.936353 0.114018
vt 0.950729 0.112377
vt 0.948726 0.168921
vt 0.948259 0.12575
vt 0.92161 0.218731
vt 0.931824 0.213467
vt 0.912094 0.213344
vt 0.875828 0.0732225
vt 0.898214 0.110276
vt 0.912311 0.0800954
vt 0.924714 0.0824758
vt 0.905893 0.085391
vt 0.902406 0.0751331
vt 0.898402 0.0664378
vt 0.896921 0.08212
vt 0.891934 0.0850149
vt 0.911543 0.0759692
vt 0.908784 0.071441
vt 0.922446 0.0764349
vt 0.935363 0.0840228
vt 0.907322 0.0772654
vt 0.902864 0.079189
vt 0.887416 0.0815286
vt 0.881044 0.0843026
vt 0.884187 0.0864538
vt 0.876154 0.089451
vt 0.87897 0.095139
vt 0.959685 0.11399
vt 0.869848 0.0957179
vt 0.867837 0.102348
vt 0.863987 0.0969479
vt 0.873645 0.101373
vt 0.879571 0.113438
vt 0.873597 0.107645
vt 0.860141 0.10569
vt 0.862995 0.114314
vt 0.86718 0.110972
vt 0.855893 0.118479
vt 0.873294 0.115521
vt 0.888899 0.116918
vt 0.894465 0.11284
vt 0.880096 0.12179
vt 0.886768 0.125651
vt 0.879218 0.134078
vt 0.880645 0.159522
vt 0.867678 0.168759
vt 0.868244 0.116771
vt 0.852693 0.127806
vt 0.845617 0.1232
vt 0.861184 0.139164
vt 0.855443 0.144967
vt 0.85567 0.137354
vt 0.864206 0.122246
vt 0.859208 0.127186
vt 0.867651 0.145559
vt 0.870085 0.152994
vt 0.864175 0.156646
vt 0.8891 0.12992
vt 0.871395 0.124162
vt 0.877035 0.149566
vt 0.86565 0.127511
vt 0.863235 0.127061
vt 0.844943 0.137186
vt 0.835348 0.131534
vt 0.855936 0.155122
vt 0.862191 0.132126
vt 0.867532 0.133791
vt 0.0304 0.1164
vt 0.0276285 0.106007
vt 0.0391501 0.113795
vt 0.0354099 0.143489
vt 0.0409641 0.146434
vt 0.0390103 0.155781
vt 0.0428068 0.179334
vt 0.0503985 0.185178
vt 0.0473642 0.192489
vt 0.0325778 0.137224
vt 0.037164 0.13859
vt 0.0558411 0.191227
vt 0.0572773 0.199178
vt 0.0526835 0.199308
vt 0.051081 0.147573
vt 0.0548316 0.140493
vt 0.0612938 0.151199
vt 0.0569878 0.159378
vt 0.0510851 0.158932
vt 0.0896582 0.195972
vt 0.0706702 0.197232
vt 0.0722834 0.179783
vt 0.0627919 0.167581
vt 0.0684771 0.16225
vt 0.0821705 0.162603
vt 0.0289446 0.141651
vt 0.0209649 0.141317
vt 0.0225356 0.126619
vt 0.029184 0.131736
vt 0.0328739 0.130843
vt 0.0210023 0.118083
vt 0.0129738 0.11219
vt 0.0386876 0.168259
vt 0.044798 0.167696
vt 0.0216299 0.112405
vt 0.0149482 0.10149
vt 0.0456845 0.135734
vt 0.0434137 0.141547
vt 0.0383201 0.13206
vt 0.031137 0.165326
vt 0.0370044 0.173687
vt 0.0470318 0.149555
vt 0.0338602 0.125981
vt 0.027082 0.123154
vt 0.0559239 0.184429
vt 0.0506131 0.17632
vt 0.0651512 0.121319
vt 0.0510815 0.115198
vt 0.0612228 0.0803542
vt 0.0139874 0.12531
vt 0.0450371 0.154371
vt 0.0323283 0.180065
vt 0.0650209 0.178228
vt 0.0611406 0.17799
vt 0.0710719 0.148275
vt 0.0460468 0.160668
vt 0.0213439 0.104756
vt 0.0626126 0.137128
vt 0.041582 0.086403
vt 0.057221 0.167694
vt 0.031675 0.121763
vt 0.0763781 0.132225
vt 0.0516555 0.168238
vt 0.00551651 0.123343
vt 0.00668228 0.113795
vt 0.0320444 0.10098
vt 0.0386998 0.124569
vt 0.0279968 0.152483
vt 0.0227662 0.156077
vt 0.06061 0.191458
vt 0.0657561 0.186622
vt 0.0586269 0.204426
vt 0.0539392 0.204719
vt 0.062924 0.198042
vt 0.0559383 0.175943
vt 0.0510604 0.126769
vt 0.0468581 0.204267
vt 0.0830603 0.103255
vt 0.0393001 0.208988
vt 0.0403108 0.19697
vt 0.00273447 0.136568
vt 0.0393782 0.187557
vt 0.0598798 0.183387
vt 0.123102 0.110451
vt 0.124684 0.11762
vt 0.119886 0.114488
vt 0.0777742 0.0684554
vt 0.0934341 0.0834774
vt 0.100861 0.133078
vt 0.0888943 0.124718
vt 0.103554 0.116612
vt 0.104182 0.0873936
vt 0.105803 0.100545
vt 0.114827 0.113484
vt 0.11864 0.123471
vt 0.131826 0.120061
vt 0.125033 0.121945
vt 0.122835 0.120475
vt 0.0967662 0.101227
vt 0.116317 0.134716
vt 0.126659 0.129942
vt 0.113408 0.0919642
vt 0.136362 0.127877
vt 0.13082 0.143166
vt 0.136478 0.139644
vt 0.116686 0.104366
vt 0.0886414 0.207326
vt 0.0837845 0.208003
vt 0.0215415 0.165574
vt 0.0782966 0.204494
vt 0.0137067 0.15954
vt 0.0147777 0.165077
vt 0.0172994 0.170681
vt 0.0221755 0.174592
vt 0.0187443 0.177062
vt 0.0286386 0.188342
vt 0.0280532 0.181509
vt 0.0166448 0.18338
vt 0.007212 0.176695
vt 0.0194274 0.180295
vt 0.0244735 0.182016
vt 0.0194697 0.186751
vt 0.034257 0.189767
vt 0.0251087 0.201199
vt 0.020732 0.193837
vt 0.0281522 0.195431
vt 0.00213847 0.150775
vt 0.027639 0.174394
vt 5.1551e-05 0.191296
vt 0.034648 0.196647
vt 0.0308732 0.20483
vt 0.0248248 0.188726
vt 0.0253922 0.213716
vt 0.0179451 0.200011
vt 0.00851572 0.212027
vt 0.122297 0.166011
vt 0.115345 0.181444
vt 0.104652 0.168454
vt 0.106304 0.150491
vt 0.12066 0.148579
vt 0.129763 0.156397
vt 0.0782489 0.12036
vt 0.0884911 0.143861
vt 0.0943701 0.15622
vt 0.0999271 0.159841
vt 0.0838805 0.179575
vt 0.0922064 0.173884
vt 0.094372 0.164635
vt 0.0912199 0.183545
vt 0.0341546 0.212875
vt 0.101398 0.186931
vt 0.0386239 0.218152
vt 0.805155 0.90806
vt 0.798255 0.914636
vt 0.79791 0.905652
vt 0.84083 0.883003
vt 0.857836 0.888311
vt 0.849635 0.898533
vt 0.829068 0.865231
vt 0.833554 0.856042
vt 0.8383 0.866297
vt 0.818005 0.912763
vt 0.817445 0.90414
vt 0.823744 0.905365
vt 0.851474 0.939699
vt 0.844826 0.955015
vt 0.843103 0.937355
vt 0.909764 0.88824
vt 0.886748 0.87613
vt 0.90565 0.867442
vt 0.900246 0.902673
vt 0.888724 0.91615
vt 0.878156 0.89401
vt 0.837387 0.846999
vt 0.847882 0.844231
vt 0.840324 0.854511
vt 0.87954 0.929351
vt 0.876798 0.92734
vt 0.874138 0.923809
vt 0.847669 0.859018
vt 0.8221 0.894153
vt 0.834153 0.899333
vt 0.848214 0.914102
vt 0.828654 0.917025
vt 0.887373 0.929118
vt 0.891187 0.935648
vt 0.88024 0.934922
vt 0.867118 0.877278
vt 0.827138 0.826656
vt 0.824791 0.832742
vt 0.819632 0.823814
vt 0.82644 0.839973
vt 0.830942 0.831316
vt 0.831536 0.842766
vt 0.837834 0.836325
vt 0.92854 0.857037
vt 0.928414 0.883358
vt 0.917307 0.863048
vt 0.826108 0.852062
vt 0.832485 0.848325
vt 0.865494 0.907693
vt 0.928305 0.939983
vt 0.910604 0.925286
vt 0.927824 0.912382
vt 0.834865 0.940063
vt 0.838393 0.929635
vt 0.819602 0.84034
vt 0.811736 0.944969
vt 0.82567 0.938536
vt 0.825795 0.94495
vt 0.862014 0.918514
vt 0.868049 0.931548
vt 0.857945 0.927428
vt 0.896152 0.935534
vt 0.812962 0.907188
vt 0.811807 0.913824
vt 0.820985 0.931438
vt 0.851214 0.802996
vt 0.863722 0.792313
vt 0.858781 0.807847
vt 0.830544 0.819085
vt 0.840944 0.812771
vt 0.836566 0.825539
vt 0.825738 0.807846
vt 0.834284 0.809259
vt 0.854539 0.829652
vt 0.84475 0.82742
vt 0.811018 0.887317
vt 0.81345 0.881239
vt 0.816695 0.886927
vt 0.886259 0.806739
vt 0.870561 0.809788
vt 0.879751 0.792236
vt 0.875862 0.929612
vt 0.882487 0.826223
vt 0.859884 0.818517
vt 0.901013 0.79222
vt 0.818271 0.876513
vt 0.825227 0.875219
vt 0.822653 0.883974
vt 0.901725 0.813789
vt 0.909756 0.848397
vt 0.89971 0.832728
vt 0.911831 0.835776
vt 0.851203 0.816395
vt 0.928325 0.796764
vt 0.851985 0.871445
vt 0.864281 0.857703
vt 0.861458 0.840553
vt 0.85429 0.79222
vt 0.83177 0.803826
vt 0.831269 0.797327
vt 0.919305 0.824605
vt 0.92537 0.837958
vt 0.842933 0.801033
vt 0.848128 0.794438
vt 0.812374 0.897537
vt 0.812914 0.857247
vt 0.866457 0.827643
vt 0.888291 0.850048
vt 0.871979 0.840488
vt 0.900608 0.932738
vt 0.859705 0.936389
vt 0.850027 0.934
vt 0.836559 0.803037
vt 0.80972 0.936516
vt 0.839399 0.79348
vt 0.832136 0.944905
vt 0.859999 0.946841
vt 0.811805 0.872375
vt 0.82079 0.866661
vt 0.792139 0.898438
vt 0.801651 0.891802
vt 0.808073 0.881095
vt 0.798814 0.922677
vt 0.806638 0.919156
vt 0.804239 0.9293
vt 0.801121 0.874517
vt 0.787295 0.88758
vt 0.809992 0.838931
vt 0.800323 0.855651
vt 0.790186 0.872572
vt 0.786898 0.857226
vt 0.777244 0.880779
vt 0.795917 0.812768
vt 0.784027 0.834399
vt 0.779745 0.793645
vt 0.801512 0.79222
vt 0.798544 0.837336
vt 0.807694 0.823583
vt 0.810664 0.955328
vt 0.811787 0.809038
vt 0.802368 0.916321
vt 0.818409 0.922
vt 0.811701 0.927071
vt 0.813347 0.91967
vt 0.774682 0.848027
vt 0.773909 0.831921
vt 0.773909 0.813026
vt 0.827555 0.951723
vt 0.829011 0.884085
vt 0.831893 0.875098
vt 0.868819 0.937136
vt 0.822064 0.959734
vt 0.828502 0.877697
vt 0.819237 0.79222
vt 0.913967 0.947055
vt 0.872038 0.944908
vt 0.776029 0.146015
vt 0.781144 0.166151
vt 0.761072 0.153362
vt 0.753768 0.1258
vt 0.760904 0.121695
vt 0.76068 0.130886
vt 0.691199 0.13279
vt 0.682944 0.121501
vt 0.706733 0.118573
vt 0.70918 0.132676
vt 0.698544 0.140776
vt 0.746358 0.109489
vt 0.794176 0.195392
vt 0.797616 0.187624
vt 0.798972 0.195751
vt 0.688693 0.14642
vt 0.778772 0.111709
vt 0.774928 0.122628
vt 0.770468 0.114641
vt 0.811372 0.121898
vt 0.805532 0.109464
vt 0.834985 0.120184
vt 0.688196 0.155931
vt 0.68045 0.153802
vt 0.697782 0.149489
vt 0.790093 0.113656
vt 0.785546 0.134226
vt 0.795617 0.122348
vt 0.800834 0.121579
vt 0.795934 0.128776
vt 0.829416 0.139263
vt 0.81652 0.130117
vt 0.672998 0.146666
vt 0.673882 0.158
vt 0.714954 0.162384
vt 0.699475 0.174201
vt 0.703717 0.16038
vt 0.751034 0.136481
vt 0.7639 0.140835
vt 0.720119 0.143359
vt 0.712812 0.147761
vt 0.710861 0.142196
vt 0.719871 0.135467
vt 0.735164 0.127741
vt 0.741923 0.125088
vt 0.74074 0.130809
vt 0.766491 0.127585
vt 0.770418 0.134263
vt 0.696235 0.157234
vt 0.705498 0.151169
vt 0.711378 0.153643
vt 0.715408 0.178559
vt 0.820545 0.232595
vt 0.823737 0.221588
vt 0.828704 0.227548
vt 0.829472 0.183503
vt 0.843246 0.180117
vt 0.830211 0.192487
vt 0.691893 0.168011
vt 0.806107 0.129495
vt 0.68128 0.159919
vt 0.7706 0.215467
vt 0.77387 0.21971
vt 0.763863 0.222631
vt 0.700793 0.187432
vt 0.743204 0.147339
vt 0.74869 0.163946
vt 0.732036 0.15656
vt 0.724953 0.129664
vt 0.733024 0.118339
vt 0.6883 0.162744
vt 0.805011 0.142263
vt 0.674325 0.165661
vt 0.736338 0.137728
vt 0.728815 0.144518
vt 0.724602 0.138588
vt 0.831474 0.214327
vt 0.8231 0.212534
vt 0.833234 0.204509
vt 0.789586 0.151212
vt 0.806902 0.217802
vt 0.801347 0.227989
vt 0.791972 0.220164
vt 0.814583 0.179249
vt 0.817548 0.170417
vt 0.824507 0.176386
vt 0.684153 0.166741
vt 0.830338 0.177677
vt 0.82693 0.17994
vt 0.799154 0.160175
vt 0.816385 0.157296
vt 0.762671 0.113442
vt 0.765792 0.172285
vt 0.776221 0.229271
vt 0.781762 0.219762
vt 0.80294 0.178654
vt 0.810111 0.176935
vt 0.806479 0.183553
vt 0.747522 0.127841
vt 0.816707 0.217571
vt 0.81294 0.226077
vt 0.817282 0.205925
vt 0.730568 0.13295
vt 0.738273 0.183548
vt 0.726157 0.188809
vt 0.729916 0.171837
vt 0.738113 0.165398
vt 0.74326 0.174139
vt 0.746105 0.183663
vt 0.754652 0.184159
vt 0.744882 0.193192
vt 0.736117 0.192257
vt 0.713539 0.186847
vt 0.73327 0.202605
vt 0.805134 0.209788
vt 0.809244 0.201366
vt 0.761886 0.200982
vt 0.778796 0.198398
vt 0.767813 0.210547
vt 0.752599 0.197919
vt 0.742761 0.213322
vt 0.718589 0.125976
vt 0.833602 0.220036
vt 0.831276 0.151415
vt 0.852675 0.140729
vt 0.831185 0.162366
vt 0.817925 0.192295
vt 0.822225 0.1847
vt 0.847992 0.160506
vt 0.838703 0.170004
vt 0.807148 0.169836
vt 0.805439 0.238104
vt 0.79192 0.232094
vt 0.796111 0.17499
vt 0.835839 0.177558
vt 0.84304 0.172448
vt 0.816744 0.240718
vt 0.804329 0.190272
vt 0.813852 0.185898
vt 0.786323 0.183994
vt 0.776645 0.182643
vt 0.781959 0.235832
vt 0.853317 0.185539
vt 0.767534 0.187904
vt 0.789516 0.194125
vt 0.807672 0.194493
vt 0.775606 0.210185
vt 0.791064 0.19987
vt 0.844182 0.216653
vt 0.798234 0.204251
vt 0.78441 0.210003
vt 0.755939 0.216942
vt 0.795244 0.237189
vt 0.849275 0.202661
vt 0.766448 0.231946
vt 0.719535 0.205526
vt 0.714467 0.195276
vt 0.720415 0.149841
vt 0.402417 0.313051
vt 0.418211 0.3032
vt 0.414011 0.313439
vt 0.378242 0.315525
vt 0.393801 0.330883
vt 0.423718 0.318711
vt 0.43102 0.331772
vt 0.415522 0.3354
vt 0.408276 0.322541
vt 0.461736 0.304903
vt 0.482417 0.281101
vt 0.495509 0.307747
vt 0.464677 0.271127
vt 0.481019 0.266803
vt 0.444659 0.324789
vt 0.468365 0.3354
vt 0.436884 0.301761
vt 0.449776 0.284416
vt 0.426698 0.287793
vt 0.405067 0.293462
vt 0.302164 0.288828
vt 0.293102 0.282247
vt 0.299195 0.27293
vt 0.330555 0.255401
vt 0.319787 0.268249
vt 0.320156 0.2451
vt 0.295558 0.261111
vt 0.289185 0.271927
vt 0.307142 0.237712
vt 0.297833 0.245796
vt 0.293873 0.215232
vt 0.242637 0.268591
vt 0.244509 0.24179
vt 0.259601 0.267978
vt 0.350447 0.27382
vt 0.340168 0.279471
vt 0.337515 0.267364
vt 0.306388 0.258462
vt 0.313559 0.292128
vt 0.311535 0.281899
vt 0.28494 0.280644
vt 0.285152 0.287734
vt 0.314246 0.222804
vt 0.284381 0.255099
vt 0.291698 0.29085
vt 0.307409 0.273893
vt 0.319053 0.281833
vt 0.317572 0.287025
vt 0.270433 0.229913
vt 0.286357 0.234581
vt 0.328551 0.278108
vt 0.280127 0.21686
vt 0.326209 0.286361
vt 0.336577 0.287172
vt 0.331269 0.291603
vt 0.350237 0.281635
vt 0.346733 0.288292
vt 0.343865 0.285008
vt 0.276756 0.272179
vt 0.322157 0.293757
vt 0.331876 0.284548
vt 0.277106 0.286269
vt 0.261028 0.245409
vt 0.263273 0.284591
vt 0.246888 0.283413
vt 0.271578 0.255875
vt 0.339038 0.293303
vt 0.302233 0.190205
vt 0.218245 0.233036
vt 0.432704 0.235334
vt 0.42156 0.214302
vt 0.437148 0.218912
vt 0.337598 0.202291
vt 0.325807 0.208214
vt 0.326461 0.183753
vt 0.492385 0.222972
vt 0.459797 0.238259
vt 0.456174 0.222922
vt 0.327735 0.228323
vt 0.415518 0.280492
vt 0.430769 0.274302
vt 0.483421 0.246377
vt 0.474015 0.257156
vt 0.464621 0.255952
vt 0.433947 0.203792
vt 0.419877 0.193279
vt 0.359886 0.218777
vt 0.34185 0.221748
vt 0.349496 0.199744
vt 0.454459 0.259394
vt 0.46364 0.262216
vt 0.455681 0.267128
vt 0.343628 0.253217
vt 0.459413 0.25068
vt 0.447298 0.250565
vt 0.406913 0.22761
vt 0.401047 0.199692
vt 0.357202 0.279364
vt 0.424401 0.263613
vt 0.426416 0.257358
vt 0.431735 0.261682
vt 0.417135 0.267522
vt 0.404736 0.273819
vt 0.402164 0.267327
vt 0.344589 0.174762
vt 0.336969 0.185483
vt 0.41856 0.25993
vt 0.410454 0.262411
vt 0.360998 0.270976
vt 0.354655 0.261211
vt 0.402891 0.280437
vt 0.370038 0.261883
vt 0.318569 0.190158
vt 0.396149 0.259615
vt 0.390759 0.268198
vt 0.381783 0.263872
vt 0.441212 0.268771
vt 0.431681 0.266207
vt 0.441299 0.261018
vt 0.371649 0.271074
vt 0.41801 0.248727
vt 0.391446 0.274948
vt 0.399576 0.246141
vt 0.387169 0.231476
vt 0.365432 0.185454
vt 0.388545 0.288886
vt 0.44887 0.272014
vt 0.345998 0.295749
vt 0.335465 0.24051
vt 0.36973 0.297816
vt 0.374278 0.217185
vt 0.38608 0.207167
vt 0.407948 0.257098
vt 0.371373 0.235813
vt 0.452005 0.175404
vt 0.353195 0.238812
vt 0.363151 0.278399
vt 0.370516 0.277942
vt 0.360242 0.287671
vt 0.433401 0.252879
vt 0.404722 0.262457
vt 0.449693 0.203414
vt 0.38263 0.250323
vt 0.383634 0.175419
vt 0.472796 0.263773
vt 0.364326 0.250327
vt 0.353927 0.250903
vt 0.405024 0.175362
vt 0.358125 0.282654
vt 0.423892 0.174762
vt 0.377257 0.282814
vt 0.380617 0.272512
vt 0.414497 0.274033
vt 0.448425 0.267384
vt 0.480446 0.258611
vt 0.35339 0.304339
vt 0.474961 0.183505
vt 0.483984 0.19918
vt 0.227705 0.271394
vt 0.213714 0.276672
vt 0.848271 0.446078
vt 0.828554 0.460386
vt 0.837008 0.437469
vt 0.871994 0.455896
vt 0.827777 0.474566
vt 0.837136 0.487758
vt 0.842123 0.501348
vt 0.826802 0.496227
vt 0.808368 0.473257
vt 0.809083 0.476513
vt 0.803268 0.476189
vt 0.821902 0.486769
vt 0.812891 0.480501
vt 0.815244 0.472277
vt 0.858041 0.494915
vt 0.832037 0.506457
vt 0.821754 0.501931
vt 0.820156 0.457768
vt 0.781432 0.557552
vt 0.801968 0.555826
vt 0.78603 0.567612
vt 0.787471 0.467471
vt 0.779631 0.466148
vt 0.782161 0.46321
vt 0.792023 0.450679
vt 0.786154 0.450533
vt 0.791235 0.444507
vt 0.803041 0.469766
vt 0.804189 0.584636
vt 0.77528 0.584636
vt 0.78113 0.459816
vt 0.786621 0.459398
vt 0.798245 0.471196
vt 0.80068 0.473665
vt 0.793373 0.471886
vt 0.793211 0.466494
vt 0.797632 0.465898
vt 0.804706 0.464411
vt 0.807214 0.46883
vt 0.772404 0.452491
vt 0.796056 0.476555
vt 0.799806 0.461412
vt 0.793385 0.459859
vt 0.803662 0.456566
vt 0.792261 0.47453
vt 0.793607 0.455114
vt 0.79503 0.452635
vt 0.798389 0.456284
vt 0.81083 0.458427
vt 0.811334 0.468774
vt 0.794061 0.449757
vt 0.795117 0.441849
vt 0.79823 0.450084
vt 0.784843 0.471602
vt 0.782722 0.474834
vt 0.775924 0.471558
vt 0.888802 0.457635
vt 0.875507 0.510986
vt 0.789854 0.472691
vt 0.789971 0.431494
vt 0.855319 0.539667
vt 0.860346 0.521129
vt 0.78236 0.479205
vt 0.776588 0.476427
vt 0.784513 0.484178
vt 0.779988 0.483088
vt 0.778105 0.490081
vt 0.788778 0.477213
vt 0.785881 0.493253
vt 0.775825 0.496909
vt 0.802343 0.442516
vt 0.807336 0.43312
vt 0.807052 0.447029
vt 0.791191 0.498312
vt 0.783911 0.504947
vt 0.783669 0.499126
vt 0.772994 0.502659
vt 0.779574 0.501853
vt 0.795862 0.50711
vt 0.800089 0.506362
vt 0.798643 0.514814
vt 0.804812 0.50266
vt 0.797494 0.501015
vt 0.791985 0.504378
vt 0.838332 0.413801
vt 0.819866 0.440238
vt 0.819199 0.425583
vt 0.787871 0.50915
vt 0.780879 0.50969
vt 0.798899 0.435748
vt 0.814908 0.413801
vt 0.765879 0.559634
vt 0.796689 0.491593
vt 0.792617 0.415491
vt 0.774985 0.500224
vt 0.773009 0.509989
vt 0.77549 0.50699
vt 0.811338 0.424378
vt 0.765838 0.504943
vt 0.805201 0.419914
vt 0.882505 0.413801
vt 0.765705 0.525218
vt 0.765705 0.520602
vt 0.769774 0.518801
vt 0.775498 0.514551
vt 0.765705 0.513265
vt 0.783501 0.51325
vt 0.803661 0.509125
vt 0.807699 0.52066
vt 0.886903 0.545956
vt 0.873802 0.584636
vt 0.888802 0.54177
vt 0.817754 0.495194
vt 0.816545 0.499326
vt 0.814915 0.505957
vt 0.824812 0.515518
vt 0.792108 0.484284
vt 0.811052 0.497755
vt 0.81006 0.490388
vt 0.799223 0.482344
vt 0.806034 0.48564
vt 0.805197 0.480774
vt 0.80262 0.491625
vt 0.805659 0.495418
vt 0.765716 0.573728
vt 0.801967 0.485542
vt 0.801313 0.497919
vt 0.79907 0.495888
vt 0.770381 0.548169
vt 0.769994 0.523637
vt 0.767114 0.52835
vt 0.778915 0.517273
vt 0.773627 0.519328
vt 0.774167 0.522099
vt 0.769162 0.52907
vt 0.785157 0.515374
vt 0.78169 0.519365
vt 0.773949 0.527013
vt 0.79223 0.508824
vt 0.788133 0.513887
vt 0.787766 0.517535
vt 0.782981 0.523465
vt 0.792724 0.513274
vt 0.787444 0.523537
vt 0.790608 0.518744
vt 0.81002 0.511593
vt 0.819096 0.521729
vt 0.81926 0.543125
vt 0.802652 0.533597
vt 0.792033 0.523307
vt 0.775418 0.530015
vt 0.782267 0.528862
vt 0.770489 0.538981
vt 0.83691 0.539652
vt 0.784148 0.537876
vt 0.800739 0.522859
vt 0.839426 0.583654
vt 0.787636 0.438914
vt 0.784586 0.438485
vt 0.784903 0.437153
vt 0.78517 0.434355
vt 0.785759 0.443212
vt 0.777037 0.442182
vt 0.304152 0.923086
vt 0.299351 0.928038
vt 0.294987 0.919923
vt 0.329613 0.973635
vt 0.294886 0.957406
vt 0.315053 0.943839
vt 0.301847 0.938019
vt 0.306105 0.931142
vt 0.314738 0.932111
vt 0.24191 0.938038
vt 0.260459 0.946795
vt 0.253433 0.953515
vt 0.313725 0.874878
vt 0.322876 0.873948
vt 0.314439 0.882854
vt 0.276867 0.954187
vt 0.291058 0.940356
vt 0.361526 0.907067
vt 0.350695 0.915997
vt 0.351009 0.894819
vt 0.228932 0.937529
vt 0.240898 0.960161
vt 0.232446 0.960008
vt 0.34402 0.931228
vt 0.343451 0.925397
vt 0.348049 0.930167
vt 0.382905 0.94733
vt 0.381681 0.920906
vt 0.388706 0.92226
vt 0.343941 0.938192
vt 0.339769 0.932965
vt 0.245929 0.95332
vt 0.362137 0.968167
vt 0.347259 0.96056
vt 0.24988 0.935406
vt 0.255463 0.93528
vt 0.272194 0.93112
vt 0.27283 0.922762
vt 0.278344 0.930774
vt 0.26974 0.942465
vt 0.265866 0.930516
vt 0.260444 0.931428
vt 0.278022 0.939479
vt 0.2349 0.917561
vt 0.392831 0.912998
vt 0.388947 0.902653
vt 0.349495 0.935199
vt 0.367919 0.953308
vt 0.360611 0.936153
vt 0.365005 0.925044
vt 0.285644 0.929409
vt 0.283347 0.938813
vt 0.275667 0.907439
vt 0.278113 0.91592
vt 0.271101 0.915775
vt 0.292655 0.929653
vt 0.246932 0.910054
vt 0.245767 0.917787
vt 0.374827 0.907867
vt 0.21346 0.941366
vt 0.228415 0.962312
vt 0.244508 0.972582
vt 0.357986 0.94286
vt 0.348857 0.940924
vt 0.353436 0.937624
vt 0.238809 0.882424
vt 0.227352 0.894276
vt 0.226217 0.860891
vt 0.259918 0.962148
vt 0.321497 0.934821
vt 0.339865 0.930772
vt 0.333222 0.927608
vt 0.377306 0.948987
vt 0.375529 0.931489
vt 0.265632 0.921584
vt 0.223099 0.940456
vt 0.328032 0.942974
vt 0.355562 0.937221
vt 0.307784 0.879429
vt 0.342503 0.949199
vt 0.272217 0.869733
vt 0.279123 0.877603
vt 0.267166 0.879686
vt 0.298935 0.880715
vt 0.295045 0.870482
vt 0.307356 0.871847
vt 0.336749 0.937983
vt 0.194638 0.935284
vt 0.215808 0.950429
vt 0.220747 0.960114
vt 0.329055 0.934489
vt 0.25365 0.961408
vt 0.246755 0.980054
vt 0.311898 0.905962
vt 0.319692 0.91376
vt 0.310083 0.917766
vt 0.216738 0.881099
vt 0.282579 0.896099
vt 0.277889 0.886989
vt 0.289534 0.88739
vt 0.278941 0.923859
vt 0.323019 0.901813
vt 0.313504 0.894723
vt 0.321833 0.891646
vt 0.251554 0.884999
vt 0.244924 0.898116
vt 0.264333 0.867836
vt 0.254625 0.861149
vt 0.334237 0.892383
vt 0.32864 0.881344
vt 0.346217 0.869097
vt 0.290957 0.893188
vt 0.250735 0.924563
vt 0.244579 0.926755
vt 0.210311 0.924292
vt 0.246461 0.868352
vt 0.259072 0.92194
vt 0.264143 0.911899
vt 0.302643 0.898471
vt 0.301906 0.910658
vt 0.288197 0.878822
vt 0.31567 0.918832
vt 0.319358 0.921094
vt 0.325311 0.920114
vt 0.321981 0.927313
vt 0.308547 0.888005
vt 0.334801 0.912081
vt 0.314948 0.923772
vt 0.30465 0.885781
vt 0.275678 0.860527
vt 0.264478 0.860488
vt 0.289886 0.906058
vt 0.204977 0.868432
vt 0.284363 0.869538
vt 0.270859 0.898753
vt 0.354006 0.929917
vt 0.284456 0.918822
vt 0.287508 0.860686
vt 0.30229 0.917867
vt 0.297895 0.860488
vt 0.256467 0.905054
vt 0.302569 0.889438
vt 0.309809 0.925586
vt 0.221728 0.916088
vt 0.197926 0.924083
vt 0.321154 0.864888
vt 0.332491 0.866843
vt 0.385314 0.963867
vt 0.194454 0.908999
vt 0.369913 0.883903
vt 0.36305 0.864856
vt 0.210832 0.900093
vt 0.392219 0.870937
vt 0.2887 0.924404
vt 0.198555 0.895711
vt 0.302992 0.86616
vt 0.262662 0.894921
vt 0.296905 0.893234
vt 0.312663 0.86051
vt 0.253857 0.915191
vt 0.297203 0.888662
vt 0.597892 0.741469
vt 0.599064 0.729142
vt 0.604029 0.73478
vt 0.5812 0.794024
vt 0.57233 0.808241
vt 0.571382 0.784197
vt 0.585948 0.712711
vt 0.57192 0.724888
vt 0.564594 0.706819
vt 0.689514 0.792447
vt 0.68259 0.785122
vt 0.690217 0.782605
vt 0.679984 0.794428
vt 0.686214 0.799401
vt 0.690985 0.798661
vt 0.68371 0.808768
vt 0.69374 0.796951
vt 0.694397 0.801284
vt 0.600157 0.791485
vt 0.603065 0.805041
vt 0.596699 0.803611
vt 0.580448 0.740486
vt 0.585841 0.752574
vt 0.576392 0.75964
vt 0.583581 0.775913
vt 0.604776 0.726416
vt 0.593811 0.755145
vt 0.601118 0.750897
vt 0.600106 0.764137
vt 0.605401 0.755341
vt 0.60559 0.763123
vt 0.588246 0.798996
vt 0.583612 0.810534
vt 0.59187 0.733893
vt 0.686677 0.776399
vt 0.586692 0.76259
vt 0.527964 0.693946
vt 0.532508 0.691181
vt 0.541353 0.703444
vt 0.605077 0.743599
vt 0.608597 0.739036
vt 0.552909 0.696056
vt 0.563811 0.689551
vt 0.590223 0.744857
vt 0.543061 0.683143
vt 0.512895 0.708747
vt 0.517972 0.697695
vt 0.527455 0.716124
vt 0.585571 0.726409
vt 0.530683 0.804993
vt 0.557178 0.786602
vt 0.55125 0.82121
vt 0.594643 0.689083
vt 0.578912 0.671512
vt 0.594482 0.676185
vt 0.581768 0.69642
vt 0.597499 0.701289
vt 0.588571 0.787129
vt 0.594526 0.721509
vt 0.592364 0.772187
vt 0.593367 0.795419
vt 0.593295 0.812251
vt 0.590511 0.804984
vt 0.609942 0.691875
vt 0.607396 0.703237
vt 0.604891 0.696544
vt 0.606595 0.775741
vt 0.617856 0.69073
vt 0.61759 0.677062
vt 0.625056 0.668633
vt 0.547737 0.65893
vt 0.599075 0.710953
vt 0.613121 0.682032
vt 0.61082 0.673279
vt 0.61652 0.671011
vt 0.55964 0.743403
vt 0.549575 0.722872
vt 0.604736 0.681517
vt 0.603502 0.68732
vt 0.549668 0.776628
vt 0.544151 0.760764
vt 0.561773 0.765367
vt 0.609806 0.748366
vt 0.605494 0.749557
vt 0.530785 0.741793
vt 0.50574 0.726235
vt 0.514042 0.777164
vt 0.535302 0.779704
vt 0.616254 0.70793
vt 0.612197 0.698451
vt 0.623821 0.735847
vt 0.618225 0.752678
vt 0.614511 0.741814
vt 0.610446 0.730838
vt 0.602049 0.719776
vt 0.607833 0.71249
vt 0.484626 0.70312
vt 0.477541 0.729098
vt 0.467667 0.714996
vt 0.48929 0.745003
vt 0.624242 0.718835
vt 0.624747 0.708717
vt 0.63168 0.710913
vt 0.629339 0.696508
vt 0.500588 0.692738
vt 0.615735 0.721599
vt 0.636046 0.725268
vt 0.605243 0.700508
vt 0.640369 0.713311
vt 0.607758 0.682876
vt 0.603356 0.673566
vt 0.638206 0.703691
vt 0.651333 0.7096
vt 0.671713 0.694656
vt 0.675714 0.684417
vt 0.679806 0.69499
vt 0.661231 0.697432
vt 0.667072 0.686305
vt 0.675033 0.674888
vt 0.668261 0.677451
vt 0.645719 0.692663
vt 0.65643 0.680816
vt 0.642187 0.66467
vt 0.503824 0.755926
vt 0.672731 0.670616
vt 0.660314 0.662339
vt 0.608347 0.720462
vt 0.686901 0.689229
vt 0.594424 0.785164
vt 0.689496 0.693643
vt 0.684924 0.696728
vt 0.685134 0.70635
vt 0.677763 0.701839
vt 0.67133 0.704551
vt 0.676759 0.709924
vt 0.671989 0.711094
vt 0.68673 0.720161
vt 0.675837 0.717973
vt 0.666466 0.714168
vt 0.672165 0.767112
vt 0.683083 0.770095
vt 0.673477 0.783401
vt 0.674757 0.732631
vt 0.68722 0.731411
vt 0.620285 0.781227
vt 0.631201 0.761477
vt 0.63558 0.788677
vt 0.658657 0.728173
vt 0.664322 0.753335
vt 0.647293 0.743583
vt 0.687655 0.741193
vt 0.645845 0.721871
vt 0.681033 0.778351
vt 0.684462 0.755455
vt 0.636031 0.741746
vt 0.616957 0.766745
vt 0.622045 0.806419
vt 0.623289 0.819546
vt 0.612901 0.80926
vt 0.609938 0.793695
vt 0.62067 0.797621
vt 0.599465 0.81251
vt 0.663704 0.774765
vt 0.610077 0.761116
vt 0.669229 0.818907
vt 0.672068 0.80125
vt 0.598387 0.778361
vt 0.630022 0.806988
vt 0.651128 0.772915
vt 0.688677 0.701216
vt 0.605532 0.817879
vt 0.660065 0.793831
vt 0.648078 0.795246
vt 0.610732 0.715445
vt 0.645754 0.821529
vt 0.610491 0.816337
vt 0.0957071 0.55507
vt 0.103728 0.559573
vt 0.0997063 0.568237
vt 0.0782037 0.596574
vt 0.092902 0.580306
vt 0.0903268 0.600176
vt 0.104684 0.494946
vt 0.104468 0.503679
vt 0.102979 0.498461
vt 0.0870696 0.623638
vt 0.0832578 0.630126
vt 0.0784339 0.619186
vt 0.105542 0.481865
vt 0.104028 0.486648
vt 0.102173 0.477101
vt 0.100198 0.490472
vt 0.102749 0.540957
vt 0.104995 0.550197
vt 0.1252 0.639594
vt 0.0956546 0.649648
vt 0.107026 0.62863
vt 0.0877478 0.640397
vt 0.0833152 0.647582
vt 0.0810997 0.64236
vt 0.0936883 0.619047
vt 0.0915076 0.627564
vt 0.113322 0.657961
vt 0.14445 0.657961
vt 0.143191 0.6429
vt 0.153853 0.635326
vt 0.0934034 0.634453
vt 0.097172 0.625568
vt 0.102051 0.616813
vt 0.0959248 0.539068
vt 0.087989 0.629943
vt 0.115252 0.58021
vt 0.10733 0.577799
vt 0.110073 0.568991
vt 0.0852399 0.635847
vt 0.0685106 0.624705
vt 0.0765147 0.631303
vt 0.068157 0.639014
vt 0.0869265 0.612323
vt 0.0797634 0.636953
vt 0.0756155 0.640764
vt 0.0651854 0.631998
vt 0.101726 0.586081
vt 0.0962737 0.59269
vt 0.108972 0.56039
vt 0.108966 0.553256
vt 0.113761 0.553324
vt 0.105092 0.568775
vt 0.0777505 0.490973
vt 0.0618778 0.503402
vt 0.0609981 0.462469
vt 0.099572 0.514563
vt 0.101734 0.508563
vt 0.110527 0.514133
vt 0.0979296 0.499756
vt 0.101101 0.531419
vt 0.106375 0.530374
vt 0.101258 0.525646
vt 0.104624 0.520902
vt 0.101088 0.575383
vt 0.0800414 0.56761
vt 0.0958428 0.507906
vt 0.0841241 0.544635
vt 0.093414 0.609552
vt 0.0983786 0.608984
vt 0.0920199 0.52818
vt 0.0975613 0.520241
vt 0.0635974 0.599113
vt 0.0624216 0.576244
vt 0.0572677 0.633045
vt 0.0590871 0.61403
vt 0.0497332 0.597728
vt 0.0482001 0.577202
vt 0.0951939 0.60236
vt 0.101007 0.596772
vt 0.0416177 0.570534
vt 0.040272 0.579292
vt 0.109788 0.542257
vt 0.0866575 0.512689
vt 0.0901149 0.498297
vt 0.0371391 0.523838
vt 0.0585966 0.523501
vt 0.0591796 0.536852
vt 0.0482226 0.618837
vt 0.0380095 0.591104
vt 0.108431 0.486609
vt 0.0392987 0.642583
vt 0.0262992 0.616144
vt 0.0602049 0.561314
vt 0.0667449 0.552451
vt 0.11155 0.474255
vt 0.108824 0.587074
vt 0.0478186 0.512424
vt 0.103845 0.5906
vt 0.0579323 0.555183
vt 0.0544226 0.563957
vt 0.0893806 0.478816
vt 0.0694511 0.610655
vt 0.0467647 0.561938
vt 0.0530359 0.555642
vt 0.0555022 0.547723
vt 0.0739316 0.52838
vt 0.124712 0.454179
vt 0.113663 0.461139
vt 0.107157 0.466384
vt 0.101874 0.455713
vt 0.0263656 0.547408
vt 0.0298527 0.533775
vt 0.0445894 0.550053
vt 0.127555 0.619447
vt 0.113538 0.609614
vt 0.125415 0.606209
vt 0.154108 0.48543
vt 0.152006 0.503384
vt 0.138004 0.492736
vt 0.164773 0.501502
vt 0.173023 0.480798
vt 0.186984 0.509202
vt 0.0364229 0.576475
vt 0.035237 0.585411
vt 0.175359 0.563606
vt 0.154403 0.574851
vt 0.155845 0.551224
vt 0.10714 0.564231
vt 0.1595 0.522631
vt 0.18049 0.537599
vt 0.138833 0.531375
vt 0.124096 0.52235
vt 0.132432 0.518724
vt 0.124545 0.5064
vt 0.120417 0.484481
vt 0.121849 0.594186
vt 0.137453 0.564906
vt 0.193607 0.570024
vt 0.193338 0.59561
vt 0.173885 0.591729
vt 0.132424 0.608977
vt 0.193174 0.628446
vt 0.135398 0.548819
vt 0.115063 0.564724
vt 0.123692 0.571469
vt 0.11103 0.497582
vt 0.14214 0.512796
vt 0.150405 0.589847
vt 0.136929 0.598908
vt 0.134426 0.582624
vt 0.125161 0.538808
vt 0.0345774 0.561072
vt 0.122414 0.58181
vt 0.116407 0.54348
vt 0.113751 0.530329
vt 0.192607 0.550581
vt 0.0862511 0.44157
vt 0.15831 0.606319
vt 0.049066 0.540033
vt 0.123298 0.555172
vt 0.167895 0.62897
vt 0.138638 0.462534
vt 0.108751 0.523409
vt 0.144996 0.614626
vt 0.105004 0.604081
vt 0.105385 0.595144
vt 0.0262992 0.462227
vt 0.0286769 0.44157
vt 0.111251 0.595715
vt 0.0359653 0.570032
vt 0.0262992 0.495451
vt 0.156591 0.457992
vt 0.171995 0.465584
vt 0.350092 0.846489
vt 0.33309 0.843764
vt 0.334161 0.821173
vt 0.349605 0.646833
vt 0.335281 0.658712
vt 0.333447 0.647722
vt 0.417576 0.743774
vt 0.402695 0.740878
vt 0.408443 0.73037
vt 0.351042 0.748186
vt 0.355966 0.741099
vt 0.361563 0.749686
vt 0.297767 0.771755
vt 0.277437 0.767867
vt 0.303373 0.76001
vt 0.286525 0.835666
vt 0.289261 0.844616
vt 0.28273 0.840737
vt 0.340746 0.6371
vt 0.381315 0.660212
vt 0.369961 0.661194
vt 0.377748 0.649619
vt 0.322837 0.773328
vt 0.30798 0.78125
vt 0.31186 0.768676
vt 0.323845 0.759667
vt 0.290248 0.750882
vt 0.320745 0.643596
vt 0.357977 0.7639
vt 0.340228 0.764558
vt 0.351162 0.754934
vt 0.369453 0.646754
vt 0.361527 0.638962
vt 0.321527 0.74917
vt 0.36049 0.654987
vt 0.353567 0.66745
vt 0.331424 0.67254
vt 0.307275 0.719254
vt 0.315949 0.736522
vt 0.292486 0.734365
vt 0.318527 0.634357
vt 0.346739 0.72959
vt 0.3402 0.741846
vt 0.354153 0.63001
vt 0.36852 0.630392
vt 0.372473 0.639634
vt 0.340122 0.624937
vt 0.377397 0.621569
vt 0.382828 0.63559
vt 0.360455 0.617665
vt 0.289798 0.782481
vt 0.282148 0.794511
vt 0.271448 0.780915
vt 0.298305 0.645139
vt 0.338258 0.61938
vt 0.372566 0.717763
vt 0.355636 0.710255
vt 0.380153 0.705243
vt 0.400122 0.685094
vt 0.392998 0.695476
vt 0.392229 0.678091
vt 0.289091 0.817052
vt 0.281767 0.805999
vt 0.294815 0.808063
vt 0.270383 0.74399
vt 0.26801 0.797151
vt 0.465526 0.760057
vt 0.461831 0.787428
vt 0.450264 0.764498
vt 0.34656 0.691985
vt 0.32754 0.705711
vt 0.308109 0.748374
vt 0.331953 0.718928
vt 0.487071 0.757345
vt 0.475259 0.768971
vt 0.476304 0.750782
vt 0.376958 0.68229
vt 0.383649 0.691935
vt 0.367922 0.694157
vt 0.319358 0.618519
vt 0.327445 0.61827
vt 0.326634 0.623218
vt 0.274816 0.811037
vt 0.27019 0.755417
vt 0.337697 0.751996
vt 0.285582 0.848221
vt 0.296397 0.845529
vt 0.313061 0.655257
vt 0.363371 0.732704
vt 0.309735 0.62673
vt 0.386573 0.718909
vt 0.374348 0.728575
vt 0.363694 0.724102
vt 0.302081 0.822137
vt 0.483657 0.774345
vt 0.28666 0.659872
vt 0.297504 0.708259
vt 0.312077 0.704338
vt 0.37486 0.754376
vt 0.3173 0.691125
vt 0.276475 0.702493
vt 0.370911 0.740497
vt 0.484845 0.80038
vt 0.325737 0.794241
vt 0.301938 0.796313
vt 0.298593 0.835192
vt 0.282463 0.823241
vt 0.332148 0.613616
vt 0.304303 0.674426
vt 0.379124 0.609986
vt 0.366159 0.849886
vt 0.364448 0.834266
vt 0.335414 0.617165
vt 0.275524 0.72455
vt 0.38625 0.737257
vt 0.335046 0.77822
vt 0.359809 0.609297
vt 0.367676 0.608329
vt 0.346788 0.774526
vt 0.371442 0.670653
vt 0.383751 0.671034
vt 0.361799 0.679603
vt 0.350079 0.615285
vt 0.399369 0.725676
vt 0.398021 0.713313
vt 0.403498 0.712008
vt 0.355437 0.785272
vt 0.341954 0.788919
vt 0.342117 0.679514
vt 0.268988 0.789046
vt 0.273211 0.682286
vt 0.299804 0.636284
vt 0.413556 0.701415
vt 0.417621 0.714952
vt 0.350996 0.810043
vt 0.39313 0.707376
vt 0.466431 0.746481
vt 0.314231 0.834527
vt 0.314475 0.848741
vt 0.40688 0.719366
vt 0.314811 0.816127
vt 0.438453 0.78304
vt 0.393506 0.756624
vt 0.410661 0.755288
vt 0.405997 0.769897
vt 0.376169 0.818203
vt 0.391026 0.80172
vt 0.40191 0.823957
vt 0.441711 0.748703
vt 0.431301 0.737443
vt 0.442966 0.741851
vt 0.469693 0.805863
vt 0.371986 0.79243
vt 0.454443 0.739151
vt 0.458027 0.75276
vt 0.390766 0.778175
vt 0.449432 0.748927
vt 0.411908 0.851829
vt 0.389301 0.85806
vt 0.420771 0.755988
vt 0.421034 0.769384
vt 0.414413 0.792638
vt 0.439643 0.818594
vt 0.45841 0.809617
vt 0.378142 0.776504
vt 0.441678 0.7285
vt 0.356574 0.774872
vt 0.368331 0.772444
vt 0.432798 0.757914
vt 0.419828 0.815329
vt 0.325003 0.849501
vt 0.423358 0.830239
vt 0.390912 0.656559
vt 0.381469 0.766652
vt 0.416979 0.727399
vt 0.471697 0.736918
vt 0.306545 0.852897
vt 0.30258 0.856866
vt 0.482694 0.741701
vt 0.434676 0.702297
vt 0.427691 0.723012
vt 0.29437 0.852498
vt 0.423275 0.662177
vt 0.462493 0.718863
vt 0.484574 0.663712
vt 0.401683 0.697272
vt 0.29102 0.855859
vt 0.403437 0.61401
vt 0.576408 0.860097
vt 0.575111 0.873338
vt 0.550155 0.880173
vt 0.558563 0.88612
vt 0.558383 0.887491
vt 0.557061 0.889207
vt 0.40995 0.949816
vt 0.420737 0.93948
vt 0.421821 0.958786
vt 0.44873 0.948413
vt 0.447556 0.964427
vt 0.441167 0.954648
vt 0.539948 0.864698
vt 0.529902 0.808872
vt 0.423703 0.867428
vt 0.415667 0.867713
vt 0.426722 0.860757
vt 0.529665 0.935636
vt 0.524974 0.928197
vt 0.530966 0.92652
vt 0.442326 0.899796
vt 0.433003 0.908966
vt 0.42903 0.892207
vt 0.570248 0.923157
vt 0.575331 0.926573
vt 0.573363 0.934156
vt 0.560781 0.899028
vt 0.556486 0.892174
vt 0.561956 0.892477
vt 0.532895 0.920655
vt 0.524915 0.919436
vt 0.566257 0.930159
vt 0.560064 0.920127
vt 0.4592 0.955491
vt 0.521747 0.936943
vt 0.468884 0.927789
vt 0.448678 0.925246
vt 0.459126 0.907054
vt 0.460575 0.812201
vt 0.485797 0.848218
vt 0.51308 0.902711
vt 0.506916 0.896109
vt 0.514302 0.894706
vt 0.459591 0.942297
vt 0.474021 0.952921
vt 0.442814 0.867432
vt 0.429221 0.872582
vt 0.394793 0.960413
vt 0.404275 0.982064
vt 0.442513 0.861172
vt 0.434458 0.852248
vt 0.40379 0.923292
vt 0.417717 0.924463
vt 0.406491 0.937368
vt 0.521232 0.896432
vt 0.433217 0.962994
vt 0.435366 0.944636
vt 0.524003 0.951969
vt 0.491996 0.941726
vt 0.508207 0.945264
vt 0.490872 0.963601
vt 0.532562 0.904159
vt 0.532209 0.892143
vt 0.45946 0.968897
vt 0.579205 0.938563
vt 0.573815 0.941505
vt 0.507066 0.96729
vt 0.493088 0.980919
vt 0.513178 0.914982
vt 0.506544 0.907057
vt 0.560998 0.888096
vt 0.577539 0.94592
vt 0.455523 0.846164
vt 0.470707 0.865022
vt 0.431663 0.925351
vt 0.474893 0.912515
vt 0.476351 0.900694
vt 0.49311 0.895139
vt 0.488515 0.907592
vt 0.52201 0.909306
vt 0.446052 0.98997
vt 0.568454 0.948567
vt 0.580038 0.954701
vt 0.469167 0.981311
vt 0.449741 0.862044
vt 0.448361 0.867395
vt 0.530032 0.913003
vt 0.400622 0.945976
vt 0.567142 0.879808
vt 0.565385 0.882768
vt 0.55459 0.898646
vt 0.559658 0.906177
vt 0.517107 0.927623
vt 0.437096 0.972006
vt 0.420142 0.985873
vt 0.515057 0.980839
vt 0.50316 0.984981
vt 0.492254 0.928357
vt 0.504409 0.926765
vt 0.575839 0.91957
vt 0.419115 0.899149
vt 0.424111 0.912958
vt 0.412721 0.911379
vt 0.418033 0.886687
vt 0.429456 0.880755
vt 0.556252 0.886393
vt 0.579809 0.929822
vt 0.567627 0.902389
vt 0.495119 0.917852
vt 0.497753 0.900765
vt 0.566169 0.938832
vt 0.446819 0.854811
vt 0.568065 0.887479
vt 0.574798 0.898115
vt 0.538238 0.907481
vt 0.53995 0.902908
vt 0.543597 0.908745
vt 0.403757 0.899249
vt 0.551116 0.889994
vt 0.543362 0.895516
vt 0.403674 0.886693
vt 0.412503 0.87667
vt 0.38947 0.941891
vt 0.499007 0.90713
vt 0.423851 0.873603
vt 0.572347 0.904794
vt 0.568298 0.912011
vt 0.557957 0.960867
vt 0.573235 0.980631
vt 0.552455 0.987402
vt 0.513511 0.875843
vt 0.548262 0.919967
vt 0.537911 0.914906
vt 0.489875 0.884729
vt 0.498965 0.888476
vt 0.501806 0.890733
vt 0.483308 0.921842
vt 0.482633 0.935382
vt 0.539545 0.930058
vt 0.503426 0.913609
vt 0.48635 0.872858
vt 0.574806 0.882775
vt 0.571289 0.878038
vt 0.56931 0.956463
vt 0.401554 0.908916
vt 0.569375 0.882369
vt 0.577327 0.907242
vt 0.551951 0.908526
vt 0.39408 0.918191
vt 0.555337 0.933683
vt 0.570054 0.882841
vt 0.529534 0.966982
vt 0.584825 0.916826
vt 0.58037 0.892994
vt 0.466016 0.894369
vt 0.581808 0.898351
vt 0.440795 0.853284
vt 0.542148 0.970389
vt 0.440153 0.885736
vt 0.447943 0.87827
vt 0.455489 0.880423
vt 0.435007 0.877662
vt 0.47927 0.89078
vt 0.452216 0.872906
vt 0.442798 0.841517
vt 0.441801 0.850363
vt 0.558077 0.946044
vt 0.469171 0.888949
vt 0.58797 0.964524
vt 0.454206 0.890765
vt 0.545386 0.900505
vt 0.588123 0.901948
vt 0.474393 0.880609
vt 0.540119 0.900729
vt 0.538197 0.900696
vt 0.462642 0.874149
vt 0.457355 0.864262
vt 0.46376 0.883694
vt 0.443764 0.873198
vt 0.587697 0.891874
vt 0.542813 0.948933
vt 0.558362 0.887706
vt 0.535445 0.940746
vt 0.52971 0.989982
vt 0.578068 0.877042
vt 0.483385 0.978833
vt 0.180539 0.692997
vt 0.159433 0.690333
vt 0.173355 0.678554
vt 0.167492 0.716065
vt 0.154342 0.671238
vt 0.261263 0.848975
vt 0.258368 0.857783
vt 0.258128 0.842266
vt 0.249719 0.857748
vt 0.233058 0.780435
vt 0.237377 0.768586
vt 0.244001 0.778926
vt 0.250006 0.764195
vt 0.224987 0.774694
vt 0.226822 0.765799
vt 0.217057 0.765094
vt 0.218235 0.77943
vt 0.234468 0.752189
vt 0.247884 0.745384
vt 0.20318 0.648247
vt 0.20379 0.666971
vt 0.197263 0.654166
vt 0.241469 0.665243
vt 0.241304 0.658342
vt 0.254468 0.666997
vt 0.222329 0.752712
vt 0.253676 0.71651
vt 0.263843 0.713933
vt 0.264461 0.727702
vt 0.23247 0.738687
vt 0.23716 0.736044
vt 0.233919 0.668188
vt 0.231439 0.660502
vt 0.246727 0.675632
vt 0.254552 0.676363
vt 0.254072 0.683684
vt 0.196598 0.681649
vt 0.201991 0.697923
vt 0.172516 0.668225
vt 0.182697 0.668258
vt 0.182854 0.676248
vt 0.226671 0.739054
vt 0.263345 0.699414
vt 0.208243 0.772689
vt 0.207094 0.674575
vt 0.204986 0.678831
vt 0.233644 0.730095
vt 0.220845 0.743452
vt 0.18896 0.67156
vt 0.194838 0.665925
vt 0.213764 0.74852
vt 0.220733 0.731936
vt 0.238825 0.719648
vt 0.24633 0.711729
vt 0.247731 0.73152
vt 0.229448 0.725093
vt 0.188048 0.663341
vt 0.189359 0.651348
vt 0.2064 0.686546
vt 0.253888 0.700093
vt 0.246877 0.697207
vt 0.250357 0.691272
vt 0.216193 0.697681
vt 0.215505 0.689473
vt 0.233346 0.712679
vt 0.184086 0.735259
vt 0.198535 0.746737
vt 0.182049 0.75062
vt 0.211645 0.734672
vt 0.202662 0.729949
vt 0.24049 0.696386
vt 0.242019 0.705461
vt 0.171679 0.748487
vt 0.261207 0.689954
vt 0.254829 0.692444
vt 0.244284 0.685865
vt 0.187357 0.637487
vt 0.218174 0.718604
vt 0.226282 0.717773
vt 0.211687 0.72576
vt 0.231184 0.697629
vt 0.224755 0.69254
vt 0.234261 0.688421
vt 0.260417 0.73826
vt 0.260524 0.680462
vt 0.259929 0.753834
vt 0.226804 0.708462
vt 0.234471 0.70311
vt 0.235972 0.696782
vt 0.169634 0.649682
vt 0.182275 0.654794
vt 0.176119 0.659222
vt 0.162064 0.744619
vt 0.166129 0.657763
vt 0.221069 0.708004
vt 0.215412 0.70715
vt 0.224123 0.702848
vt 0.205216 0.760093
vt 0.226602 0.686873
vt 0.248146 0.705997
vt 0.22953 0.678515
vt 0.221676 0.683863
vt 0.235189 0.803941
vt 0.234073 0.796973
vt 0.240912 0.800015
vt 0.216442 0.789772
vt 0.207418 0.787083
vt 0.210465 0.782652
vt 0.232823 0.656376
vt 0.223864 0.654622
vt 0.232316 0.652254
vt 0.191356 0.762846
vt 0.189174 0.755645
vt 0.195369 0.75813
vt 0.220441 0.675594
vt 0.212462 0.679257
vt 0.213735 0.670509
vt 0.237512 0.677257
vt 0.223534 0.665245
vt 0.213633 0.656873
vt 0.229154 0.78623
vt 0.23589 0.791042
vt 0.226268 0.790155
vt 0.242053 0.788727
vt 0.244111 0.796178
vt 0.215334 0.641721
vt 0.192467 0.771894
vt 0.199118 0.766973
vt 0.226741 0.782322
vt 0.172956 0.642487
vt 0.201923 0.778764
vt 0.230049 0.797653
vt 0.247165 0.793528
vt 0.254213 0.799839
vt 0.243555 0.805996
vt 0.180722 0.76611
vt 0.248239 0.788804
vt 0.253453 0.792698
vt 0.253105 0.783956
vt 0.252047 0.775665
vt 0.208862 0.702072
vt 0.210408 0.719354
vt 0.184675 0.711342
vt 0.202555 0.714123
vt 0.174203 0.735226
vt 0.166281 0.732322
vt 0.177211 0.726812
vt 0.149645 0.733973
vt 0.241489 0.840582
vt 0.237729 0.823432
vt 0.250942 0.82997
vt 0.163105 0.84566
vt 0.148979 0.830538
vt 0.166202 0.828235
vt 0.169733 0.757107
vt 0.158612 0.753047
vt 0.219867 0.841334
vt 0.226167 0.83175
vt 0.229695 0.846278
vt 0.210011 0.796894
vt 0.222292 0.797699
vt 0.249292 0.813242
vt 0.175753 0.781765
vt 0.164852 0.790823
vt 0.161319 0.774595
vt 0.150213 0.791606
vt 0.227994 0.805206
vt 0.196926 0.803234
vt 0.184018 0.791508
vt 0.196795 0.787214
vt 0.222815 0.849924
vt 0.215116 0.848972
vt 0.210807 0.810127
vt 0.219301 0.804476
vt 0.264183 0.80479
vt 0.191418 0.839634
vt 0.187146 0.833209
vt 0.199492 0.83978
vt 0.18246 0.805823
vt 0.190556 0.850029
vt 0.178216 0.797908
vt 0.172959 0.793019
vt 0.209219 0.840378
vt 0.214614 0.8334
vt 0.249843 0.843387
vt 0.140437 0.783255
vt 0.174957 0.858084
vt 0.163613 0.815138
vt 0.171114 0.803431
vt 0.177411 0.818341
vt 0.154362 0.802293
vt 0.186358 0.778833
vt 0.264461 0.820018
vt 0.155458 0.76156
vt 0.150177 0.756471
vt 0.236386 0.811857
vt 0.14987 0.820784
vt 0.202787 0.845265
vt 0.236044 0.858084
vt 0.224551 0.815045
vt 0.144001 0.766122
vt 0.208674 0.846993
vt 0.20729 0.852769
vt 0.203934 0.831466
vt 0.213698 0.822276
vt 0.188823 0.81575
vt 0.199449 0.82006
vt 0.145515 0.813286
vt 0.15392 0.812851
vt 0.303103 0.379989
vt 0.302581 0.392931
vt 0.292799 0.381065
vt 0.310861 0.389946
vt 0.316171 0.378248
vt 0.322862 0.395295
vt 0.351531 0.457787
vt 0.344415 0.465493
vt 0.340887 0.449485
vt 0.291384 0.394326
vt 0.314834 0.400132
vt 0.305968 0.477393
vt 0.30435 0.496641
vt 0.279872 0.480424
vt 0.260451 0.392039
vt 0.27224 0.376013
vt 0.277439 0.392576
vt 0.349829 0.322618
vt 0.337711 0.316754
vt 0.350256 0.31528
vt 0.279058 0.334907
vt 0.278246 0.343767
vt 0.273674 0.335366
vt 0.261531 0.653975
vt 0.262967 0.64335
vt 0.277981 0.653975
vt 0.249892 0.653975
vt 0.255177 0.372511
vt 0.235594 0.397306
vt 0.358183 0.330589
vt 0.344895 0.329058
vt 0.310172 0.396144
vt 0.241645 0.363217
vt 0.229488 0.376627
vt 0.297844 0.346402
vt 0.292056 0.324029
vt 0.315053 0.345122
vt 0.254809 0.409909
vt 0.355837 0.341693
vt 0.324361 0.353599
vt 0.328405 0.340432
vt 0.343353 0.363386
vt 0.32443 0.409237
vt 0.285536 0.337843
vt 0.286872 0.352736
vt 0.2714 0.410601
vt 0.288468 0.433947
vt 0.264272 0.433305
vt 0.274814 0.639213
vt 0.291155 0.644851
vt 0.334715 0.426683
vt 0.345966 0.39605
vt 0.352063 0.568781
vt 0.349166 0.597691
vt 0.332101 0.573167
vt 0.303574 0.410381
vt 0.308921 0.402586
vt 0.301292 0.427517
vt 0.309918 0.428617
vt 0.25047 0.515085
vt 0.254355 0.48941
vt 0.282405 0.509895
vt 0.311306 0.359278
vt 0.351838 0.4366
vt 0.299404 0.629601
vt 0.291132 0.618673
vt 0.303574 0.620897
vt 0.272843 0.35721
vt 0.364026 0.460035
vt 0.339894 0.475842
vt 0.35085 0.475468
vt 0.243622 0.421507
vt 0.245774 0.44128
vt 0.296866 0.373046
vt 0.299586 0.36485
vt 0.315452 0.41022
vt 0.273795 0.611061
vt 0.298078 0.60769
vt 0.328755 0.440387
vt 0.318591 0.424718
vt 0.216798 0.445394
vt 0.214546 0.46255
vt 0.191901 0.449601
vt 0.335035 0.46018
vt 0.325578 0.459543
vt 0.331461 0.453122
vt 0.288399 0.4104
vt 0.351043 0.559275
vt 0.228141 0.420414
vt 0.318059 0.597704
vt 0.30227 0.579044
vt 0.276496 0.620879
vt 0.264601 0.626398
vt 0.269181 0.342864
vt 0.341923 0.488587
vt 0.332697 0.482826
vt 0.281028 0.628603
vt 0.347663 0.348649
vt 0.242822 0.623292
vt 0.256244 0.615963
vt 0.319243 0.442235
vt 0.308544 0.445358
vt 0.283791 0.38103
vt 0.236131 0.430994
vt 0.338089 0.466994
vt 0.32959 0.472727
vt 0.207715 0.353646
vt 0.309716 0.435472
vt 0.262317 0.458958
vt 0.257063 0.351074
vt 0.240659 0.465029
vt 0.228636 0.440012
vt 0.339248 0.459963
vt 0.286806 0.457801
vt 0.286757 0.369009
vt 0.300659 0.454644
vt 0.303023 0.465395
vt 0.325792 0.492767
vt 0.259679 0.473257
vt 0.222309 0.492995
vt 0.364989 0.422309
vt 0.371134 0.440327
vt 0.322718 0.479071
vt 0.217568 0.408148
vt 0.196024 0.383499
vt 0.19085 0.475282
vt 0.224392 0.519776
vt 0.203718 0.420284
vt 0.207948 0.407507
vt 0.358528 0.321968
vt 0.364276 0.319196
vt 0.363162 0.32563
vt 0.190295 0.421333
vt 0.201189 0.435829
vt 0.226169 0.452914
vt 0.239739 0.348594
vt 0.261689 0.324262
vt 0.376986 0.41087
vt 0.392734 0.441874
vt 0.380856 0.455972
vt 0.361888 0.355972
vt 0.382606 0.372826
vt 0.358328 0.371652
vt 0.381685 0.396469
vt 0.380891 0.425433
vt 0.314755 0.46661
vt 0.337428 0.551467
vt 0.225323 0.618522
vt 0.22697 0.610197
vt 0.265142 0.597081
vt 0.257526 0.606776
vt 0.248286 0.595882
vt 0.19326 0.524863
vt 0.211722 0.510124
vt 0.227971 0.597826
vt 0.244562 0.609029
vt 0.235391 0.650141
vt 0.222748 0.638944
vt 0.224968 0.628676
vt 0.314354 0.55806
vt 0.354643 0.548324
vt 0.345912 0.539168
vt 0.356423 0.542062
vt 0.34376 0.510399
vt 0.344688 0.524812
vt 0.334417 0.509743
vt 0.351892 0.521065
vt 0.356083 0.534131
vt 0.191585 0.504234
vt 0.288656 0.596473
vt 0.282144 0.564109
vt 0.253634 0.5609
vt 0.267151 0.538299
vt 0.352365 0.536162
vt 0.347403 0.497795
vt 0.349621 0.508308
vt 0.339888 0.500106
vt 0.278881 0.585743
vt 0.260379 0.581441
vt 0.319775 0.610466
vt 0.239395 0.578072
vt 0.210496 0.571368
vt 0.228233 0.558417
vt 0.228526 0.587197
vt 0.205416 0.583391
vt 0.211959 0.618434
vt 0.195589 0.600356
vt 0.208427 0.539329
vt 0.308293 0.514581
vt 0.302231 0.536952
vt 0.239821 0.539529
vt 0.250325 0.640363
vt 0.327446 0.369664
vt 0.328193 0.324918
vt 0.340118 0.337085
vt 0.277778 0.328125
vt 0.22487 0.445453
vt 0.328377 0.527999
vt 0.32145 0.507316
vt 0.321205 0.542626
vt 0.366104 0.533803
vt 0.358866 0.514188
vt 0.195388 0.554298
vt 0.363632 0.541043
vt 0.305178 0.615622
vt 0.37153 0.338635
vt 0.371872 0.350053
vt 0.368596 0.323253
vt 0.368413 0.328221
vt 0.370964 0.318497
vt 0.354755 0.503656
vt 0.316096 0.332912
vt 0.351393 0.488176
vt 0.378725 0.483364
vt 0.374275 0.498569
vt 0.364184 0.484416
vt 0.355844 0.496284
vt 0.311786 0.317768
vt 0.386086 0.465545
vt 0.375531 0.469579
vt 0.388567 0.499396
vt 0.389098 0.477775
vt 0.239687 0.334431
vt 0.363876 0.50362
vt 0.381664 0.47363
vt 0.38197 0.52314
vt 0.393343 0.487188
vt 0.164609 0.315588
vt 0.160849 0.311926
vt 0.163756 0.311288
vt 0.161649 0.319124
vt 0.166114 0.305336
vt 0.1657 0.322438
vt 0.161781 0.325464
vt 0.168603 0.330215
vt 0.171695 0.319509
vt 0.167993 0.336369
vt 0.163923 0.333076
vt 0.193939 0.31089
vt 0.184616 0.321792
vt 0.177633 0.305953
vt 0.165319 0.340347
vt 0.177366 0.330808
vt 0.174101 0.340262
vt 0.16595 0.347703
vt 0.170417 0.346031
vt 0.169553 0.352388
vt 0.172108 0.361069
vt 0.175101 0.363129
vt 0.168493 0.365336
vt 0.18679 0.332572
vt 0.17556 0.351003
vt 0.202148 0.332183
vt 0.173485 0.367306
vt 0.173562 0.357864
vt 0.158527 0.191553
vt 0.146701 0.19632
vt 0.147858 0.191197
vt 0.140654 0.232177
vt 0.13837 0.242802
vt 0.134274 0.23747
vt 0.122577 0.198714
vt 0.137183 0.198758
vt 0.140033 0.204334
vt 0.0927396 0.262691
vt 0.11067 0.249918
vt 0.122369 0.264513
vt 0.149201 0.185306
vt 0.108798 0.223562
vt 0.0821674 0.216547
vt 0.0980906 0.204372
vt 0.133465 0.243205
vt 0.127347 0.23313
vt 0.0884593 0.246348
vt 0.135061 0.188962
vt 0.121834 0.216606
vt 0.100401 0.23609
vt 0.0986735 0.226228
vt 0.131237 0.210457
vt 0.134111 0.223313
vt 0.134242 0.23187
vt 0.11591 0.237836
vt 0.12743 0.249434
vt 0.11522 0.207128
vt 0.151457 0.199345
vt 0.15562 0.206123
vt 0.071213 0.232871
vt 0.0472503 0.243251
vt 0.0812092 0.225554
vt 0.0467475 0.266373
vt 0.14218 0.215177
vt 0.138731 0.251906
vt 0.140797 0.222951
vt 0.135918 0.260806
vt 0.159433 0.179062
vt 0.167976 0.183595
vt 0.183329 0.338546
vt 0.193108 0.340943
vt 0.181934 0.360636
vt 0.178387 0.366933
vt 0.176285 0.371741
vt 0.156065 0.26951
vt 0.151701 0.275252
vt 0.146747 0.263005
vt 0.146112 0.272782
vt 0.162215 0.284676
vt 0.15355 0.287673
vt 0.153139 0.282757
vt 0.147703 0.282282
vt 0.160172 0.303697
vt 0.161296 0.297788
vt 0.155835 0.297334
vt 0.135217 0.269126
vt 0.148854 0.292405
vt 0.145464 0.287742
vt 0.156688 0.30665
vt 0.0857063 0.275828
vt 0.0709829 0.279052
vt 0.0593069 0.315763
vt 0.0439072 0.30385
vt 0.0721613 0.307365
vt 0.0593858 0.327537
vt 0.0440198 0.322879
vt 0.142975 0.297266
vt 0.145242 0.291386
vt 0.151999 0.304528
vt 0.148587 0.308974
vt 0.150553 0.304868
vt 0.0939326 0.293373
vt 0.053728 0.286278
vt 0.110294 0.276309
vt 0.0731467 0.326294
vt 0.149411 0.300496
vt 0.156455 0.31398
vt 0.152894 0.309689
vt 0.0681093 0.330564
vt 0.0682803 0.336169
vt 0.152711 0.316031
vt 0.0928435 0.327298
vt 0.0854577 0.331345
vt 0.0835483 0.320932
vt 0.0919973 0.313599
vt 0.0811054 0.3424
vt 0.0922231 0.339962
vt 0.14799 0.324841
vt 0.134586 0.310592
vt 0.16124 0.344414
vt 0.101958 0.324613
vt 0.106713 0.312379
vt 0.0993772 0.334632
vt 0.158688 0.333392
vt 0.0714861 0.348289
vt 0.134171 0.328663
vt 0.164531 0.352271
vt 0.121534 0.318947
vt 0.112334 0.326628
vt 0.142335 0.337893
vt 0.15289 0.342161
vt 0.105725 0.334072
vt 0.122636 0.334312
vt 0.131197 0.337442
vt 0.136287 0.336981
vt 0.13536 0.344876
vt 0.161366 0.358741
vt 0.15862 0.350848
vt 0.0787942 0.363444
vt 0.0573058 0.383696
vt 0.0655387 0.357812
vt 0.10215 0.347835
vt 0.128027 0.340926
vt 0.151451 0.355637
vt 0.0898892 0.352497
vt 0.0931682 0.371112
vt 0.0765312 0.395334
vt 0.144843 0.347271
vt 0.112337 0.339229
vt 0.121531 0.346259
vt 0.156469 0.362836
vt 0.128779 0.344841
vt 0.129485 0.353797
vt 0.176894 0.387355
vt 0.169609 0.3867
vt 0.176745 0.379164
vt 0.171384 0.374214
vt 0.164119 0.37507
vt 0.145373 0.366402
vt 0.152511 0.363953
vt 0.139975 0.356564
vt 0.141924 0.26879
vt 0.112645 0.352531
vt 0.107954 0.368656
vt 0.154799 0.370353
vt 0.119076 0.30215
vt 0.132059 0.292612
vt 0.150869 0.369214
vt 0.120441 0.363012
vt 0.160996 0.366651
vt 0.163148 0.382027
vt 0.143413 0.393213
vt 0.132873 0.370306
vt 0.117505 0.287854
vt 0.0618698 0.343774
vt 0.156842 0.379702
vt 0.15887 0.387985
vt 0.140847 0.275653
vt 0.140615 0.286106
vt 0.119698 0.394793
vt 0.0495722 0.366371
vt 0.0542264 0.34763
vt 0.0439072 0.355511
vt 0.0439104 0.344711
vt 0.0598134 0.348908
vt 0.186151 0.349075
vt 0.183683 0.373649
vt 0.185431 0.386902
vt 0.182141 0.395334
vt 0.199333 0.366353
vt 0.196081 0.346401
vt 0.155958 0.321837
vt 0.167779 0.358166
vt 0.158846 0.318731
vt 0.129856 0.278746
vt 0.151931 0.216395
vt 0.154414 0.221443
vt 0.146825 0.223151
vt 0.151239 0.228896
vt 0.164085 0.221129
vt 0.159468 0.238248
vt 0.141912 0.240286
vt 0.146718 0.254995
vt 0.146339 0.246162
vt 0.157847 0.256579
vt 0.175909 0.270757
vt 0.162088 0.26973
vt 0.175683 0.187693
vt 0.171956 0.232805
vt 0.178499 0.248027
vt 0.175499 0.203135
vt 0.177422 0.179203
vt 0.186996 0.180707
vt 0.185893 0.222131
vt 0.200811 0.197646
vt 0.196527 0.240889
vt 0.202386 0.268918
vt 0.176388 0.289877
vt 0.1928 0.297795
vt 0.208465 0.296902
vt 0.209821 0.317133
vt 0.0995939 0.395334
vt 0.188606 0.188761
vt 0.212295 0.21745
vt 0.189888 0.287069
vt 0.170606 0.296328
vt 0.212997 0.247841
vt 0.147168 0.237995
vt 0.185973 0.298817
vt 0.185377 0.175797
vt 0.0540937 0.337102
vt 0.0441095 0.33344
vt 0.586434 0.23999
vt 0.589781 0.243559
vt 0.586394 0.247869
vt 0.584032 0.22416
vt 0.586251 0.233421
vt 0.579749 0.234634
vt 0.596917 0.24168
vt 0.591246 0.235514
vt 0.59738 0.228517
vt 0.571463 0.2314
vt 0.574585 0.224304
vt 0.611054 0.221283
vt 0.606128 0.233891
vt 0.564013 0.400022
vt 0.553629 0.4029
vt 0.558234 0.397471
vt 0.619949 0.250522
vt 0.609111 0.25561
vt 0.610077 0.243521
vt 0.563405 0.219705
vt 0.559702 0.23025
vt 0.578861 0.243667
vt 0.582779 0.241791
vt 0.581478 0.251359
vt 0.554467 0.208099
vt 0.565702 0.198148
vt 0.572134 0.213306
vt 0.598524 0.254387
vt 0.59119 0.250798
vt 0.617959 0.260683
vt 0.636057 0.383709
vt 0.634635 0.378574
vt 0.63973 0.37809
vt 0.609053 0.262437
vt 0.601116 0.262951
vt 0.582588 0.392595
vt 0.579323 0.399945
vt 0.577357 0.393497
vt 0.591905 0.21832
vt 0.585504 0.213431
vt 0.588167 0.205248
vt 0.594403 0.261551
vt 0.579735 0.216906
vt 0.586183 0.256747
vt 0.595215 0.265894
vt 0.574595 0.394712
vt 0.603139 0.381065
vt 0.596975 0.384358
vt 0.598242 0.37753
vt 0.587407 0.220488
vt 0.605692 0.267068
vt 0.62121 0.382743
vt 0.631159 0.384844
vt 0.622968 0.388543
vt 0.576243 0.248634
vt 0.578237 0.255006
vt 0.579998 0.419513
vt 0.562832 0.422708
vt 0.575248 0.410917
vt 0.53378 0.387214
vt 0.556005 0.372628
vt 0.568979 0.3801
vt 0.590264 0.259621
vt 0.603264 0.387354
vt 0.593761 0.39174
vt 0.589664 0.266877
vt 0.587598 0.400381
vt 0.63575 0.216504
vt 0.639504 0.220398
vt 0.636193 0.221478
vt 0.606017 0.309703
vt 0.62057 0.322641
vt 0.584849 0.331061
vt 0.589638 0.226087
vt 0.568755 0.237302
vt 0.553804 0.253582
vt 0.573107 0.265565
vt 0.566644 0.26839
vt 0.583852 0.267125
vt 0.633605 0.371826
vt 0.629914 0.378465
vt 0.626825 0.372212
vt 0.555715 0.26547
vt 0.554663 0.285184
vt 0.534001 0.251582
vt 0.592402 0.269608
vt 0.598582 0.269941
vt 0.552552 0.31836
vt 0.582692 0.308427
vt 0.611406 0.267139
vt 0.605807 0.271523
vt 0.593553 0.274561
vt 0.566812 0.355999
vt 0.548252 0.349195
vt 0.614056 0.269508
vt 0.610981 0.270949
vt 0.617248 0.270228
vt 0.587124 0.384165
vt 0.631298 0.215568
vt 0.625841 0.223996
vt 0.625334 0.20885
vt 0.632859 0.34195
vt 0.608898 0.339495
vt 0.530699 0.281755
vt 0.599761 0.274115
vt 0.571486 0.279867
vt 0.568386 0.297273
vt 0.580632 0.260126
vt 0.574039 0.257663
vt 0.586835 0.271175
vt 0.589624 0.273276
vt 0.625109 0.237313
vt 0.615917 0.205446
vt 0.614182 0.21228
vt 0.605029 0.21222
vt 0.638055 0.248994
vt 0.629536 0.246543
vt 0.639223 0.240457
vt 0.593702 0.197735
vt 0.598421 0.203496
vt 0.61887 0.175051
vt 0.61198 0.188205
vt 0.60779 0.184065
vt 0.59532 0.212256
vt 0.603782 0.193384
vt 0.597959 0.1942
vt 0.564182 0.253653
vt 0.60029 0.187908
vt 0.595627 0.188565
vt 0.608848 0.17475
vt 0.599411 0.219017
vt 0.571608 0.243537
vt 0.610895 0.198327
vt 0.601067 0.18079
vt 0.54853 0.398715
vt 0.591113 0.373736
vt 0.604561 0.363651
vt 0.602736 0.371172
vt 0.572846 0.253312
vt 0.605513 0.277293
vt 0.619774 0.187042
vt 0.633784 0.220641
vt 0.633208 0.17475
vt 0.636612 0.21059
vt 0.642329 0.206402
vt 0.638386 0.202581
vt 0.623349 0.194825
vt 0.646402 0.200782
vt 0.642427 0.198802
vt 0.637385 0.191789
vt 0.63487 0.376128
vt 0.570466 0.253363
vt 0.643984 0.394591
vt 0.647068 0.409717
vt 0.640732 0.398377
vt 0.576397 0.437027
vt 0.593394 0.421723
vt 0.591886 0.437027
vt 0.571735 0.395804
vt 0.572279 0.402815
vt 0.63433 0.392745
vt 0.644041 0.385662
vt 0.599422 0.412713
vt 0.610404 0.407627
vt 0.607584 0.420035
vt 0.629661 0.364637
vt 0.568309 0.246663
vt 0.597635 0.402264
vt 0.606026 0.391917
vt 0.613214 0.387272
vt 0.614978 0.392893
vt 0.581256 0.365671
vt 0.620897 0.360244
vt 0.61906 0.36836
vt 0.641985 0.329598
vt 0.645544 0.307509
vt 0.600314 0.392179
vt 0.56885 0.399281
vt 0.562636 0.405156
vt 0.567343 0.410639
vt 0.609013 0.374018
vt 0.610942 0.380567
vt 0.616663 0.398642
vt 0.624233 0.394747
vt 0.630081 0.402369
vt 0.615012 0.351648
vt 0.633596 0.354254
vt 0.638028 0.360672
vt 0.628623 0.299892
vt 0.512392 0.290981
vt 0.513338 0.319626
vt 0.583824 0.27431
vt 0.607372 0.398544
vt 0.600561 0.39509
vt 0.576106 0.388448
vt 0.566888 0.390896
vt 0.55555 0.437027
vt 0.593103 0.351118
vt 0.578803 0.273746
vt 0.615712 0.282561
vt 0.624454 0.277304
vt 0.586559 0.275845
vt 0.59217 0.28031
vt 0.608702 0.435761
vt 0.615168 0.232119
vt 0.63757 0.229029
vt 0.627994 0.28505
vt 0.613904 0.294577
vt 0.523891 0.373656
vt 0.630112 0.264965
vt 0.62688 0.270072
vt 0.623223 0.265298
vt 0.573551 0.272388
vt 0.630763 0.257042
vt 0.624839 0.260866
vt 0.62638 0.418994
vt 0.623883 0.434712
vt 0.64395 0.192147
vt 0.637147 0.366896
vt 0.640498 0.372991
vt 0.636092 0.280563
vt 0.643406 0.288803
vt 0.548322 0.393562
vt 0.586081 0.291281
vt 0.58215 0.279911
vt 0.634096 0.268922
vt 0.634283 0.26358
vt 0.633117 0.381667
vt 0.552704 0.409523
vt 0.634038 0.274921
vt 0.619829 0.376069
vt 0.560231 0.412266
vt 0.568071 0.396058
vt 0.599042 0.298894
vt 0.580374 0.208508
vt 0.603021 0.288153
vt 0.590164 0.410471
vt 0.582788 0.408018
vt 0.51239 0.238782
vt 0.576304 0.203579
vt 0.552648 0.416491
vt 0.641526 0.186591
vt 0.642776 0.209439
vt 0.640319 0.214114
vt 0.618835 0.404154
vt 0.647068 0.189518
vt 0.597475 0.276902
vt 0.51239 0.352249
vt 0.512275 0.501858
vt 0.507216 0.495771
vt 0.515585 0.497386
vt 0.533112 0.555582
vt 0.532051 0.570609
vt 0.520237 0.55463
vt 0.522502 0.51269
vt 0.518399 0.526047
vt 0.507973 0.522148
vt 0.506291 0.595822
vt 0.472725 0.569057
vt 0.505674 0.578359
vt 0.434152 0.489675
vt 0.436414 0.484759
vt 0.442648 0.484901
vt 0.465291 0.540929
vt 0.479847 0.53003
vt 0.488728 0.551176
vt 0.464867 0.65281
vt 0.420078 0.630745
vt 0.485699 0.637581
vt 0.434278 0.500484
vt 0.43718 0.495749
vt 0.445949 0.501587
vt 0.402582 0.552014
vt 0.400596 0.546098
vt 0.405543 0.546461
vt 0.426918 0.65281
vt 0.47889 0.603488
vt 0.439824 0.57335
vt 0.456233 0.508693
vt 0.463241 0.520486
vt 0.446289 0.514091
vt 0.425746 0.505487
vt 0.43468 0.508316
vt 0.424109 0.516331
vt 0.460696 0.505374
vt 0.468054 0.510469
vt 0.525602 0.539505
vt 0.536696 0.531876
vt 0.536696 0.561279
vt 0.434233 0.602666
vt 0.456321 0.502469
vt 0.43381 0.47562
vt 0.432746 0.481869
vt 0.427294 0.475785
vt 0.467653 0.50356
vt 0.476598 0.508434
vt 0.478567 0.503582
vt 0.484639 0.510522
vt 0.487356 0.503534
vt 0.436178 0.478655
vt 0.457535 0.496862
vt 0.446279 0.492948
vt 0.536696 0.517253
vt 0.496749 0.500961
vt 0.489545 0.493299
vt 0.440501 0.472643
vt 0.434553 0.467894
vt 0.443784 0.464096
vt 0.47109 0.494162
vt 0.437109 0.491136
vt 0.481274 0.497878
vt 0.424826 0.464361
vt 0.439115 0.454949
vt 0.441755 0.458673
vt 0.438381 0.461665
vt 0.431481 0.456901
vt 0.447121 0.475055
vt 0.439212 0.4798
vt 0.512761 0.542541
vt 0.478945 0.491869
vt 0.505676 0.549139
vt 0.447049 0.465102
vt 0.445844 0.468798
vt 0.45673 0.484203
vt 0.474521 0.487548
vt 0.479506 0.481105
vt 0.448579 0.457167
vt 0.445238 0.453305
vt 0.448748 0.467863
vt 0.442706 0.446569
vt 0.468982 0.481819
vt 0.449353 0.451785
vt 0.450812 0.462796
vt 0.43222 0.446338
vt 0.420025 0.449082
vt 0.421665 0.433209
vt 0.493254 0.466592
vt 0.49105 0.479965
vt 0.482736 0.46778
vt 0.457011 0.467219
vt 0.470841 0.466954
vt 0.448331 0.448059
vt 0.448102 0.444354
vt 0.437625 0.437627
vt 0.482542 0.458311
vt 0.463775 0.474952
vt 0.452877 0.449595
vt 0.453032 0.44531
vt 0.456115 0.448937
vt 0.453267 0.452695
vt 0.503313 0.531058
vt 0.455041 0.456772
vt 0.433339 0.426104
vt 0.49188 0.509371
vt 0.499981 0.505732
vt 0.499469 0.509043
vt 0.496999 0.507595
vt 0.495968 0.514009
vt 0.501323 0.51725
vt 0.500075 0.512132
vt 0.505501 0.512872
vt 0.488511 0.519527
vt 0.497045 0.522738
vt 0.501609 0.522144
vt 0.492796 0.533678
vt 0.490344 0.457924
vt 0.477685 0.45978
vt 0.463451 0.451759
vt 0.446073 0.431749
vt 0.448751 0.43978
vt 0.498064 0.45794
vt 0.485474 0.451222
vt 0.457778 0.441546
vt 0.489142 0.444783
vt 0.493118 0.438901
vt 0.497474 0.447348
vt 0.48042 0.442763
vt 0.48611 0.434094
vt 0.48434 0.328839
vt 0.484182 0.323741
vt 0.493197 0.329421
vt 0.485545 0.381736
vt 0.477476 0.38784
vt 0.481777 0.378975
vt 0.505854 0.451412
vt 0.48672 0.367799
vt 0.481282 0.374069
vt 0.47737 0.360127
vt 0.475717 0.452156
vt 0.453649 0.425067
vt 0.455285 0.433278
vt 0.491906 0.45199
vt 0.463335 0.43348
vt 0.464804 0.440951
vt 0.414022 0.509991
vt 0.423552 0.494066
vt 0.43042 0.491806
vt 0.428442 0.498271
vt 0.445843 0.548934
vt 0.460623 0.428308
vt 0.477925 0.413264
vt 0.473809 0.420033
vt 0.473112 0.415952
vt 0.426785 0.486561
vt 0.431794 0.486573
vt 0.395431 0.500551
vt 0.416514 0.501657
vt 0.420292 0.482914
vt 0.413164 0.490189
vt 0.407373 0.486253
vt 0.413287 0.486115
vt 0.407867 0.522764
vt 0.484842 0.338274
vt 0.48362 0.332833
vt 0.490831 0.335723
vt 0.434007 0.494534
vt 0.47701 0.516161
vt 0.471509 0.442511
vt 0.447694 0.417839
vt 0.455998 0.416801
vt 0.501987 0.438636
vt 0.460153 0.502163
vt 0.460772 0.420917
vt 0.496202 0.341895
vt 0.495728 0.338147
vt 0.476481 0.434282
vt 0.469092 0.435636
vt 0.490503 0.345754
vt 0.444738 0.424494
vt 0.49088 0.373074
vt 0.495464 0.382808
vt 0.477327 0.342017
vt 0.481098 0.333067
vt 0.461788 0.412968
vt 0.470365 0.42696
vt 0.493424 0.431208
vt 0.413199 0.461044
vt 0.415135 0.475488
vt 0.468017 0.417637
vt 0.463921 0.42597
vt 0.432871 0.494155
vt 0.409811 0.551156
vt 0.511415 0.56644
vt 0.410486 0.540145
vt 0.456475 0.410723
vt 0.434859 0.519014
vt 0.446532 0.407755
vt 0.4592 0.402409
vt 0.436978 0.417449
vt 0.498272 0.350674
vt 0.472554 0.405888
vt 0.472458 0.41104
vt 0.467987 0.406159
vt 0.507607 0.426541
vt 0.398063 0.536988
vt 0.384617 0.524824
vt 0.509804 0.487431
vt 0.513752 0.479204
vt 0.51615 0.487829
vt 0.482698 0.423125
vt 0.41498 0.493719
vt 0.407564 0.493163
vt 0.485072 0.392912
vt 0.488843 0.426745
vt 0.486182 0.428229
vt 0.40388 0.558595
vt 0.486273 0.352467
vt 0.494502 0.354283
vt 0.51638 0.377795
vt 0.508747 0.391271
vt 0.495902 0.419289
vt 0.53664 0.432027
vt 0.510154 0.408892
vt 0.448981 0.380688
vt 0.463844 0.39023
vt 0.536508 0.39418
vt 0.496873 0.395796
vt 0.449114 0.398244
vt 0.501582 0.357845
vt 0.474556 0.375481
vt 0.458041 0.365324
vt 0.384896 0.554181
vt 0.491914 0.362411
vt 0.505313 0.36778
vt 0.498676 0.370478
vt 0.488239 0.407231
vt 0.40615 0.587199
vt 0.415175 0.578271
vt 0.477516 0.402424
vt 0.400486 0.487608
vt 0.396302 0.496401
vt 0.418861 0.489033
vt 0.48623 0.375157
vt 0.47171 0.397121
vt 0.47021 0.383966
vt 0.414594 0.563347
vt 0.423599 0.550715
vt 0.456543 0.335452
vt 0.427305 0.530677
vt 0.445411 0.528189
vt 0.399456 0.602516
vt 0.399103 0.571366
vt 0.504412 0.506129
vt 0.502635 0.501591
vt 0.511364 0.50634
vt 0.509765 0.516485
vt 0.514796 0.510294
vt 0.509513 0.508447
vt 0.536593 0.603464
vt 0.536591 0.635436
vt 0.505618 0.459286
vt 0.504127 0.488398
vt 0.508033 0.456398
vt 0.510807 0.436122
vt 0.497904 0.482715
vt 0.497687 0.475839
vt 0.50028 0.48817
vt 0.496549 0.49376
vt 0.496208 0.488703
vt 0.508973 0.444025
vt 0.507811 0.469652
vt 0.501634 0.468009
vt 0.508146 0.462425
vt 0.502231 0.496384
vt 0.499334 0.494383
vt 0.507558 0.478507
vt 0.511153 0.472986
vt 0.502292 0.479508
vt 0.508715 0.483301
usemtl 3DModel_1
f 1/1/1 2/2/2 3/3/3
f 4/4/4 1/1/1 3/3/3
f 4/4/4 5/5/5 1/1/1
f 6/6/6 7/7/7 8/8/8
f 8/8/8 9/9/9 10/10/10
f 9/9/9 8/8/8 7/7/7
f 11/11/11 12/12/12 13/13/13
f 14/14/14 15/15/15 16/16/16
f 11/11/11 17/17/17 14/14/14
f 18/18/18 19/19/19 20/20/20
f 12/12/12 11/11/11 21/21/21
f 21/21/21 22/22/22 12/12/12
f 21/21/21 14/14/14 22/22/22
f 15/15/15 17/17/17 23/23/23
f 15/15/15 19/19/19 18/18/18
f 22/22/22 14/14/14 16/16/16
f 15/15/15 24/24/24 16/16/16
f 17/17/17 15/15/15 14/14/14
f 14/14/14 21/21/21 11/11/11
f 15/15/15 18/18/18 24/24/24
f 25/25/25 26/26/26 27/27/27
f 28/28/28 29/29/29 30/30/30
f 31/31/31 32/32/32 33/33/33
f 29/29/29 34/34/34 30/30/30
f 35/35/35 34/34/34 29/29/29
f 34/34/34 27/27/27 30/30/30
f 36/36/36 37/37/37 38/38/38
f 39/39/39 34/34/34 35/35/35
f 35/35/35 40/40/40 39/39/39
f 33/33/33 41/41/41 37/37/37
f 25/25/25 34/34/34 39/39/39
f 39/39/39 40/40/40 42/42/42
f 36/36/36 25/25/25 39/39/39
f 34/34/34 25/25/25 27/27/27
f 39/39/39 42/42/42 43/43/43
f 44/44/44 45/45/45 46/46/46
f 39/39/39 43/43/43 36/36/36
f 44/44/44 46/46/46 28/28/28
f 47/47/47 43/43/43 42/42/42
f 36/36/36 43/43/43 37/37/37
f 26/26/26 25/25/25 36/36/36
f 37/37/37 31/31/31 33/33/33
f 47/47/47 48/48/48 43/43/43
f 43/43/43 48/48/48 37/37/37
f 28/28/28 30/30/30 44/44/44
f 32/32/32 31/31/31 49/49/49
f 37/37/37 49/49/49 31/31/31
f 38/38/38 37/37/37 41/41/41
f 49/49/49 37/37/37 48/48/48
f 47/47/47 49/49/49 48/48/48
f 36/36/36 38/38/38 41/41/41
f 50/50/50 51/51/51 52/52/52
f 53/53/53 54/54/54 55/55/55
f 56/56/56 57/57/57 58/58/58
f 53/53/53 59/59/59 60/60/60
f 61/61/61 55/55/55 57/57/57
f 62/62/62 60/60/60 63/63/63
f 62/62/62 54/54/54 60/60/60
f 60/60/60 59/59/59 63/63/63
f 51/51/51 61/61/61 57/57/57
f 54/54/54 53/53/53 60/60/60
f 54/54/54 62/62/62 58/58/58
f 51/51/51 57/57/57 52/52/52
f 61/61/61 51/51/51 64/64/64
f 56/56/56 58/58/58 65/65/65
f 57/57/57 56/56/56 52/52/52
f 64/64/64 51/51/51 50/50/50
f 57/57/57 54/54/54 58/58/58
f 64/64/64 50/50/50 66/66/66
f 54/54/54 57/57/57 55/55/55
f 67/67/67 52/52/52 56/56/56
f 68/68/68 65/65/65 58/58/58
f 65/65/65 67/67/67 56/56/56
f 62/62/62 68/68/68 58/58/58
f 69/69/69 70/70/70 71/71/71
f 72/72/72 73/73/73 74/74/74
f 72/72/72 69/69/69 73/73/73
f 72/72/72 75/75/75 69/69/69
f 75/75/75 70/70/70 69/69/69
f 70/70/70 63/63/63 59/59/59
f 74/74/74 76/76/76 72/72/72
f 75/75/75 63/63/63 70/70/70
f 67/67/67 65/65/65 77/77/77
f 59/59/59 71/71/71 70/70/70
f 78/78/78 79/79/79 80/80/80
f 81/81/81 82/82/82 83/83/83
f 84/84/84 85/85/85 86/86/86
f 87/87/87 88/88/88 89/89/89
f 90/90/90 91/91/91 92/92/92
f 93/93/93 87/87/87 82/82/82
f 94/94/94 95/95/95 96/96/96
f 95/95/95 97/97/97 88/88/88
f 98/98/98 84/84/84 99/99/99
f 82/82/82 98/98/98 83/83/83
f 81/81/81 79/79/79 78/78/78
f 100/100/100 101/101/101 102/102/102
f 103/103/103 84/84/84 89/89/89
f 78/78/78 80/80/80 100/100/100
f 93/93/93 104/104/104 105/105/105
f 106/106/106 94/94/94 96/96/96
f 102/102/102 78/78/78 100/100/100
f 79/79/79 81/81/81 83/83/83
f 87/87/87 98/98/98 82/82/82
f 106/106/106 96/96/96 107/107/107
f 108/108/108 109/109/109 104/104/104
f 109/109/109 108/108/108 110/110/110
f 93/93/93 111/111/111 104/104/104
f 104/104/104 109/109/109 107/107/107
f 96/96/96 104/104/104 107/107/107
f 108/108/108 104/104/104 112/112/112
f 112/112/112 104/104/104 111/111/111
f 105/105/105 87/87/87 93/93/93
f 85/85/85 92/92/92 91/91/91
f 88/88/88 97/97/97 103/103/103
f 105/105/105 88/88/88 87/87/87
f 105/105/105 96/96/96 88/88/88
f 103/103/103 113/113/113 84/84/84
f 85/85/85 84/84/84 113/113/113
f 87/87/87 89/89/89 98/98/98
f 98/98/98 89/89/89 84/84/84
f 103/103/103 89/89/89 88/88/88
f 84/84/84 86/86/86 99/99/99
f 88/88/88 96/96/96 95/95/95
f 96/96/96 105/105/105 104/104/104
f 85/85/85 91/91/91 86/86/86
f 114/114/114 115/115/115 116/116/116
f 117/117/117 118/118/118 119/119/119
f 120/120/120 114/114/114 116/116/116
f 121/121/121 120/120/120 122/122/122
f 116/116/116 122/122/122 120/120/120
f 123/123/123 124/124/124 125/125/125
f 126/126/126 127/127/127 128/128/128
f 129/129/129 118/118/118 117/117/117
f 129/129/129 130/130/130 131/131/131
f 132/132/132 133/133/133 134/134/134
f 126/126/126 135/135/135 131/131/131
f 136/136/136 137/137/137 138/138/138
f 127/127/127 139/139/139 128/128/128
f 116/116/116 140/140/140 122/122/122
f 125/125/125 124/124/124 115/115/115
f 119/119/119 118/118/118 140/140/140
f 140/140/140 135/135/135 141/141/141
f 136/136/136 134/134/134 137/137/137
f 128/128/128 132/132/132 135/135/135
f 127/127/127 130/130/130 139/139/139
f 134/134/134 136/136/136 135/135/135
f 140/140/140 118/118/118 131/131/131
f 129/129/129 131/131/131 118/118/118
f 141/141/141 135/135/135 136/136/136
f 135/135/135 132/132/132 134/134/134
f 115/115/115 119/119/119 116/116/116
f 142/142/142 133/133/133 132/132/132
f 124/124/124 117/117/117 115/115/115
f 131/131/131 135/135/135 140/140/140
f 135/135/135 126/126/126 128/128/128
f 128/128/128 143/143/143 132/132/132
f 142/142/142 132/132/132 143/143/143
f 130/130/130 126/126/126 131/131/131
f 130/130/130 127/127/127 126/126/126
f 144/144/144 136/136/136 138/138/138
f 139/139/139 130/130/130 145/145/145
f 143/143/143 128/128/128 139/139/139
f 141/141/141 136/136/136 144/144/144
f 119/119/119 140/140/140 116/116/116
f 145/145/145 142/142/142 139/139/139
f 125/125/125 115/115/115 114/114/114
f 119/119/119 115/115/115 117/117/117
f 143/143/143 139/139/139 142/142/142
f 146/146/146 147/147/147 148/148/148
f 149/149/149 146/146/146 150/150/150
f 151/151/151 152/152/152 153/153/153
f 149/149/149 150/150/150 154/154/154
f 155/155/155 156/156/156 157/157/157
f 150/150/150 146/146/146 148/148/148
f 158/158/158 155/155/155 157/157/157
f 154/154/154 159/159/159 149/149/149
f 149/149/149 159/159/159 160/160/160
f 161/161/161 162/162/162 163/163/163
f 164/164/164 147/147/147 165/165/165
f 151/151/151 163/163/163 166/166/166
f 153/153/153 167/167/167 168/168/168
f 159/159/159 157/157/157 160/160/160
f 160/160/160 169/169/169 151/151/151
f 151/151/151 170/170/170 152/152/152
f 171/171/171 172/172/172 153/153/153
f 173/173/173 153/153/153 172/172/172
f 167/167/167 153/153/153 173/173/173
f 166/166/166 163/163/163 162/162/162
f 158/158/158 157/157/157 159/159/159
f 157/157/157 169/169/169 160/160/160
f 146/146/146 174/174/174 147/147/147
f 165/165/165 147/147/147 175/175/175
f 147/147/147 164/164/164 176/176/176
f 151/151/151 169/169/169 163/163/163
f 151/151/151 153/153/153 160/160/160
f 161/161/161 163/163/163 156/156/156
f 156/156/156 163/163/163 169/169/169
f 177/177/177 178/178/178 156/156/156
f 168/168/168 146/146/146 149/149/149
f 161/161/161 156/156/156 178/178/178
f 155/155/155 177/177/177 156/156/156
f 166/166/166 170/170/170 151/151/151
f 160/160/160 168/168/168 149/149/149
f 168/168/168 160/160/160 153/153/153
f 152/152/152 170/170/170 179/179/179
f 167/167/167 175/175/175 174/174/174
f 180/180/180 176/176/176 164/164/164
f 175/175/175 147/147/147 174/174/174
f 167/167/167 173/173/173 175/175/175
f 167/167/167 174/174/174 146/146/146
f 157/157/157 156/156/156 169/169/169
f 171/171/171 153/153/153 152/152/152
f 167/167/167 146/146/146 168/168/168
f 181/181/181 182/182/182 183/183/183
f 183/183/183 184/184/184 181/181/181
f 185/185/185 186/186/186 187/187/187
f 181/181/181 188/188/188 182/182/182
f 182/182/182 188/188/188 189/189/189
f 184/184/184 183/183/183 190/190/190
f 185/185/185 187/187/187 191/191/191
f 192/192/192 193/193/193 194/194/194
f 186/186/186 188/188/188 195/195/195
f 196/196/196 197/197/197 184/184/184
f 194/194/194 198/198/198 199/199/199
f 194/194/194 199/199/199 192/192/192
f 193/193/193 192/192/192 200/200/200
f 193/193/193 201/201/201 202/202/202
f 203/203/203 199/199/199 198/198/198
f 199/199/199 200/200/200 192/192/192
f 204/204/204 197/197/197 201/201/201
f 186/186/186 185/185/185 205/205/205
f 188/188/188 205/205/205 189/189/189
f 203/203/203 206/206/206 199/199/199
f 204/204/204 187/187/187 197/197/197
f 207/207/207 208/208/208 209/209/209
f 201/201/201 197/197/197 196/196/196
f 206/206/206 203/203/203 210/210/210
f 200/200/200 206/206/206 211/211/211
f 200/200/200 211/211/211 204/204/204
f 186/186/186 195/195/195 197/197/197
f 183/183/183 182/182/182 212/212/212
f 213/213/213 206/206/206 210/210/210
f 211/211/211 206/206/206 213/213/213
f 204/204/204 211/211/211 191/191/191
f 191/191/191 208/208/208 185/185/185
f 211/211/211 214/214/214 215/215/215
f 214/214/214 211/211/211 213/213/213
f 191/191/191 211/211/211 215/215/215
f 191/191/191 215/215/215 216/216/216
f 199/199/199 206/206/206 200/200/200
f 196/196/196 202/202/202 201/201/201
f 205/205/205 185/185/185 207/207/207
f 190/190/190 202/202/202 184/184/184
f 208/208/208 191/191/191 216/216/216
f 186/186/186 197/197/197 187/187/187
f 197/197/197 195/195/195 184/184/184
f 191/191/191 187/187/187 204/204/204
f 208/208/208 207/207/207 185/185/185
f 181/181/181 184/184/184 195/195/195
f 205/205/205 188/188/188 186/186/186
f 195/195/195 188/188/188 181/181/181
f 201/201/201 193/193/193 200/200/200
f 196/196/196 184/184/184 202/202/202
f 200/200/200 204/204/204 201/201/201
f 217/217/217 212/212/212 182/182/182
f 182/182/182 189/189/189 217/217/217
f 218/218/218 219/219/219 220/220/220
f 221/221/221 222/222/222 223/223/223
f 224/224/224 225/225/225 226/226/226
f 219/219/219 227/227/227 220/220/220
f 228/228/228 229/229/229 230/230/230
f 231/231/231 224/224/224 226/226/226
f 232/232/232 233/233/233 234/234/234
f 222/222/222 220/220/220 223/223/223
f 234/234/234 233/233/233 235/235/235
f 219/219/219 236/236/236 227/227/227
f 223/223/223 220/220/220 237/237/237
f 223/223/223 237/237/237 238/238/238
f 239/239/239 236/236/236 219/219/219
f 240/240/240 228/228/228 239/239/239
f 237/237/237 227/227/227 238/238/238
f 230/230/230 229/229/229 241/241/241
f 228/228/228 242/242/242 243/243/243
f 228/228/228 243/243/243 239/239/239
f 219/219/219 240/240/240 239/239/239
f 244/244/244 245/245/245 246/246/246
f 245/245/245 218/218/218 247/247/247
f 248/248/248 224/224/224 240/240/240
f 228/228/228 249/249/249 250/250/250
f 240/240/240 219/219/219 248/248/248
f 224/224/224 231/231/231 251/251/251
f 230/230/230 242/242/242 228/228/228
f 252/252/252 235/235/235 253/253/253
f 252/252/252 244/244/244 246/246/246
f 235/235/235 252/252/252 234/234/234
f 249/249/249 228/228/228 254/254/254
f 245/245/245 247/247/247 246/246/246
f 224/224/224 255/255/255 254/254/254
f 256/256/256 257/257/257 244/244/244
f 257/257/257 256/256/256 248/248/248
f 254/254/254 228/228/228 224/224/224
f 246/246/246 234/234/234 252/252/252
f 258/258/258 259/259/259 224/224/224
f 247/247/247 222/222/222 221/221/221
f 260/260/260 224/224/224 256/256/256
f 244/244/244 257/257/257 245/245/245
f 237/237/237 220/220/220 227/227/227
f 234/234/234 246/246/246 221/221/221
f 261/261/261 244/244/244 252/252/252
f 251/251/251 258/258/258 224/224/224
f 224/224/224 248/248/248 256/256/256
f 220/220/220 222/222/222 218/218/218
f 218/218/218 245/245/245 257/257/257
f 224/224/224 228/228/228 240/240/240
f 257/257/257 248/248/248 218/218/218
f 247/247/247 221/221/221 246/246/246
f 232/232/232 234/234/234 221/221/221
f 225/225/225 224/224/224 260/260/260
f 229/229/229 228/228/228 250/250/250
f 224/224/224 259/259/259 255/255/255
f 248/248/248 219/219/219 218/218/218
f 222/222/222 247/247/247 218/218/218
f 261/261/261 252/252/252 253/253/253
f 241/241/241 242/242/242 230/230/230
f 262/262/262 263/263/263 2/264/2
f 264/265/264 27/266/27 26/267/26
f 44/268/44 30/269/30 265/270/265
f 30/269/30 27/266/27 264/265/264
f 266/271/266 267/272/267 268/273/268
f 269/274/269 270/275/270 271/276/271
f 266/271/266 272/277/272 273/278/273
f 274/279/274 275/280/275 276/281/276
f 277/282/277 278/283/278 279/284/279
f 41/285/41 33/286/33 273/278/273
f 274/279/274 5/287/5 279/284/279
f 30/269/30 264/265/264 265/270/265
f 280/288/280 281/289/281 282/290/282
f 262/262/262 2/264/2 1/291/1
f 283/292/283 267/272/267 284/293/284
f 268/273/268 267/272/267 283/292/283
f 277/282/277 270/275/270 265/270/265
f 273/278/273 267/272/267 266/271/266
f 279/284/279 285/294/285 286/295/286
f 271/276/271 287/296/287 269/274/269
f 2/297/2 281/289/281 280/288/280
f 271/276/271 270/275/270 3/298/3
f 287/296/287 288/299/288 269/274/269
f 289/300/289 288/299/288 280/288/280
f 272/277/272 41/285/41 273/278/273
f 289/300/289 280/288/280 282/290/282
f 265/270/265 264/265/264 277/282/277
f 1/291/1 5/287/5 262/262/262
f 277/282/277 3/298/3 270/275/270
f 287/296/287 271/276/271 2/297/2
f 290/301/290 268/273/268 274/279/274
f 3/298/3 2/297/2 271/276/271
f 273/278/273 284/293/284 267/272/267
f 287/296/287 280/288/280 288/299/288
f 273/278/273 33/286/33 284/293/284
f 278/283/278 277/282/277 264/265/264
f 3/298/3 277/282/277 4/302/4
f 2/297/2 280/288/280 287/296/287
f 4/302/4 277/282/277 279/284/279
f 268/273/268 275/280/275 274/279/274
f 272/277/272 36/303/36 41/285/41
f 5/287/5 4/302/4 279/284/279
f 278/283/278 264/265/264 26/267/26
f 266/271/266 290/301/290 272/277/272
f 274/279/274 286/295/286 290/301/290
f 290/301/290 266/271/266 268/273/268
f 276/281/276 262/262/262 274/279/274
f 268/273/268 283/292/283 275/280/275
f 285/294/285 290/301/290 286/295/286
f 279/284/279 286/295/286 274/279/274
f 285/294/285 278/283/278 26/267/26
f 285/294/285 279/284/279 278/283/278
f 274/279/274 262/262/262 5/287/5
f 285/294/285 36/303/36 272/277/272
f 263/263/263 281/304/281 2/264/2
f 291/305/291 262/262/262 276/281/276
f 290/301/290 285/294/285 272/277/272
f 262/262/262 291/305/291 263/263/263
f 285/294/285 26/267/26 36/303/36
f 281/304/281 263/263/263 291/305/291
f 292/306/292 59/307/59 293/308/293
f 294/309/294 295/310/295 296/311/296
f 297/312/297 298/313/298 299/314/299
f 300/315/300 301/316/301 302/317/302
f 303/318/303 304/319/304 300/315/300
f 304/319/304 64/320/64 305/321/305
f 302/317/302 306/322/306 300/315/300
f 59/307/59 53/323/53 293/308/293
f 301/316/301 307/324/307 308/325/308
f 309/326/309 299/314/299 298/313/298
f 310/327/310 300/315/300 306/322/306
f 310/327/310 61/328/61 303/318/303
f 298/313/298 297/312/297 311/329/311
f 312/330/312 313/331/313 314/332/314
f 302/317/302 315/333/315 306/322/306
f 316/334/316 307/324/307 305/321/305
f 317/335/317 318/336/318 308/325/308
f 300/315/300 304/319/304 307/324/307
f 55/337/55 61/328/61 319/338/319
f 320/339/320 319/338/319 61/328/61
f 320/339/320 313/331/313 312/330/312
f 304/319/304 305/321/305 307/324/307
f 64/320/64 66/340/66 305/321/305
f 302/317/302 318/336/318 315/333/315
f 310/327/310 303/318/303 300/315/300
f 318/336/318 317/335/317 294/309/294
f 321/341/321 320/339/320 298/313/298
f 308/325/308 318/336/318 301/316/301
f 293/308/293 312/330/312 322/342/322
f 311/329/311 321/341/321 298/313/298
f 315/333/315 309/326/309 306/322/306
f 305/321/305 66/340/66 316/334/316
f 303/318/303 61/328/61 64/320/64
f 315/333/315 323/343/323 299/314/299
f 309/326/309 320/339/320 310/327/310
f 304/319/304 303/318/303 64/320/64
f 323/343/323 318/336/318 296/311/296
f 310/327/310 320/339/320 61/328/61
f 307/324/307 316/334/316 308/325/308
f 310/327/310 306/322/306 309/326/309
f 66/340/66 324/344/324 316/334/316
f 55/337/55 319/338/319 53/323/53
f 299/314/299 323/343/323 297/312/297
f 296/311/296 318/336/318 294/309/294
f 295/310/295 323/343/323 296/311/296
f 323/343/323 325/345/325 297/312/297
f 316/334/316 326/346/326 308/325/308
f 316/334/316 324/344/324 326/346/326
f 293/308/293 322/342/322 292/306/292
f 322/342/322 312/330/312 314/332/314
f 319/338/319 312/330/312 53/323/53
f 309/326/309 315/333/315 299/314/299
f 313/331/313 320/339/320 321/341/321
f 326/346/326 317/335/317 308/325/308
f 327/347/327 328/348/328 329/349/329
f 53/323/53 312/330/312 293/308/293
f 320/339/320 312/330/312 319/338/319
f 307/324/307 301/316/301 300/315/300
f 302/317/302 301/316/301 318/336/318
f 294/309/294 317/335/317 327/347/327
f 317/335/317 328/348/328 327/347/327
f 328/348/328 317/335/317 326/346/326
f 309/326/309 298/313/298 320/339/320
f 323/343/323 315/333/315 318/336/318
f 330/350/330 331/351/331 294/352/294
f 332/353/332 333/354/333 334/355/334
f 334/355/334 335/356/335 332/353/332
f 294/352/294 331/351/331 295/357/295
f 323/358/323 295/357/295 336/359/336
f 333/354/333 332/353/332 337/360/337
f 334/355/334 338/361/338 335/356/335
f 333/354/333 336/359/336 331/351/331
f 339/362/339 331/351/331 340/363/340
f 335/356/335 341/364/341 342/365/342
f 331/351/331 336/359/336 295/357/295
f 335/356/335 338/361/338 343/366/343
f 339/362/339 343/366/343 338/361/338
f 341/364/341 344/367/344 342/365/342
f 336/359/336 337/360/337 325/368/325
f 343/366/343 341/364/341 335/356/335
f 329/369/329 345/370/345 346/371/346
f 339/362/339 347/372/347 348/373/348
f 339/362/339 348/373/348 343/366/343
f 344/367/344 349/374/349 342/365/342
f 350/375/350 332/353/332 335/356/335
f 351/376/351 347/372/347 352/377/352
f 342/365/342 349/374/349 335/356/335
f 347/372/347 340/363/340 352/377/352
f 353/378/353 352/377/352 354/379/354
f 352/377/352 355/380/355 354/379/354
f 327/381/327 346/371/346 330/350/330
f 330/350/330 294/352/294 327/381/327
f 356/382/356 357/383/357 358/384/358
f 331/351/331 334/355/334 333/354/333
f 352/377/352 340/363/340 355/380/355
f 336/359/336 325/368/325 323/358/323
f 327/381/327 329/369/329 346/371/346
f 359/385/359 360/386/360 361/387/361
f 359/385/359 361/387/361 355/380/355
f 337/360/337 336/359/336 333/354/333
f 356/382/356 351/376/351 362/388/362
f 340/363/340 330/350/330 355/380/355
f 343/366/343 348/373/348 341/364/341
f 340/363/340 331/351/331 330/350/330
f 347/372/347 356/382/356 358/384/358
f 350/375/350 335/356/335 349/374/349
f 360/386/360 359/385/359 363/389/363
f 347/372/347 351/376/351 356/382/356
f 364/390/364 356/382/356 362/388/362
f 357/383/357 364/390/364 365/391/365
f 341/364/341 366/392/366 344/367/344
f 334/355/334 339/362/339 338/361/338
f 348/373/348 347/372/347 358/384/358
f 334/355/334 331/351/331 339/362/339
f 346/371/346 363/389/363 330/350/330
f 359/385/359 330/350/330 363/389/363
f 357/383/357 367/393/367 358/384/358
f 368/394/368 367/393/367 341/364/341
f 347/372/347 339/362/339 340/363/340
f 353/378/353 351/376/351 352/377/352
f 369/395/369 367/393/367 357/383/357
f 367/393/367 369/395/369 366/392/366
f 364/390/364 357/383/357 356/382/356
f 367/393/367 368/394/368 358/384/358
f 366/392/366 341/364/341 367/393/367
f 348/373/348 368/394/368 341/364/341
f 370/396/370 346/371/346 345/370/345
f 370/396/370 363/389/363 346/371/346
f 363/389/363 370/396/370 360/386/360
f 362/388/362 351/376/351 353/378/353
f 348/373/348 358/384/358 368/394/368
f 330/350/330 359/385/359 355/380/355
f 371/397/371 372/398/372 373/399/373
f 374/400/374 375/401/375 376/402/376
f 377/403/377 378/404/378 379/405/379
f 380/406/380 381/407/381 382/408/382
f 383/409/383 381/407/381 384/410/384
f 373/399/373 385/411/385 386/412/386
f 376/402/376 382/408/382 381/407/381
f 387/413/387 388/414/388 389/415/389
f 390/416/390 385/411/385 372/398/372
f 391/417/391 392/418/392 393/419/393
f 394/420/394 393/419/393 375/401/375
f 395/421/395 372/398/372 371/397/371
f 396/422/396 397/423/397 398/424/398
f 371/397/371 383/409/383 399/425/399
f 372/398/372 385/411/385 373/399/373
f 400/426/400 381/407/381 401/427/401
f 376/402/376 402/428/402 374/400/374
f 381/407/381 383/409/383 376/402/376
f 400/426/400 378/404/378 384/410/384
f 403/429/403 404/430/404 399/425/399
f 396/422/396 398/424/398 392/418/392
f 384/410/384 381/407/381 400/426/400
f 386/412/386 393/419/393 394/420/394
f 405/431/405 398/424/398 382/408/382
f 393/419/393 392/418/392 375/401/375
f 375/401/375 392/418/392 398/424/398
f 397/423/397 406/432/406 407/433/407
f 387/413/387 378/404/378 388/414/388
f 401/427/401 407/433/407 388/414/388
f 399/425/399 383/409/383 384/410/384
f 372/398/372 395/421/395 408/434/408
f 382/408/382 398/424/398 380/406/380
f 409/435/409 390/416/390 372/398/372
f 405/431/405 375/401/375 398/424/398
f 397/423/397 407/433/407 398/424/398
f 373/399/373 410/436/410 371/397/371
f 388/414/388 378/404/378 401/427/401
f 388/414/388 406/432/406 389/415/389
f 407/433/407 401/427/401 380/406/380
f 408/434/408 411/437/411 409/435/409
f 376/402/376 375/401/375 405/431/405
f 376/402/376 405/431/405 382/408/382
f 404/430/404 403/429/403 412/438/412
f 408/434/408 413/439/413 414/440/414
f 374/400/374 394/420/394 375/401/375
f 415/441/415 403/429/403 399/425/399
f 395/421/395 413/439/413 408/434/408
f 373/399/373 386/412/386 410/436/410
f 379/405/379 378/404/378 387/413/387
f 383/409/383 402/428/402 376/402/376
f 394/420/394 371/397/371 410/436/410
f 409/435/409 372/398/372 408/434/408
f 395/421/395 404/430/404 412/438/412
f 399/425/399 404/430/404 395/421/395
f 383/409/383 374/400/374 402/428/402
f 398/424/398 407/433/407 380/406/380
f 415/441/415 399/425/399 384/410/384
f 384/410/384 377/403/377 415/441/415
f 378/404/378 377/403/377 384/410/384
f 393/419/393 386/412/386 391/417/391
f 401/427/401 378/404/378 400/426/400
f 406/432/406 388/414/388 407/433/407
f 380/406/380 401/427/401 381/407/381
f 410/436/410 386/412/386 394/420/394
f 383/409/383 371/397/371 374/400/374
f 411/437/411 408/434/408 414/440/414
f 371/397/371 394/420/394 374/400/374
f 395/421/395 371/397/371 399/425/399
f 413/439/413 395/421/395 412/438/412
f 416/442/416 417/443/417 418/444/418
f 419/445/419 420/446/420 421/447/421
f 422/448/422 423/449/423 424/450/424
f 40/451/40 425/452/425 426/453/426
f 416/442/416 418/444/418 426/453/426
f 417/443/417 427/454/427 428/455/428
f 429/456/429 29/457/29 430/458/430
f 29/457/29 429/456/429 421/447/421
f 416/442/416 420/446/420 417/443/417
f 431/459/431 414/460/414 413/461/413
f 432/462/432 433/463/433 434/464/434
f 435/465/435 32/466/32 436/467/436
f 420/446/420 419/445/419 422/448/422
f 40/451/40 437/468/437 42/469/42
f 430/458/430 29/457/29 28/470/28
f 425/452/425 420/446/420 426/453/426
f 438/471/438 430/458/430 28/470/28
f 439/472/439 434/464/434 440/473/440
f 418/444/418 40/451/40 426/453/426
f 418/444/418 437/468/437 40/451/40
f 412/474/412 427/454/427 413/461/413
f 414/460/414 433/463/433 432/462/432
f 427/454/427 441/475/441 428/455/428
f 424/450/424 431/459/431 422/448/422
f 33/476/33 442/477/442 284/478/284
f 420/446/420 416/442/416 426/453/426
f 434/464/434 439/472/439 443/479/443
f 433/463/433 414/460/414 431/459/431
f 433/463/433 431/459/431 424/450/424
f 418/444/418 428/455/428 444/480/444
f 445/481/445 428/455/428 441/475/441
f 427/454/427 412/474/412 403/482/403
f 423/449/423 429/456/429 430/458/430
f 446/483/446 441/475/441 403/482/403
f 437/468/437 418/444/418 444/480/444
f 47/484/47 437/468/437 445/481/445
f 428/455/428 445/481/445 444/480/444
f 445/481/445 441/475/441 436/467/436
f 403/482/403 415/485/415 446/483/446
f 33/476/33 32/466/32 435/465/435
f 436/467/436 441/475/441 446/483/446
f 444/480/444 445/481/445 437/468/437
f 49/486/49 47/484/47 445/481/445
f 432/462/432 411/487/411 414/460/414
f 446/483/446 415/485/415 436/467/436
f 32/466/32 49/486/49 436/467/436
f 28/470/28 440/473/440 438/471/438
f 436/467/436 415/485/415 435/465/435
f 35/488/35 425/452/425 40/451/40
f 415/485/415 377/489/377 442/477/442
f 445/481/445 436/467/436 49/486/49
f 419/445/419 423/449/423 422/448/422
f 438/471/438 423/449/423 430/458/430
f 435/465/435 415/485/415 442/477/442
f 442/477/442 377/489/377 379/490/379
f 427/454/427 403/482/403 441/475/441
f 33/476/33 435/465/435 442/477/442
f 284/478/284 442/477/442 379/490/379
f 440/473/440 434/464/434 423/449/423
f 417/443/417 428/455/428 418/444/418
f 417/443/417 422/448/422 431/459/431
f 42/469/42 437/468/437 47/484/47
f 423/449/423 438/471/438 440/473/440
f 425/452/425 35/488/35 29/457/29
f 431/459/431 413/461/413 427/454/427
f 419/445/419 429/456/429 423/449/423
f 433/463/433 424/450/424 434/464/434
f 29/457/29 421/447/421 425/452/425
f 432/462/432 434/464/434 443/479/443
f 423/449/423 434/464/434 424/450/424
f 429/456/429 419/445/419 421/447/421
f 420/446/420 425/452/425 421/447/421
f 417/443/417 431/459/431 427/454/427
f 422/448/422 417/443/417 420/446/420
f 447/491/447 448/492/448 449/493/449
f 450/494/450 451/495/451 452/496/452
f 453/497/453 454/498/454 455/499/455
f 456/500/456 457/501/457 458/502/458
f 459/503/459 460/504/460 461/505/461
f 460/504/460 462/506/462 463/507/463
f 464/508/464 465/509/465 466/510/466
f 465/509/465 464/508/464 467/511/467
f 466/510/466 468/512/468 460/504/460
f 469/513/469 470/514/470 459/503/459
f 462/506/462 460/504/460 459/503/459
f 460/504/460 468/512/468 461/505/461
f 449/493/449 465/509/465 467/511/467
f 469/513/469 471/515/471 470/514/470
f 461/505/461 472/516/472 469/513/469
f 467/511/467 473/517/473 449/493/449
f 448/492/448 474/518/474 475/519/475
f 476/520/476 477/521/477 478/522/478
f 479/523/479 472/516/472 461/505/461
f 478/522/478 477/521/477 479/523/479
f 449/493/449 473/517/473 480/524/480
f 479/523/479 468/512/468 478/522/478
f 448/492/448 447/491/447 474/518/474
f 477/521/477 476/520/476 474/518/474
f 481/525/481 471/515/471 472/516/472
f 472/516/472 479/523/479 477/521/477
f 480/524/480 473/517/473 482/526/482
f 449/493/449 480/524/480 447/491/447
f 483/527/483 456/500/456 484/528/484
f 459/503/459 461/505/461 469/513/469
f 477/521/477 481/525/481 472/516/472
f 482/526/482 483/527/483 480/524/480
f 452/496/452 482/526/482 450/494/450
f 474/518/474 447/491/447 485/529/485
f 483/527/483 447/491/447 480/524/480
f 486/530/486 487/531/487 458/502/458
f 483/527/483 482/526/482 452/496/452
f 481/525/481 488/532/488 489/533/489
f 490/534/490 477/521/477 485/529/485
f 481/525/481 477/521/477 488/532/488
f 491/535/491 451/495/451 450/494/450
f 460/504/460 463/507/463 466/510/466
f 492/536/492 454/498/454 453/497/453
f 456/500/456 458/502/458 493/537/493
f 491/535/491 450/494/450 454/498/454
f 471/515/471 481/525/481 489/533/489
f 452/496/452 451/495/451 457/501/457
f 494/538/494 463/507/463 462/506/462
f 495/539/495 488/532/488 490/534/490
f 461/505/461 468/512/468 479/523/479
f 485/529/485 447/491/447 484/528/484
f 447/491/447 483/527/483 484/528/484
f 490/534/490 488/532/488 477/521/477
f 456/500/456 483/527/483 452/496/452
f 474/518/474 476/520/476 475/519/475
f 484/528/484 493/537/493 490/534/490
f 496/540/496 486/530/486 497/541/497
f 497/541/497 492/536/492 496/540/496
f 448/492/448 465/509/465 449/493/449
f 457/501/457 456/500/456 452/496/452
f 497/541/497 457/501/457 451/495/451
f 484/528/484 456/500/456 493/537/493
f 475/519/475 466/510/466 465/509/465
f 498/542/498 454/498/454 450/494/450
f 474/518/474 485/529/485 477/521/477
f 493/537/493 495/539/495 490/534/490
f 454/498/454 492/536/492 491/535/491
f 491/535/491 497/541/497 451/495/451
f 466/510/466 475/519/475 468/512/468
f 498/542/498 455/499/455 454/498/454
f 478/522/478 468/512/468 476/520/476
f 469/513/469 472/516/472 471/515/471
f 475/519/475 476/520/476 468/512/468
f 497/541/497 486/530/486 457/501/457
f 494/538/494 231/543/231 463/507/463
f 490/534/490 485/529/485 484/528/484
f 499/544/499 495/539/495 493/537/493
f 457/501/457 486/530/486 458/502/458
f 458/502/458 499/544/499 493/537/493
f 465/509/465 448/492/448 475/519/475
f 500/545/500 499/544/499 487/531/487
f 462/506/462 459/503/459 470/514/470
f 497/541/497 491/535/491 492/536/492
f 499/544/499 458/502/458 487/531/487
f 501/546/501 502/547/502 503/548/503
f 504/549/504 325/550/325 337/551/337
f 501/546/501 505/552/505 506/553/506
f 504/549/504 311/554/311 297/555/297
f 507/556/507 505/552/505 501/546/501
f 502/547/502 508/557/508 503/548/503
f 344/558/344 509/559/509 510/560/510
f 511/561/511 504/549/504 505/552/505
f 512/562/512 505/552/505 321/563/321
f 506/553/506 504/549/504 513/564/513
f 506/553/506 502/547/502 501/546/501
f 514/565/514 510/560/510 515/566/515
f 505/552/505 504/549/504 506/553/506
f 501/546/501 503/548/503 314/567/314
f 504/549/504 297/555/297 325/550/325
f 516/568/516 332/569/332 350/570/350
f 508/557/508 502/547/502 517/571/517
f 501/546/501 314/567/314 507/556/507
f 510/560/510 518/572/518 344/558/344
f 502/547/502 506/553/506 519/573/519
f 513/564/513 350/570/350 520/574/520
f 517/571/517 519/573/519 521/575/521
f 511/561/511 505/552/505 512/562/512
f 506/553/506 513/564/513 521/575/521
f 511/561/511 311/554/311 504/549/504
f 507/556/507 313/576/313 321/563/321
f 503/548/503 292/577/292 322/578/322
f 517/571/517 502/547/502 519/573/519
f 521/575/521 519/573/519 506/553/506
f 515/566/515 510/560/510 522/579/522
f 513/564/513 504/549/504 516/568/516
f 314/567/314 313/576/313 507/556/507
f 523/580/523 517/571/517 524/581/524
f 311/554/311 511/561/511 512/562/512
f 520/574/520 349/582/349 518/572/518
f 517/571/517 523/580/523 508/557/508
f 344/558/344 518/572/518 349/582/349
f 514/565/514 524/581/524 517/571/517
f 521/575/521 514/565/514 517/571/517
f 515/566/515 524/581/524 514/565/514
f 349/582/349 520/574/520 350/570/350
f 514/565/514 518/572/518 510/560/510
f 520/574/520 518/572/518 514/565/514
f 337/551/337 332/569/332 516/568/516
f 521/575/521 520/574/520 514/565/514
f 509/559/509 522/579/522 510/560/510
f 314/567/314 503/548/503 322/578/322
f 350/570/350 513/564/513 516/568/516
f 513/564/513 520/574/520 521/575/521
f 512/562/512 321/563/321 311/554/311
f 337/551/337 516/568/516 504/549/504
f 507/556/507 321/563/321 505/552/505
f 525/583/525 526/584/526 527/585/527
f 528/586/528 529/587/529 530/588/530
f 531/589/531 532/590/532 530/588/530
f 529/587/529 533/591/533 534/592/534
f 535/593/535 536/594/536 528/586/528
f 533/591/533 537/595/537 538/596/538
f 535/593/535 532/590/532 73/597/73
f 525/583/525 531/589/531 530/588/530
f 528/586/528 537/595/537 529/587/529
f 523/580/523 539/598/539 508/557/508
f 535/593/535 73/597/73 69/599/69
f 532/590/532 535/593/535 528/586/528
f 515/566/515 522/579/522 540/600/540
f 529/587/529 537/595/537 533/591/533
f 528/586/528 536/594/536 537/595/537
f 530/588/530 529/587/529 534/592/534
f 535/593/535 541/601/541 536/594/536
f 536/594/536 542/602/542 538/596/538
f 534/592/534 533/591/533 543/603/543
f 538/596/538 537/595/537 536/594/536
f 535/593/535 69/599/69 541/601/541
f 526/584/526 525/583/525 543/603/543
f 530/588/530 534/592/534 525/583/525
f 536/594/536 541/601/541 544/604/544
f 526/584/526 540/600/540 527/585/527
f 523/580/523 543/603/543 539/598/539
f 533/591/533 538/596/538 539/598/539
f 526/584/526 524/581/524 515/566/515
f 541/601/541 69/599/69 71/605/71
f 536/594/536 544/604/544 542/602/542
f 541/601/541 71/605/71 544/604/544
f 544/604/544 71/605/71 59/606/59
f 543/603/543 524/581/524 526/584/526
f 540/600/540 526/584/526 515/566/515
f 533/591/533 539/598/539 543/603/543
f 538/596/538 542/602/542 539/598/539
f 524/581/524 543/603/543 523/580/523
f 503/548/503 539/598/539 542/602/542
f 292/577/292 503/548/503 542/602/542
f 292/577/292 544/604/544 59/606/59
f 508/557/508 539/598/539 503/548/503
f 542/602/542 544/604/544 292/577/292
f 532/590/532 528/586/528 530/588/530
f 543/603/543 525/583/525 534/592/534
f 527/585/527 531/589/531 525/583/525
f 545/607/545 546/608/546 547/609/547
f 548/610/548 549/611/549 369/612/369
f 550/613/550 551/614/551 369/612/369
f 552/615/552 553/616/553 554/617/554
f 555/618/555 556/619/556 557/620/557
f 558/621/558 559/622/559 560/623/560
f 556/619/556 558/621/558 561/624/561
f 562/625/562 563/626/563 564/627/564
f 565/628/565 522/629/522 509/630/509
f 548/610/548 566/631/566 567/632/567
f 568/633/568 563/626/563 569/634/569
f 563/626/563 74/635/74 570/636/570
f 571/637/571 572/638/572 573/639/573
f 550/613/550 369/612/369 357/640/357
f 571/637/571 366/641/366 549/611/549
f 552/615/552 557/620/557 561/624/561
f 573/639/573 344/642/344 366/641/366
f 574/643/574 562/625/562 564/627/564
f 575/644/575 532/645/532 576/646/576
f 369/612/369 551/614/551 548/610/548
f 365/647/365 550/613/550 357/640/357
f 532/645/532 570/636/570 73/648/73
f 547/609/547 546/608/546 577/649/577
f 509/630/509 344/642/344 573/639/573
f 556/619/556 546/608/546 559/622/559
f 531/650/531 578/651/578 560/623/560
f 579/652/579 563/626/563 575/644/575
f 579/652/579 576/646/576 560/623/560
f 575/644/575 570/636/570 532/645/532
f 573/639/573 572/638/572 509/630/509
f 553/616/553 580/653/580 581/654/581
f 527/655/527 578/651/578 531/650/531
f 565/628/565 571/637/571 582/656/582
f 560/623/560 576/646/576 531/650/531
f 580/653/580 583/657/583 584/658/584
f 73/648/73 570/636/570 74/635/74
f 365/647/365 585/659/585 550/613/550
f 574/643/574 564/627/564 547/609/547
f 582/656/582 581/654/581 580/653/580
f 561/624/561 584/658/584 583/657/583
f 571/637/571 567/632/567 582/656/582
f 567/632/567 566/631/566 581/654/581
f 564/627/564 545/607/545 547/609/547
f 527/655/527 558/621/558 578/651/578
f 586/660/586 577/649/577 587/661/587
f 579/652/579 560/623/560 559/622/559
f 545/607/545 579/652/579 559/622/559
f 565/628/565 580/653/580 522/629/522
f 552/615/552 583/657/583 553/616/553
f 570/636/570 575/644/575 563/626/563
f 588/662/588 587/661/587 589/663/589
f 553/616/553 587/661/587 554/617/554
f 587/661/587 577/649/577 554/617/554
f 565/628/565 582/656/582 580/653/580
f 559/622/559 546/608/546 545/607/545
f 589/663/589 553/616/553 566/631/566
f 588/662/588 589/663/589 590/664/590
f 567/632/567 549/611/549 548/610/548
f 583/657/583 580/653/580 553/616/553
f 591/665/591 590/664/590 589/663/589
f 522/629/522 580/653/580 584/658/584
f 552/615/552 561/624/561 583/657/583
f 566/631/566 548/610/548 551/614/551
f 547/609/547 592/666/592 574/643/574
f 564/627/564 563/626/563 545/607/545
f 527/655/527 540/667/540 558/621/558
f 572/638/572 565/628/565 509/630/509
f 366/641/366 571/637/571 573/639/573
f 563/626/563 579/652/579 545/607/545
f 588/662/588 586/660/586 587/661/587
f 366/641/366 369/612/369 549/611/549
f 561/624/561 558/621/558 584/658/584
f 589/663/589 551/614/551 591/665/591
f 567/632/567 581/654/581 582/656/582
f 522/629/522 584/658/584 540/667/540
f 76/668/76 74/635/74 568/633/568
f 576/646/576 579/652/579 575/644/575
f 589/663/589 587/661/587 553/616/553
f 565/628/565 593/669/593 571/637/571
f 568/633/568 594/670/594 76/668/76
f 585/659/585 551/614/551 550/613/550
f 556/619/556 577/649/577 546/608/546
f 562/625/562 569/634/569 563/626/563
f 554/617/554 577/649/577 555/618/555
f 595/671/595 594/670/594 568/633/568
f 565/628/565 572/638/572 593/669/593
f 578/651/578 558/621/558 560/623/560
f 585/659/585 591/665/591 551/614/551
f 547/609/547 577/649/577 586/660/586
f 556/619/556 555/618/555 577/649/577
f 556/619/556 559/622/559 558/621/558
f 563/626/563 568/633/568 74/635/74
f 593/669/593 572/638/572 571/637/571
f 589/663/589 566/631/566 551/614/551
f 576/646/576 532/645/532 531/650/531
f 557/620/557 552/615/552 554/617/554
f 556/619/556 561/624/561 557/620/557
f 557/620/557 554/617/554 555/618/555
f 584/658/584 558/621/558 540/667/540
f 592/666/592 547/609/547 586/660/586
f 553/616/553 581/654/581 566/631/566
f 567/632/567 571/637/571 549/611/549
f 596/672/596 289/673/289 597/674/597
f 598/675/598 599/676/599 600/677/600
f 601/678/601 23/679/23 602/680/602
f 603/681/603 604/682/604 605/683/605
f 601/678/601 602/680/602 606/684/606
f 596/672/596 607/685/607 608/686/608
f 606/684/606 609/687/609 601/678/601
f 609/687/609 610/688/610 601/678/601
f 611/689/611 289/673/289 282/690/282
f 612/691/612 613/692/613 614/693/614
f 615/694/615 616/695/616 46/696/46
f 617/697/617 618/698/618 619/699/619
f 17/700/17 620/701/620 602/680/602
f 598/675/598 621/702/621 622/703/622
f 613/692/613 623/704/623 614/693/614
f 624/705/624 619/699/619 618/698/618
f 17/700/17 602/680/602 23/679/23
f 288/706/288 289/673/289 625/707/625
f 626/708/626 619/699/619 627/709/627
f 628/710/628 10/711/10 624/705/624
f 627/709/627 619/699/619 624/705/624
f 629/712/629 630/713/630 631/714/631
f 607/685/607 596/672/596 632/715/632
f 439/716/439 616/695/616 598/675/598
f 623/704/623 605/683/605 633/717/633
f 10/711/10 9/718/9 624/705/624
f 632/715/632 612/691/612 614/693/614
f 634/719/634 635/720/635 45/721/45
f 621/702/621 600/677/600 636/722/636
f 9/718/9 626/708/626 627/709/627
f 597/674/597 611/689/611 637/723/637
f 269/724/269 605/683/605 270/725/270
f 9/718/9 627/709/627 624/705/624
f 631/714/631 630/713/630 617/697/617
f 46/696/46 616/695/616 28/726/28
f 597/674/597 289/673/289 611/689/611
f 633/717/633 607/685/607 632/715/632
f 615/694/615 598/675/598 616/695/616
f 599/676/599 638/727/638 634/719/634
f 609/687/609 628/710/628 610/688/610
f 599/676/599 639/728/639 600/677/600
f 640/729/640 625/707/625 608/686/608
f 596/672/596 597/674/597 612/691/612
f 630/713/630 624/705/624 618/698/618
f 289/673/289 596/672/596 625/707/625
f 629/712/629 628/710/628 630/713/630
f 606/684/606 603/681/603 6/730/6
f 641/731/641 642/732/642 643/733/643
f 603/681/603 623/704/623 6/730/6
f 638/727/638 644/734/644 635/720/635
f 269/724/269 608/686/608 605/683/605
f 630/713/630 628/710/628 624/705/624
f 614/693/614 633/717/633 632/715/632
f 635/720/635 644/734/644 46/696/46
f 622/703/622 443/735/443 439/716/439
f 620/701/620 634/719/634 45/721/45
f 644/734/644 598/675/598 615/694/615
f 432/736/432 443/735/443 621/702/621
f 616/695/616 439/716/439 440/737/440
f 603/681/603 605/683/605 623/704/623
f 606/684/606 8/738/8 10/711/10
f 600/677/600 643/733/643 636/722/636
f 612/691/612 597/674/597 637/723/637
f 605/683/605 608/686/608 633/717/633
f 643/733/643 642/732/642 13/739/13
f 617/697/617 630/713/630 618/698/618
f 634/719/634 620/701/620 641/731/641
f 11/740/11 13/739/13 642/732/642
f 640/729/640 269/724/269 288/706/288
f 638/727/638 599/676/599 598/675/598
f 608/686/608 269/724/269 640/729/640
f 638/727/638 635/720/635 634/719/634
f 608/686/608 625/707/625 596/672/596
f 598/675/598 600/677/600 621/702/621
f 622/703/622 621/702/621 443/735/443
f 44/741/44 265/742/265 604/682/604
f 28/726/28 616/695/616 440/737/440
f 644/734/644 615/694/615 46/696/46
f 606/684/606 602/680/602 45/721/45
f 610/688/610 23/679/23 601/678/601
f 10/711/10 609/687/609 606/684/606
f 641/731/641 620/701/620 642/732/642
f 632/715/632 596/672/596 612/691/612
f 603/681/603 606/684/606 45/721/45
f 639/728/639 641/731/641 600/677/600
f 636/722/636 645/743/645 621/702/621
f 45/721/45 602/680/602 620/701/620
f 614/693/614 623/704/623 633/717/633
f 608/686/608 607/685/607 633/717/633
f 620/701/620 11/740/11 642/732/642
f 17/700/17 11/740/11 620/701/620
f 604/682/604 603/681/603 45/721/45
f 605/683/605 604/682/604 265/742/265
f 598/675/598 644/734/644 638/727/638
f 45/721/45 44/741/44 604/682/604
f 605/683/605 265/742/265 270/725/270
f 639/728/639 599/676/599 634/719/634
f 598/675/598 622/703/622 439/716/439
f 643/733/643 645/743/645 636/722/636
f 639/728/639 634/719/634 641/731/641
f 45/721/45 635/720/635 46/696/46
f 641/731/641 643/733/643 600/677/600
f 612/691/612 637/723/637 646/744/646
f 628/710/628 629/712/629 610/688/610
f 612/691/612 646/744/646 613/692/613
f 606/684/606 6/730/6 8/738/8
f 609/687/609 10/711/10 628/710/628
f 288/706/288 625/707/625 640/729/640
f 647/745/647 648/746/648 649/747/649
f 650/748/650 651/749/651 652/750/652
f 653/751/653 650/748/650 652/750/652
f 654/752/654 647/745/647 649/747/649
f 655/753/655 656/754/656 657/755/657
f 658/756/658 659/757/659 660/758/660
f 654/752/654 655/753/655 657/755/657
f 661/759/661 662/760/662 663/761/663
f 661/759/661 664/762/664 665/763/665
f 666/764/666 667/765/667 668/766/668
f 668/766/668 669/767/669 670/768/670
f 671/769/671 654/752/654 649/747/649
f 668/766/668 653/751/653 669/767/669
f 672/770/672 673/771/673 674/772/674
f 675/773/675 676/774/676 677/775/677
f 657/755/657 678/776/678 679/777/679
f 664/762/664 661/759/661 680/778/680
f 681/779/681 656/754/656 663/761/663
f 670/768/670 682/780/682 666/764/666
f 654/752/654 657/755/657 647/745/647
f 661/759/661 663/761/663 655/753/655
f 657/755/657 656/754/656 678/776/678
f 683/781/683 684/782/684 685/783/685
f 656/754/656 681/779/681 678/776/678
f 686/784/686 687/785/687 688/786/688
f 663/761/663 689/787/689 681/779/681
f 647/745/647 690/788/690 648/746/648
f 691/789/691 672/770/672 682/780/682
f 692/790/692 693/791/693 654/752/654
f 676/774/676 675/773/675 671/769/671
f 689/787/689 694/792/694 681/779/681
f 692/790/692 675/773/675 693/791/693
f 657/755/657 690/788/690 647/745/647
f 664/762/664 680/778/680 695/793/695
f 696/794/696 697/795/697 698/796/698
f 657/755/657 679/777/679 690/788/690
f 671/769/671 682/780/682 676/774/676
f 698/796/698 658/756/658 650/748/650
f 682/780/682 671/769/671 691/789/691
f 673/771/673 691/789/691 699/797/699
f 660/758/660 651/749/651 658/756/658
f 693/791/693 675/773/675 661/759/661
f 689/787/689 663/761/663 662/760/662
f 697/795/697 696/794/696 700/798/700
f 661/759/661 701/799/701 662/760/662
f 677/775/677 661/759/661 675/773/675
f 682/780/682 677/775/677 676/774/676
f 665/763/665 701/799/701 661/759/661
f 673/771/673 672/770/672 691/789/691
f 677/775/677 682/780/682 670/768/670
f 672/770/672 667/765/667 666/764/666
f 672/770/672 666/764/666 682/780/682
f 702/800/702 701/799/701 665/763/665
f 661/759/661 655/753/655 693/791/693
f 686/784/686 698/796/698 697/795/697
f 702/800/702 703/801/703 701/799/701
f 677/775/677 670/768/670 680/778/680
f 674/772/674 667/765/667 672/770/672
f 664/762/664 695/793/695 704/802/704
f 699/797/699 691/789/691 671/769/671
f 684/782/684 667/765/667 674/772/674
f 689/787/689 705/803/705 694/792/694
f 667/765/667 706/804/706 668/766/668
f 696/794/696 667/765/667 684/782/684
f 701/799/701 703/801/703 662/760/662
f 698/796/698 659/757/659 658/756/658
f 697/795/697 707/805/707 686/784/686
f 695/793/695 680/778/680 669/767/669
f 650/748/650 696/794/696 698/796/698
f 675/773/675 654/752/654 671/769/671
f 669/767/669 652/750/652 695/793/695
f 696/794/696 650/748/650 706/804/706
f 696/794/696 706/804/706 667/765/667
f 653/751/653 668/766/668 706/804/706
f 708/806/708 704/802/704 695/793/695
f 669/767/669 680/778/680 670/768/670
f 677/775/677 680/778/680 661/759/661
f 684/782/684 700/798/700 696/794/696
f 655/753/655 663/761/663 656/754/656
f 651/749/651 650/748/650 658/756/658
f 683/781/683 700/798/700 684/782/684
f 709/807/709 710/808/710 685/783/685
f 674/772/674 685/783/685 684/782/684
f 673/771/673 711/809/711 674/772/674
f 685/783/685 710/808/710 683/781/683
f 711/809/711 685/783/685 674/772/674
f 707/805/707 700/798/700 712/810/712
f 652/750/652 669/767/669 653/751/653
f 712/810/712 700/798/700 683/781/683
f 712/810/712 683/781/683 710/808/710
f 687/785/687 707/805/707 712/810/712
f 703/801/703 713/811/713 705/803/705
f 650/748/650 653/751/653 706/804/706
f 664/762/664 704/802/704 665/763/665
f 651/749/651 708/806/708 652/750/652
f 707/805/707 697/795/697 700/798/700
f 689/787/689 662/760/662 703/801/703
f 675/773/675 692/790/692 654/752/654
f 695/793/695 652/750/652 708/806/708
f 713/811/713 703/801/703 702/800/702
f 686/784/686 659/757/659 698/796/698
f 703/801/703 705/803/705 689/787/689
f 686/784/686 707/805/707 687/785/687
f 654/752/654 693/791/693 655/753/655
f 699/797/699 671/769/671 649/747/649
f 670/768/670 666/764/666 668/766/668
f 714/812/714 686/784/686 688/786/688
f 715/813/715 686/784/686 714/812/714
f 715/813/715 659/757/659 686/784/686
f 716/814/716 717/815/717 718/816/718
f 719/817/719 720/818/720 721/819/721
f 722/820/722 723/821/723 716/814/716
f 722/820/722 724/822/724 725/823/725
f 726/824/726 725/823/725 724/822/724
f 727/825/727 726/824/726 724/822/724
f 165/826/165 726/824/726 164/827/164
f 716/814/716 728/828/728 722/820/722
f 721/819/721 165/826/165 175/829/175
f 729/830/729 719/817/719 175/829/175
f 175/829/175 173/831/173 729/830/729
f 730/832/730 731/833/731 732/834/732
f 733/835/733 734/836/734 735/837/735
f 734/836/734 722/820/722 725/823/725
f 725/823/725 726/824/726 721/819/721
f 726/824/726 165/826/165 721/819/721
f 734/836/734 733/835/733 736/838/736
f 719/817/719 721/819/721 175/829/175
f 727/825/727 722/820/722 728/828/728
f 208/839/208 737/840/737 209/841/209
f 738/842/738 718/816/718 717/815/717
f 727/825/727 180/843/180 164/827/164
f 739/844/739 740/845/740 741/846/741
f 728/828/728 718/816/718 738/842/738
f 727/825/727 164/827/164 726/824/726
f 728/828/728 716/814/716 718/816/718
f 722/820/722 727/825/727 724/822/724
f 742/847/742 743/848/743 732/834/732
f 180/843/180 727/825/727 728/828/728
f 734/836/734 723/821/723 722/820/722
f 744/849/744 737/840/737 741/846/741
f 717/815/717 745/850/745 738/842/738
f 717/815/717 746/851/746 745/850/745
f 739/844/739 747/852/747 748/853/748
f 749/854/749 750/855/750 740/845/740
f 733/835/733 751/856/751 752/857/752
f 751/856/751 733/835/733 753/858/753
f 720/818/720 751/856/751 753/858/753
f 754/859/754 749/854/749 755/860/755
f 719/817/719 729/830/729 756/861/756
f 757/862/757 758/863/758 171/864/171
f 719/817/719 754/859/754 720/818/720
f 757/862/757 749/854/749 758/863/758
f 756/861/756 729/830/729 758/863/758
f 744/849/744 750/855/750 757/862/757
f 756/861/756 754/859/754 719/817/719
f 751/856/751 754/859/754 755/860/755
f 729/830/729 173/831/173 758/863/758
f 758/863/758 173/831/173 172/865/172
f 172/865/172 171/864/171 758/863/758
f 749/854/749 756/861/756 758/863/758
f 756/861/756 749/854/749 754/859/754
f 752/857/752 751/856/751 755/860/755
f 720/818/720 754/859/754 751/856/751
f 752/857/752 759/866/759 733/835/733
f 757/862/757 171/864/171 152/867/152
f 749/854/749 740/845/740 760/868/760
f 730/832/730 761/869/761 762/870/762
f 747/852/747 763/871/763 762/870/762
f 762/870/762 761/869/761 747/852/747
f 760/868/760 740/845/740 748/853/748
f 739/844/739 737/840/737 208/839/208
f 743/848/743 742/847/742 748/853/748
f 739/844/739 208/839/208 747/852/747
f 761/869/761 743/848/743 747/852/747
f 737/840/737 744/849/744 764/872/764
f 765/873/765 759/866/759 766/874/766
f 765/873/765 766/874/766 767/875/767
f 765/873/765 733/835/733 759/866/759
f 767/875/767 733/835/733 765/873/765
f 767/875/767 736/838/736 733/835/733
f 768/876/768 736/838/736 769/877/769
f 767/875/767 769/877/769 736/838/736
f 755/860/755 749/854/749 760/868/760
f 209/841/209 737/840/737 764/872/764
f 208/839/208 763/871/763 747/852/747
f 739/844/739 741/846/741 737/840/737
f 748/853/748 747/852/747 743/848/743
f 742/847/742 732/834/732 752/857/752
f 179/878/179 764/872/764 744/849/744
f 763/871/763 216/879/216 762/870/762
f 740/845/740 750/855/750 741/846/741
f 744/849/744 741/846/741 750/855/750
f 759/866/759 752/857/752 732/834/732
f 761/869/761 732/834/732 743/848/743
f 770/880/770 746/851/746 717/815/717
f 152/867/152 179/878/179 757/862/757
f 752/857/752 755/860/755 742/847/742
f 750/855/750 749/854/749 757/862/757
f 746/851/746 771/881/771 745/850/745
f 208/839/208 216/879/216 763/871/763
f 748/853/748 740/845/740 739/844/739
f 770/880/770 768/876/768 746/851/746
f 732/834/732 731/833/731 759/866/759
f 730/832/730 732/834/732 761/869/761
f 760/868/760 742/847/742 755/860/755
f 748/853/748 742/847/742 760/868/760
f 733/835/733 735/837/735 753/858/753
f 736/838/736 768/876/768 723/821/723
f 725/823/725 753/858/753 735/837/735
f 753/858/753 725/823/725 720/818/720
f 757/862/757 179/878/179 744/849/744
f 768/876/768 770/880/770 723/821/723
f 734/836/734 736/838/736 723/821/723
f 725/823/725 735/837/735 734/836/734
f 717/815/717 716/814/716 770/880/770
f 725/823/725 721/819/721 720/818/720
f 723/821/723 770/880/770 716/814/716
f 766/874/766 759/866/759 731/833/731
f 772/882/772 210/883/210 203/884/203
f 773/885/773 774/886/774 775/887/775
f 775/887/775 776/888/776 777/889/777
f 778/890/778 779/891/779 780/892/780
f 781/893/781 782/894/782 774/886/774
f 783/895/783 784/896/784 785/897/785
f 782/894/782 781/893/781 772/882/772
f 786/898/786 787/899/787 788/900/788
f 789/901/789 779/891/779 790/902/790
f 791/903/791 792/904/792 793/905/793
f 794/906/794 795/907/795 796/908/796
f 797/909/797 798/910/798 799/911/799
f 794/906/794 786/898/786 800/912/800
f 801/913/801 802/914/802 803/915/803
f 804/916/804 805/917/805 806/918/806
f 775/887/775 807/919/807 776/888/776
f 808/920/808 772/882/772 203/884/203
f 809/921/809 810/922/810 811/923/811
f 812/924/812 813/925/813 814/926/814
f 815/927/815 809/921/809 816/928/816
f 781/893/781 210/883/210 772/882/772
f 809/921/809 811/923/811 805/917/805
f 817/929/817 818/930/818 802/914/802
f 210/883/210 781/893/781 773/885/773
f 798/910/798 819/931/819 813/925/813
f 820/932/820 821/933/821 789/901/789
f 822/934/822 823/935/823 824/936/824
f 782/894/782 825/937/825 774/886/774
f 800/912/800 788/900/788 826/938/826
f 816/928/816 827/939/827 828/940/828
f 772/882/772 825/937/825 782/894/782
f 814/926/814 813/925/813 829/941/829
f 774/886/774 821/933/821 820/932/820
f 805/917/805 830/942/830 806/918/806
f 831/943/831 799/911/799 812/924/812
f 822/934/822 811/923/811 823/935/823
f 824/936/824 832/944/832 833/945/833
f 834/946/834 835/947/835 812/924/812
f 836/948/836 798/910/798 813/925/813
f 780/892/780 808/920/808 795/907/795
f 802/914/802 837/949/837 814/926/814
f 773/885/773 781/893/781 774/886/774
f 829/941/829 813/925/813 838/950/838
f 795/907/795 778/890/778 780/892/780
f 790/902/790 779/891/779 797/909/797
f 839/951/839 776/888/776 793/905/793
f 779/891/779 821/933/821 825/937/825
f 780/892/780 825/937/825 772/882/772
f 835/947/835 834/946/834 840/952/840
f 787/899/787 784/896/784 788/900/788
f 198/953/198 808/920/808 203/884/203
f 808/920/808 780/892/780 772/882/772
f 802/914/802 814/926/814 829/941/829
f 774/886/774 820/932/820 775/887/775
f 796/908/796 786/898/786 794/906/794
f 777/889/777 776/888/776 839/951/839
f 792/904/792 839/951/839 793/905/793
f 814/926/814 834/946/834 812/924/812
f 791/903/791 830/942/830 841/954/841
f 837/949/837 802/914/802 818/930/818
f 835/947/835 831/943/831 812/924/812
f 834/946/834 814/926/814 842/955/842
f 808/920/808 198/953/198 796/908/796
f 801/913/801 803/915/803 784/896/784
f 843/956/843 784/896/784 783/895/783
f 779/891/779 789/901/789 821/933/821
f 194/957/194 796/908/796 198/953/198
f 788/900/788 784/896/784 803/915/803
f 806/918/806 844/958/844 804/916/804
f 784/896/784 787/899/787 785/897/785
f 833/945/833 845/959/845 846/960/846
f 833/945/833 846/960/846 824/936/824
f 806/918/806 791/903/791 793/905/793
f 788/900/788 803/915/803 826/938/826
f 797/909/797 779/891/779 778/890/778
f 838/950/838 800/912/800 826/938/826
f 847/961/847 842/955/842 837/949/837
f 798/910/798 778/890/778 819/931/819
f 848/962/848 849/963/849 799/911/799
f 827/939/827 809/921/809 805/917/805
f 819/931/819 795/907/795 794/906/794
f 840/952/840 850/964/850 828/940/828
f 810/922/810 815/927/815 823/935/823
f 838/950/838 813/925/813 819/931/819
f 849/963/849 844/958/844 789/901/789
f 831/943/831 848/962/848 799/911/799
f 780/892/780 779/891/779 825/937/825
f 844/958/844 806/918/806 793/905/793
f 805/917/805 804/916/804 848/962/848
f 807/919/807 844/958/844 793/905/793
f 815/927/815 810/922/810 809/921/809
f 817/929/817 851/965/851 818/930/818
f 852/966/852 811/923/811 822/934/822
f 820/932/820 807/919/807 775/887/775
f 853/967/853 840/952/840 834/946/834
f 794/906/794 800/912/800 838/950/838
f 811/923/811 852/966/852 841/954/841
f 838/950/838 826/938/826 829/941/829
f 802/914/802 829/941/829 803/915/803
f 795/907/795 819/931/819 778/890/778
f 827/939/827 848/962/848 831/943/831
f 829/941/829 826/938/826 803/915/803
f 842/955/842 853/967/853 834/946/834
f 790/902/790 849/963/849 789/901/789
f 828/940/828 831/943/831 835/947/835
f 784/896/784 843/956/843 801/913/801
f 798/910/798 836/948/836 799/911/799
f 824/936/824 823/935/823 832/944/832
f 796/908/796 795/907/795 808/920/808
f 823/935/823 811/923/811 810/922/810
f 837/949/837 842/955/842 814/926/814
f 843/956/843 817/929/817 801/913/801
f 820/932/820 789/901/789 844/958/844
f 817/929/817 802/914/802 801/913/801
f 835/947/835 840/952/840 828/940/828
f 805/917/805 811/923/811 830/942/830
f 844/958/844 807/919/807 820/932/820
f 827/939/827 831/943/831 828/940/828
f 813/925/813 812/924/812 836/948/836
f 832/944/832 823/935/823 815/927/815
f 827/939/827 805/917/805 848/962/848
f 850/964/850 816/928/816 828/940/828
f 832/944/832 815/927/815 816/928/816
f 778/890/778 798/910/798 797/909/797
f 794/906/794 838/950/838 819/931/819
f 800/912/800 786/898/786 788/900/788
f 844/958/844 849/963/849 804/916/804
f 848/962/848 804/916/804 849/963/849
f 821/933/821 774/886/774 825/937/825
f 786/898/786 796/908/796 854/968/854
f 790/902/790 797/909/797 799/911/799
f 830/942/830 811/923/811 841/954/841
f 776/888/776 807/919/807 793/905/793
f 806/918/806 830/942/830 791/903/791
f 775/887/775 777/889/777 773/885/773
f 799/911/799 849/963/849 790/902/790
f 847/961/847 837/949/837 818/930/818
f 809/921/809 827/939/827 816/928/816
f 854/968/854 796/908/796 194/957/194
f 799/911/799 836/948/836 812/924/812
f 855/969/855 856/970/856 857/971/857
f 858/972/858 859/973/859 860/974/860
f 679/975/679 861/976/861 862/977/862
f 863/978/863 864/979/864 865/980/865
f 855/969/855 862/977/862 856/970/856
f 866/981/866 867/982/867 865/980/865
f 864/979/864 868/983/868 869/984/869
f 867/982/867 588/985/588 870/986/870
f 860/974/860 871/987/871 858/972/858
f 872/988/872 866/981/866 869/984/869
f 873/989/873 874/990/874 871/987/871
f 875/991/875 876/992/876 877/993/877
f 878/994/878 705/995/705 879/996/879
f 879/996/879 880/997/880 881/998/881
f 881/998/881 878/994/878 879/996/879
f 882/999/882 883/1000/883 884/1001/884
f 881/998/881 880/997/880 883/1000/883
f 885/1002/885 883/1000/883 880/997/880
f 883/1000/883 882/999/882 881/998/881
f 883/1000/883 885/1002/885 884/1001/884
f 884/1001/884 886/1003/886 882/999/882
f 887/1004/887 881/998/881 882/999/882
f 888/1005/888 882/999/882 886/1003/886
f 886/1003/886 887/1004/887 888/1005/888
f 881/998/881 887/1004/887 878/994/878
f 887/1004/887 882/999/882 888/1005/888
f 889/1006/889 890/1007/890 891/1008/891
f 705/995/705 878/994/878 694/1009/694
f 887/1004/887 886/1003/886 861/976/861
f 892/1010/892 370/1011/370 345/1012/345
f 893/1013/893 855/969/855 857/971/857
f 678/1014/678 681/1015/681 894/1016/894
f 889/1006/889 891/1008/891 895/1017/895
f 896/1018/896 889/1006/889 897/1019/897
f 370/1011/370 895/1017/895 891/1008/891
f 370/1011/370 891/1008/891 360/1020/360
f 855/969/855 898/1021/898 899/1022/899
f 896/1018/896 890/1007/890 889/1006/889
f 360/1020/360 891/1008/891 900/1023/900
f 891/1008/891 890/1007/890 900/1023/900
f 901/1024/901 354/1025/354 902/1026/902
f 896/1018/896 897/1019/897 903/1027/903
f 904/1028/904 898/1021/898 893/1013/893
f 899/1022/899 898/1021/898 903/1027/903
f 905/1029/905 855/969/855 899/1022/899
f 362/1030/362 863/978/863 906/1031/906
f 353/1032/353 901/1024/901 362/1030/362
f 896/1018/896 907/1033/907 900/1023/900
f 585/1034/585 906/1031/906 863/978/863
f 898/1021/898 904/1028/904 896/1018/896
f 902/1026/902 361/1035/361 907/1033/907
f 585/1034/585 365/1036/365 906/1031/906
f 360/1020/360 900/1023/900 908/1037/908
f 878/994/878 887/1004/887 894/1016/894
f 892/1010/892 889/1006/889 895/1017/895
f 901/1024/901 353/1032/353 354/1025/354
f 904/1028/904 893/1013/893 864/979/864
f 896/1018/896 900/1023/900 890/1007/890
f 907/1033/907 896/1018/896 904/1028/904
f 900/1023/900 907/1033/907 908/1037/908
f 864/979/864 863/978/863 901/1024/901
f 894/1016/894 681/1015/681 878/994/878
f 906/1031/906 364/1038/364 362/1030/362
f 896/1018/896 903/1027/903 898/1021/898
f 694/1009/694 878/994/878 681/1015/681
f 355/1039/355 361/1035/361 902/1026/902
f 361/1035/361 360/1020/360 908/1037/908
f 364/1038/364 906/1031/906 365/1036/365
f 678/1014/678 861/976/861 679/975/679
f 904/1028/904 901/1024/901 907/1033/907
f 909/1040/909 905/1029/905 690/1041/690
f 861/976/861 678/1014/678 894/1016/894
f 861/976/861 886/1003/886 910/1042/910
f 886/1003/886 911/1043/911 910/1042/910
f 895/1017/895 370/1011/370 892/1010/892
f 857/971/857 859/973/859 893/1013/893
f 912/1044/912 899/1022/899 903/1027/903
f 861/976/861 910/1042/910 862/977/862
f 898/1021/898 855/969/855 893/1013/893
f 870/986/870 588/985/588 590/1045/590
f 855/969/855 905/1029/905 909/1040/909
f 911/1043/911 856/970/856 910/1042/910
f 860/974/860 859/973/859 857/971/857
f 860/974/860 857/971/857 911/1043/911
f 864/979/864 901/1024/901 904/1028/904
f 911/1043/911 857/971/857 856/970/856
f 907/1033/907 361/1035/361 908/1037/908
f 354/1025/354 355/1039/355 902/1026/902
f 861/976/861 894/1016/894 887/1004/887
f 862/977/862 910/1042/910 856/970/856
f 901/1024/901 902/1026/902 907/1033/907
f 679/975/679 862/977/862 909/1040/909
f 877/993/877 867/982/867 872/988/872
f 690/1041/690 679/975/679 909/1040/909
f 909/1040/909 862/977/862 855/969/855
f 866/981/866 864/979/864 869/984/869
f 863/978/863 362/1030/362 901/1024/901
f 871/987/871 911/1043/911 886/1003/886
f 569/1046/569 884/1001/884 913/1047/913
f 884/1001/884 569/1046/569 873/989/873
f 884/1001/884 873/989/873 886/1003/886
f 912/1044/912 903/1027/903 897/1019/897
f 914/1048/914 893/1013/893 859/973/859
f 586/1049/586 588/985/588 876/992/876
f 871/987/871 860/974/860 911/1043/911
f 893/1013/893 868/983/868 864/979/864
f 914/1048/914 868/983/868 893/1013/893
f 873/989/873 569/1046/569 562/1050/562
f 868/983/868 914/1048/914 869/984/869
f 871/987/871 874/990/874 858/972/858
f 915/1051/915 914/1048/914 858/972/858
f 916/1052/916 915/1051/915 858/972/858
f 568/1053/568 569/1046/569 913/1047/913
f 873/989/873 562/1050/562 874/990/874
f 869/984/869 914/1048/914 877/993/877
f 592/1054/592 586/1049/586 875/991/875
f 858/972/858 914/1048/914 859/973/859
f 914/1048/914 915/1051/915 877/993/877
f 874/990/874 562/1050/562 574/1055/574
f 917/1056/917 585/1034/585 863/978/863
f 918/1057/918 915/1051/915 916/1052/916
f 866/981/866 865/980/865 864/979/864
f 877/993/877 872/988/872 869/984/869
f 877/993/877 918/1057/918 875/991/875
f 877/993/877 915/1051/915 918/1057/918
f 875/991/875 918/1057/918 916/1052/916
f 916/1052/916 874/990/874 592/1054/592
f 574/1055/574 592/1054/592 874/990/874
f 865/980/865 867/982/867 917/1056/917
f 916/1052/916 592/1054/592 875/991/875
f 870/986/870 917/1056/917 867/982/867
f 870/986/870 591/1058/591 917/1056/917
f 588/985/588 867/982/867 876/992/876
f 876/992/876 875/991/875 586/1049/586
f 858/972/858 874/990/874 916/1052/916
f 917/1056/917 591/1058/591 585/1034/585
f 870/986/870 590/1045/590 591/1058/591
f 863/978/863 865/980/865 917/1056/917
f 871/987/871 886/1003/886 873/989/873
f 876/992/876 867/982/867 877/993/877
f 913/1047/913 884/1001/884 568/1053/568
f 884/1001/884 595/1059/595 568/1053/568
f 867/982/867 866/981/866 872/988/872
f 885/1002/885 595/1059/595 884/1001/884
f 919/1060/919 920/1061/920 921/1062/921
f 919/1060/919 921/1062/921 922/1063/922
f 923/1064/923 919/1060/919 924/1065/924
f 925/1066/925 792/1067/792 791/1068/791
f 926/1069/926 925/1066/925 852/1070/852
f 927/1071/927 928/1072/928 923/1064/923
f 929/1073/929 930/1074/930 931/1075/931
f 822/1076/822 926/1069/926 852/1070/852
f 932/1077/932 933/1078/933 934/1079/934
f 930/1074/930 935/1080/935 936/1081/936
f 937/1082/937 773/1083/773 777/1084/777
f 730/1085/730 762/1086/762 938/1087/938
f 939/1088/939 215/1089/215 940/1090/940
f 941/1091/941 924/1065/924 942/1092/942
f 943/1093/943 935/1080/935 944/1094/944
f 923/1064/923 924/1065/924 945/1095/945
f 928/1072/928 927/1071/927 946/1096/946
f 925/1066/925 791/1068/791 841/1097/841
f 922/1063/922 942/1092/942 919/1060/919
f 920/1061/920 919/1060/919 923/1064/923
f 933/1078/933 947/1098/947 943/1093/943
f 945/1095/945 924/1065/924 941/1091/941
f 769/1099/769 948/1100/948 949/1101/949
f 950/1102/950 929/1073/929 951/1103/951
f 769/1099/769 949/1101/949 768/1104/768
f 922/1063/922 921/1062/921 952/1105/952
f 767/1106/767 948/1100/948 769/1099/769
f 953/1107/953 927/1071/927 945/1095/945
f 935/1080/935 943/1093/943 954/1108/954
f 944/1094/944 955/1109/955 956/1110/956
f 768/1104/768 957/1111/957 746/1112/746
f 958/1113/958 957/1111/957 927/1071/927
f 927/1071/927 953/1107/953 958/1113/958
f 959/1114/959 846/1115/846 960/1116/960
f 935/1080/935 930/1074/930 944/1094/944
f 935/1080/935 762/1086/762 936/1081/936
f 961/1117/961 926/1069/926 962/1118/962
f 935/1080/935 938/1087/938 762/1086/762
f 919/1060/919 942/1092/942 924/1065/924
f 963/1119/963 932/1077/932 961/1117/961
f 845/1120/845 964/1121/964 960/1116/960
f 964/1121/964 965/1122/965 960/1116/960
f 958/1113/958 746/1112/746 957/1111/957
f 946/1096/946 957/1111/957 949/1101/949
f 966/1123/966 967/1124/967 921/1062/921
f 956/1110/956 955/1109/955 925/1066/925
f 746/1112/746 958/1113/958 771/1125/771
f 927/1071/927 923/1064/923 945/1095/945
f 968/1126/968 951/1103/951 929/1073/929
f 925/1066/925 841/1097/841 852/1070/852
f 944/1094/944 930/1074/930 955/1109/955
f 845/1120/845 960/1116/960 846/1115/846
f 959/1114/959 960/1116/960 962/1118/962
f 929/1073/929 931/1075/931 968/1126/968
f 969/1127/969 963/1119/963 970/1128/970
f 969/1127/969 971/1129/971 963/1119/963
f 950/1102/950 951/1103/951 839/1130/839
f 934/1079/934 944/1094/944 956/1110/956
f 777/1084/777 839/1130/839 951/1103/951
f 955/1109/955 930/1074/930 929/1073/929
f 956/1110/956 925/1066/925 926/1069/926
f 933/1078/933 944/1094/944 934/1079/934
f 839/1130/839 792/1067/792 950/1102/950
f 215/1089/215 939/1088/939 936/1081/936
f 972/1131/972 731/1132/731 973/1133/973
f 957/1111/957 946/1096/946 927/1071/927
f 771/1125/771 958/1113/958 974/1134/974
f 925/1066/925 955/1109/955 950/1102/950
f 930/1074/930 936/1081/936 931/1075/931
f 210/1135/210 937/1082/937 213/1136/213
f 968/1126/968 931/1075/931 940/1090/940
f 768/1104/768 949/1101/949 957/1111/957
f 953/1107/953 945/1095/945 941/1091/941
f 824/1137/824 959/1114/959 822/1076/822
f 975/1138/975 966/1123/966 969/1127/969
f 766/1139/766 947/1098/947 976/1140/976
f 937/1082/937 210/1135/210 773/1083/773
f 216/1141/216 215/1089/215 762/1086/762
f 973/1133/973 731/1132/731 730/1085/730
f 972/1131/972 947/1098/947 766/1139/766
f 933/1078/933 971/1129/971 977/1142/977
f 968/1126/968 214/1143/214 937/1082/937
f 977/1142/977 978/1144/978 933/1078/933
f 973/1133/973 730/1085/730 954/1108/954
f 953/1107/953 974/1134/974 958/1113/958
f 965/1122/965 962/1118/962 960/1116/960
f 979/1145/979 980/1146/980 969/1127/969
f 981/1147/981 970/1128/970 963/1119/963
f 923/1064/923 928/1072/928 979/1145/979
f 846/1115/846 959/1114/959 824/1137/824
f 961/1117/961 934/1079/934 926/1069/926
f 920/1061/920 923/1064/923 979/1145/979
f 976/1140/976 767/1106/767 766/1139/766
f 947/1098/947 972/1131/972 973/1133/973
f 926/1069/926 822/1076/822 962/1118/962
f 934/1079/934 961/1117/961 932/1077/932
f 928/1072/928 980/1146/980 979/1145/979
f 940/1090/940 214/1143/214 968/1126/968
f 932/1077/932 971/1129/971 933/1078/933
f 977/1142/977 976/1140/976 978/1144/978
f 969/1127/969 920/1061/920 979/1145/979
f 980/1146/980 928/1072/928 946/1096/946
f 956/1110/956 926/1069/926 934/1079/934
f 981/1147/981 962/1118/962 965/1122/965
f 982/1148/982 967/1124/967 983/1149/983
f 767/1106/767 976/1140/976 948/1100/948
f 969/1127/969 980/1146/980 971/1129/971
f 792/1067/792 925/1066/925 950/1102/950
f 967/1124/967 984/1150/984 952/1105/952
f 931/1075/931 939/1088/939 940/1090/940
f 980/1146/980 977/1142/977 971/1129/971
f 977/1142/977 980/1146/980 946/1096/946
f 947/1098/947 933/1078/933 978/1144/978
f 944/1094/944 933/1078/933 943/1093/943
f 948/1100/948 976/1140/976 977/1142/977
f 946/1096/946 949/1101/949 977/1142/977
f 961/1117/961 981/1147/981 963/1119/963
f 966/1123/966 921/1062/921 920/1061/920
f 963/1119/963 971/1129/971 932/1077/932
f 978/1144/978 976/1140/976 947/1098/947
f 977/1142/977 949/1101/949 948/1100/948
f 943/1093/943 947/1098/947 973/1133/973
f 951/1103/951 968/1126/968 937/1082/937
f 954/1108/954 938/1087/938 935/1080/935
f 985/1151/985 965/1122/965 964/1121/964
f 936/1081/936 939/1088/939 931/1075/931
f 936/1081/936 762/1086/762 215/1089/215
f 970/1128/970 975/1138/975 969/1127/969
f 986/1152/986 965/1122/965 985/1151/985
f 981/1147/981 965/1122/965 970/1128/970
f 966/1123/966 983/1149/983 967/1124/967
f 982/1148/982 983/1149/983 986/1152/986
f 962/1118/962 981/1147/981 961/1117/961
f 970/1128/970 986/1152/986 975/1138/975
f 777/1084/777 951/1103/951 937/1082/937
f 929/1073/929 950/1102/950 955/1109/955
f 937/1082/937 214/1143/214 213/1136/213
f 982/1148/982 984/1150/984 967/1124/967
f 938/1087/938 954/1108/954 730/1085/730
f 966/1123/966 975/1138/975 983/1149/983
f 966/1123/966 920/1061/920 969/1127/969
f 214/1143/214 940/1090/940 215/1089/215
f 766/1139/766 731/1132/731 972/1131/972
f 822/1076/822 959/1114/959 962/1118/962
f 970/1128/970 965/1122/965 986/1152/986
f 975/1138/975 986/1152/986 983/1149/983
f 973/1133/973 954/1108/954 943/1093/943
f 952/1105/952 921/1062/921 967/1124/967
f 987/1153/987 988/1154/988 345/1155/345
f 989/1156/989 990/1157/990 991/1158/991
f 992/1159/992 993/1160/993 994/1161/994
f 995/1162/995 996/1163/996 997/1164/997
f 994/1161/994 998/1165/998 324/1166/324
f 999/1167/999 1000/1168/1000 1001/1169/1001
f 905/1170/905 1002/1171/1002 648/1172/648
f 1003/1173/1003 1004/1174/1004 1005/1175/1005
f 1006/1176/1006 1007/1177/1007 1008/1178/1008
f 328/1179/328 1007/1177/1007 1009/1180/1009
f 999/1167/999 1010/1181/1010 1000/1168/1000
f 994/1161/994 993/1160/993 1011/1182/1011
f 1012/1183/1012 1013/1184/1013 1014/1185/1014
f 1015/1186/1015 1016/1187/1016 1017/1188/1017
f 994/1161/994 324/1166/324 1018/1189/1018
f 1019/1190/1019 1020/1191/1020 1021/1192/1021
f 992/1159/992 994/1161/994 1022/1193/1022
f 328/1179/328 1023/1194/1023 1008/1178/1008
f 1001/1169/1001 1000/1168/1000 992/1159/992
f 1024/1195/1024 1010/1181/1010 1025/1196/1025
f 1026/1197/1026 999/1167/999 1001/1169/1001
f 1026/1197/1026 1025/1196/1025 999/1167/999
f 328/1179/328 1009/1180/1009 329/1198/329
f 1014/1185/1014 1027/1199/1027 1028/1200/1028
f 1010/1181/1010 1024/1195/1024 1029/1201/1029
f 1017/1188/1017 1030/1202/1030 1031/1203/1031
f 1032/1204/1032 1011/1182/1011 1029/1201/1029
f 997/1164/997 1008/1178/1008 998/1165/998
f 1033/1205/1033 1034/1206/1034 1024/1195/1024
f 1029/1201/1029 1011/1182/1011 993/1160/993
f 1007/1177/1007 328/1179/328 1008/1178/1008
f 987/1153/987 1009/1180/1009 1007/1177/1007
f 1034/1206/1034 1029/1201/1029 1024/1195/1024
f 1032/1204/1032 996/1163/996 1011/1182/1011
f 997/1164/997 996/1163/996 1035/1207/1035
f 1036/1208/1036 1037/1209/1037 912/1210/912
f 1034/1206/1034 1019/1190/1019 1032/1204/1032
f 1019/1190/1019 996/1163/996 1032/1204/1032
f 1035/1207/1035 996/1163/996 1038/1211/1038
f 329/1198/329 1009/1180/1009 345/1155/345
f 673/1212/673 1027/1199/1027 711/1213/711
f 1026/1197/1026 1001/1169/1001 67/1214/67
f 1007/1177/1007 1006/1176/1006 990/1157/990
f 1034/1206/1034 1020/1191/1020 1019/1190/1019
f 1038/1211/1038 996/1163/996 1019/1190/1019
f 990/1157/990 1006/1176/1006 1003/1173/1003
f 1003/1173/1003 997/1164/997 1004/1174/1004
f 1035/1207/1035 1038/1211/1038 1030/1202/1030
f 1017/1188/1017 1004/1174/1004 1035/1207/1035
f 1009/1180/1009 987/1153/987 345/1155/345
f 1021/1192/1021 1038/1211/1038 1019/1190/1019
f 1035/1207/1035 1030/1202/1030 1017/1188/1017
f 1016/1187/1016 1004/1174/1004 1017/1188/1017
f 987/1153/987 990/1157/990 989/1156/989
f 1038/1211/1038 1021/1192/1021 1039/1215/1039
f 1005/1175/1005 991/1158/991 990/1157/990
f 1039/1215/1039 1031/1203/1031 1038/1211/1038
f 989/1156/989 988/1154/988 987/1153/987
f 991/1158/991 1016/1187/1016 1040/1216/1040
f 711/1213/711 1027/1199/1027 1013/1184/1013
f 1018/1189/1018 324/1166/324 66/1217/66
f 892/1218/892 1041/1219/1041 1042/1220/1042
f 1012/1183/1012 1043/1221/1043 1044/1222/1044
f 1043/1221/1043 1040/1216/1040 1045/1223/1045
f 1015/1186/1015 1045/1223/1045 1040/1216/1040
f 1012/1183/1012 1040/1216/1040 1043/1221/1043
f 1043/1221/1043 1045/1223/1045 1046/1224/1046
f 1045/1223/1045 1015/1186/1015 1046/1224/1046
f 992/1159/992 1022/1193/1022 1001/1169/1001
f 1016/1187/1016 1015/1186/1015 1040/1216/1040
f 1047/1225/1047 1041/1219/1041 1048/1226/1048
f 899/1227/899 912/1210/912 1002/1171/1002
f 1048/1226/1048 1040/1216/1040 1012/1183/1012
f 1010/1181/1010 999/1167/999 1025/1196/1025
f 1002/1171/1002 905/1170/905 899/1227/899
f 1037/1209/1037 1049/1228/1049 1050/1229/1050
f 1049/1228/1049 1047/1225/1047 1051/1230/1051
f 998/1165/998 995/1162/995 997/1164/997
f 1052/1231/1052 1044/1222/1044 709/1232/709
f 1022/1193/1022 50/1233/50 1001/1169/1001
f 1027/1199/1027 673/1212/673 1028/1200/1028
f 1023/1194/1023 328/1179/328 326/1234/326
f 1053/1235/1053 1017/1188/1017 1031/1203/1031
f 1054/1236/1054 709/1232/709 685/1237/685
f 1055/1238/1055 699/1239/699 1056/1240/1056
f 1023/1194/1023 324/1166/324 998/1165/998
f 1001/1169/1001 50/1233/50 52/1241/52
f 1049/1228/1049 1037/1209/1037 1042/1220/1042
f 989/1156/989 991/1158/991 1048/1226/1048
f 997/1164/997 1006/1176/1006 1008/1178/1008
f 1056/1240/1056 1050/1229/1050 1055/1238/1055
f 993/1160/993 1000/1168/1000 1029/1201/1029
f 1042/1220/1042 1037/1209/1037 1036/1208/1036
f 992/1159/992 1000/1168/1000 993/1160/993
f 649/1242/649 648/1172/648 1050/1229/1050
f 1041/1219/1041 1047/1225/1047 1049/1228/1049
f 648/1172/648 690/1243/690 905/1170/905
f 991/1158/991 1005/1175/1005 1016/1187/1016
f 1022/1193/1022 1018/1189/1018 50/1233/50
f 1054/1236/1054 685/1237/685 711/1213/711
f 1023/1194/1023 326/1234/326 324/1166/324
f 988/1154/988 1041/1219/1041 892/1218/892
f 1013/1184/1013 1012/1183/1012 1052/1231/1052
f 989/1156/989 1041/1219/1041 988/1154/988
f 1014/1185/1014 1051/1230/1051 1047/1225/1047
f 995/1162/995 1011/1182/1011 996/1163/996
f 889/1244/889 1036/1208/1036 897/1245/897
f 1003/1173/1003 1006/1176/1006 997/1164/997
f 989/1156/989 1048/1226/1048 1041/1219/1041
f 1050/1229/1050 1056/1240/1056 649/1242/649
f 997/1164/997 1035/1207/1035 1004/1174/1004
f 1008/1178/1008 1023/1194/1023 998/1165/998
f 1051/1230/1051 1014/1185/1014 1028/1200/1028
f 1044/1222/1044 1052/1231/1052 1012/1183/1012
f 1013/1184/1013 1027/1199/1027 1014/1185/1014
f 52/1241/52 67/1214/67 1001/1169/1001
f 1031/1203/1031 1030/1202/1030 1038/1211/1038
f 1028/1200/1028 1055/1238/1055 1051/1230/1051
f 988/1154/988 892/1218/892 345/1155/345
f 889/1244/889 892/1218/892 1042/1220/1042
f 1003/1173/1003 1005/1175/1005 990/1157/990
f 1050/1229/1050 1049/1228/1049 1055/1238/1055
f 1048/1226/1048 1014/1185/1014 1047/1225/1047
f 995/1162/995 994/1161/994 1011/1182/1011
f 648/1172/648 1002/1171/1002 1050/1229/1050
f 1057/1246/1057 699/1239/699 1055/1238/1055
f 709/1232/709 1054/1236/1054 1052/1231/1052
f 994/1161/994 1018/1189/1018 1022/1193/1022
f 1013/1184/1013 1052/1231/1052 1054/1236/1054
f 889/1244/889 1042/1220/1042 1036/1208/1036
f 998/1165/998 994/1161/994 995/1162/995
f 1054/1236/1054 711/1213/711 1013/1184/1013
f 1057/1246/1057 673/1212/673 699/1239/699
f 990/1157/990 987/1153/987 1007/1177/1007
f 1028/1200/1028 1057/1246/1057 1055/1238/1055
f 1041/1219/1041 1049/1228/1049 1042/1220/1042
f 1037/1209/1037 1050/1229/1050 912/1210/912
f 1034/1206/1034 1033/1205/1033 1020/1191/1020
f 1005/1175/1005 1004/1174/1004 1016/1187/1016
f 1056/1240/1056 699/1239/699 649/1242/649
f 1050/1229/1050 1002/1171/1002 912/1210/912
f 912/1210/912 897/1245/897 1036/1208/1036
f 1015/1186/1015 1017/1188/1017 1053/1235/1053
f 66/1217/66 50/1233/50 1018/1189/1018
f 1032/1204/1032 1029/1201/1029 1034/1206/1034
f 1014/1185/1014 1048/1226/1048 1012/1183/1012
f 1000/1168/1000 1010/1181/1010 1029/1201/1029
f 1028/1200/1028 673/1212/673 1057/1246/1057
f 991/1158/991 1040/1216/1040 1048/1226/1048
f 1051/1230/1051 1055/1238/1055 1049/1228/1049
f 1058/1247/1058 1059/1248/1059 1060/1249/1060
f 1061/1250/1061 1062/1251/1062 1063/1252/1063
f 1064/1253/1064 1065/1254/1065 1066/1255/1066
f 1067/1256/1067 1068/1257/1068 1069/1258/1069
f 1070/1259/1070 1071/1260/1071 1072/1261/1072
f 847/1262/847 1073/1263/1073 842/1264/842
f 1074/1265/1074 1075/1266/1075 1076/1267/1076
f 1077/1268/1077 1078/1269/1078 1079/1270/1079
f 1080/1271/1080 1081/1272/1081 1082/1273/1082
f 1063/1252/1063 1083/1274/1083 1061/1250/1061
f 1078/1269/1078 1084/1275/1084 850/1276/850
f 1085/1277/1085 1060/1249/1060 1079/1270/1079
f 1065/1254/1065 1086/1278/1086 1087/1279/1087
f 1088/1280/1088 1089/1281/1089 1090/1282/1090
f 1091/1283/1091 1086/1278/1086 1065/1254/1065
f 1092/1284/1092 1084/1275/1084 1093/1285/1093
f 1075/1266/1075 1074/1265/1074 1070/1259/1070
f 1058/1247/1058 1094/1286/1094 1059/1248/1059
f 1094/1286/1094 1095/1287/1095 1096/1288/1096
f 1097/1289/1097 1098/1290/1098 1099/1291/1099
f 1099/1291/1099 1098/1290/1098 1059/1248/1059
f 1100/1292/1100 1101/1293/1101 1097/1289/1097
f 1069/1258/1069 1100/1292/1100 1102/1294/1102
f 1086/1278/1086 1103/1295/1103 1104/1296/1104
f 1078/1269/1078 1105/1297/1105 1079/1270/1079
f 1085/1277/1085 1106/1298/1106 1081/1272/1081
f 1107/1299/1107 1108/1300/1108 1109/1301/1109
f 1110/1302/1110 1091/1283/1091 1111/1303/1111
f 1112/1304/1112 1092/1284/1092 1093/1285/1093
f 1085/1277/1085 1105/1297/1105 1106/1298/1106
f 1113/1305/1113 1114/1306/1114 1115/1307/1115
f 1101/1293/1101 1116/1308/1116 1110/1302/1110
f 1062/1251/1062 1079/1270/1079 1060/1249/1060
f 1086/1278/1086 1104/1296/1104 964/1309/964
f 1096/1288/1096 1095/1287/1095 1059/1248/1059
f 1059/1248/1059 1063/1252/1063 1060/1249/1060
f 1117/1310/1117 1088/1280/1088 1080/1271/1080
f 1118/1311/1118 842/1264/842 1073/1263/1073
f 1119/1312/1119 847/1262/847 818/1313/818
f 1107/1299/1107 1109/1301/1109 1073/1263/1073
f 1096/1288/1096 1059/1248/1059 1094/1286/1094
f 1064/1253/1064 1120/1314/1120 1065/1254/1065
f 1069/1258/1069 1102/1294/1102 1121/1315/1121
f 1116/1308/1116 1101/1293/1101 1100/1292/1100
f 1122/1316/1122 1123/1317/1123 1073/1263/1073
f 816/1318/816 1092/1284/1092 832/1319/832
f 1063/1252/1063 1098/1290/1098 1124/1320/1124
f 1090/1282/1090 1085/1277/1085 1088/1280/1088
f 1124/1320/1124 1120/1314/1120 1063/1252/1063
f 1107/1299/1107 1119/1312/1119 1125/1321/1125
f 1126/1322/1126 1077/1268/1077 1079/1270/1079
f 1060/1249/1060 1063/1252/1063 1062/1251/1062
f 1103/1295/1103 1127/1323/1127 1104/1296/1104
f 1099/1291/1099 1095/1287/1095 1100/1292/1100
f 1123/1317/1123 1128/1324/1128 853/1325/853
f 1064/1253/1064 1083/1274/1083 1120/1314/1120
f 1129/1326/1129 1074/1265/1074 1130/1327/1130
f 1081/1272/1081 1088/1280/1088 1085/1277/1085
f 1061/1250/1061 1079/1270/1079 1062/1251/1062
f 832/1319/832 1092/1284/1092 1112/1304/1112
f 985/1328/985 1131/1329/1131 1070/1259/1070
f 1132/1330/1132 1058/1247/1058 1089/1281/1089
f 1095/1287/1095 1099/1291/1099 1059/1248/1059
f 833/1331/833 1087/1279/1087 845/1332/845
f 1125/1321/1125 1119/1312/1119 851/1333/851
f 1073/1263/1073 1109/1301/1109 1082/1273/1082
f 1064/1253/1064 1066/1255/1066 1093/1285/1093
f 1087/1279/1087 833/1331/833 1066/1255/1066
f 1079/1270/1079 1061/1250/1061 1126/1322/1126
f 1065/1254/1065 1087/1279/1087 1066/1255/1066
f 1112/1304/1112 1066/1255/1066 833/1331/833
f 1084/1275/1084 1078/1269/1078 1077/1268/1077
f 1124/1320/1124 1111/1303/1111 1120/1314/1120
f 1122/1316/1122 1073/1263/1073 1082/1273/1082
f 1114/1306/1114 1113/1305/1113 1094/1286/1094
f 982/1334/982 986/1335/986 1072/1261/1072
f 1073/1263/1073 1123/1317/1123 1118/1311/1118
f 853/1325/853 1128/1324/1128 840/1336/840
f 1087/1279/1087 1086/1278/1086 845/1332/845
f 1105/1297/1105 1122/1316/1122 1106/1298/1106
f 1083/1274/1083 1093/1285/1093 1126/1322/1126
f 1081/1272/1081 1080/1271/1080 1088/1280/1088
f 1119/1312/1119 818/1313/818 851/1333/851
f 1133/1337/1133 985/1328/985 964/1309/964
f 1101/1293/1101 1124/1320/1124 1097/1289/1097
f 832/1319/832 1112/1304/1112 833/1331/833
f 1105/1297/1105 1085/1277/1085 1079/1270/1079
f 1086/1278/1086 1091/1283/1091 1103/1295/1103
f 1134/1338/1134 1085/1277/1085 1090/1282/1090
f 1068/1257/1068 1135/1339/1135 1116/1308/1116
f 1131/1329/1131 1133/1337/1133 1127/1323/1127
f 1116/1308/1116 1135/1339/1135 1110/1302/1110
f 1104/1296/1104 1127/1323/1127 1133/1337/1133
f 1117/1310/1117 1089/1281/1089 1088/1280/1088
f 1093/1285/1093 1084/1275/1084 1126/1322/1126
f 850/1276/850 1084/1275/1084 816/1318/816
f 1119/1312/1119 1107/1299/1107 847/1262/847
f 1069/1258/1069 1068/1257/1068 1116/1308/1116
f 1093/1285/1093 1066/1255/1066 1112/1304/1112
f 1089/1281/1089 1058/1247/1058 1090/1282/1090
f 1123/1317/1123 853/1325/853 1118/1311/1118
f 1136/1340/1136 1071/1260/1071 1129/1326/1129
f 1129/1326/1129 1068/1257/1068 1067/1256/1067
f 1083/1274/1083 1064/1253/1064 1093/1285/1093
f 1104/1296/1104 1133/1337/1133 964/1309/964
f 1131/1329/1131 985/1328/985 1133/1337/1133
f 1130/1327/1130 1068/1257/1068 1129/1326/1129
f 1128/1324/1128 1078/1269/1078 850/1276/850
f 1110/1302/1110 1076/1267/1076 1091/1283/1091
f 1116/1308/1116 1100/1292/1100 1069/1258/1069
f 1137/1341/1137 1102/1294/1102 1113/1305/1113
f 1108/1300/1108 1107/1299/1107 1125/1321/1125
f 1100/1292/1100 1095/1287/1095 1102/1294/1102
f 845/1332/845 1086/1278/1086 964/1309/964
f 1128/1324/1128 850/1276/850 840/1336/840
f 1135/1339/1135 1130/1327/1130 1110/1302/1110
f 1074/1265/1074 1071/1260/1071 1070/1259/1070
f 1077/1268/1077 1126/1322/1126 1084/1275/1084
f 1138/1342/1138 1109/1301/1109 1108/1300/1108
f 816/1318/816 1084/1275/1084 1092/1284/1092
f 1082/1273/1082 1138/1342/1138 1139/1343/1139
f 1140/1344/1140 1138/1342/1138 1141/1345/1141
f 1075/1266/1075 1127/1323/1127 1103/1295/1103
f 1083/1274/1083 1126/1322/1126 1061/1250/1061
f 1120/1314/1120 1083/1274/1083 1063/1252/1063
f 1082/1273/1082 1106/1298/1106 1122/1316/1122
f 1136/1340/1136 984/1346/984 1072/1261/1072
f 1121/1315/1121 1102/1294/1102 1137/1341/1137
f 1094/1286/1094 1058/1247/1058 1132/1330/1132
f 1142/1347/1142 1143/1348/1143 1117/1310/1117
f 1140/1344/1140 1139/1343/1139 1138/1342/1138
f 1117/1310/1117 1143/1348/1143 1144/1349/1144
f 1144/1349/1144 1145/1350/1145 1117/1310/1117
f 1072/1261/1072 1071/1260/1071 1136/1340/1136
f 1080/1271/1080 1082/1273/1082 1139/1343/1139
f 1091/1283/1091 1120/1314/1120 1111/1303/1111
f 1068/1257/1068 1130/1327/1130 1135/1339/1135
f 1146/1351/1146 1145/1350/1145 1144/1349/1144
f 1078/1269/1078 1128/1324/1128 1123/1317/1123
f 1114/1306/1114 1132/1330/1132 1146/1351/1146
f 1134/1338/1134 1060/1249/1060 1085/1277/1085
f 1109/1301/1109 1138/1342/1138 1082/1273/1082
f 1137/1341/1137 1147/1352/1147 1148/1353/1148
f 1072/1261/1072 984/1346/984 982/1334/982
f 1090/1282/1090 1058/1247/1058 1134/1338/1134
f 1146/1351/1146 1132/1330/1132 1145/1350/1145
f 1132/1330/1132 1089/1281/1089 1145/1350/1145
f 1080/1271/1080 1139/1343/1139 1142/1347/1142
f 1149/1354/1149 1137/1341/1137 1148/1353/1148
f 1141/1345/1141 1138/1342/1138 1108/1300/1108
f 1113/1305/1113 1147/1352/1147 1137/1341/1137
f 1113/1305/1113 1102/1294/1102 1095/1287/1095
f 1142/1347/1142 1117/1310/1117 1080/1271/1080
f 1075/1266/1075 1131/1329/1131 1127/1323/1127
f 1094/1286/1094 1113/1305/1113 1095/1287/1095
f 1123/1317/1123 1105/1297/1105 1078/1269/1078
f 985/1328/985 1070/1259/1070 1072/1261/1072
f 1091/1283/1091 1065/1254/1065 1120/1314/1120
f 1114/1306/1114 1094/1286/1094 1132/1330/1132
f 1130/1327/1130 1074/1265/1074 1076/1267/1076
f 1106/1298/1106 1082/1273/1082 1081/1272/1081
f 1129/1326/1129 1071/1260/1071 1074/1265/1074
f 1058/1247/1058 1060/1249/1060 1134/1338/1134
f 1123/1317/1123 1122/1316/1122 1105/1297/1105
f 1067/1256/1067 1136/1340/1136 1129/1326/1129
f 1117/1310/1117 1145/1350/1145 1089/1281/1089
f 842/1264/842 1118/1311/1118 853/1325/853
f 1107/1299/1107 1073/1263/1073 847/1262/847
f 1063/1252/1063 1059/1248/1059 1098/1290/1098
f 1139/1343/1139 1140/1344/1140 1142/1347/1142
f 1103/1295/1103 1076/1267/1076 1075/1266/1075
f 1099/1291/1099 1100/1292/1100 1097/1289/1097
f 1097/1289/1097 1124/1320/1124 1098/1290/1098
f 1101/1293/1101 1111/1303/1111 1124/1320/1124
f 1091/1283/1091 1076/1267/1076 1103/1295/1103
f 1070/1259/1070 1131/1329/1131 1075/1266/1075
f 1121/1315/1121 1137/1341/1137 1149/1354/1149
f 1110/1302/1110 1111/1303/1111 1101/1293/1101
f 1150/1355/1150 1113/1305/1113 1115/1307/1115
f 1113/1305/1113 1150/1355/1150 1147/1352/1147
f 1072/1261/1072 986/1335/986 985/1328/985
f 1076/1267/1076 1110/1302/1110 1130/1327/1130
f 1151/1356/1151 1152/1357/1152 1153/1358/1153
f 1154/1359/1154 1155/1360/1155 1156/1361/1156
f 1157/1362/1157 1156/1361/1156 1155/1360/1155
f 1152/1357/1152 1158/1363/1158 1159/1364/1159
f 1152/1357/1152 1159/1364/1159 1160/1365/1160
f 1161/1366/1161 1162/1367/1162 1163/1368/1163
f 1164/1369/1164 1157/1362/1157 1155/1360/1155
f 1159/1364/1159 1165/1370/1165 1160/1365/1160
f 1151/1356/1151 1158/1363/1158 1152/1357/1152
f 1152/1357/1152 1160/1365/1160 1153/1358/1153
f 1163/1368/1163 1162/1367/1162 123/1371/123
f 1165/1370/1165 1166/1372/1166 1160/1365/1160
f 1151/1356/1151 1167/1373/1167 1158/1363/1158
f 1160/1365/1160 1168/1374/1168 1153/1358/1153
f 1169/1375/1169 1170/1376/1170 1171/1377/1171
f 1169/1375/1169 1171/1377/1171 1167/1373/1167
f 1172/1378/1172 1157/1362/1157 1173/1379/1173
f 1161/1366/1161 1163/1368/1163 1174/1380/1174
f 1151/1356/1151 1175/1381/1175 1167/1373/1167
f 1168/1374/1168 1176/1382/1176 1153/1358/1153
f 1177/1383/1177 1178/1384/1178 1172/1378/1172
f 1172/1378/1172 1173/1379/1173 1179/1385/1179
f 1170/1376/1170 1180/1386/1180 1173/1379/1173
f 1181/1387/1181 1161/1366/1161 1182/1388/1182
f 1182/1388/1182 1183/1389/1183 1184/1390/1184
f 1185/1391/1185 1186/1392/1186 1187/1393/1187
f 1182/1388/1182 1188/1394/1188 1189/1395/1189
f 1190/1396/1190 1191/1397/1191 1192/1398/1192
f 1163/1368/1163 1193/1399/1193 1174/1380/1174
f 1166/1372/1166 1194/1400/1194 1168/1374/1168
f 1195/1401/1195 1167/1373/1167 1175/1381/1175
f 1175/1381/1175 1153/1358/1153 1176/1382/1176
f 1177/1383/1177 1172/1378/1172 1179/1385/1179
f 124/1402/124 1178/1384/1178 1177/1383/1177
f 1188/1394/1188 1196/1403/1196 1197/1404/1197
f 1179/1385/1179 1173/1379/1173 1180/1386/1180
f 1198/1405/1198 1188/1394/1188 1197/1404/1197
f 1161/1366/1161 1181/1387/1181 1199/1406/1199
f 1162/1367/1162 1161/1366/1161 1156/1361/1156
f 1182/1388/1182 1161/1366/1161 1200/1407/1200
f 1201/1408/1201 1202/1409/1202 1203/1410/1203
f 1176/1382/1176 1194/1400/1194 1204/1411/1204
f 1205/1412/1205 1176/1382/1176 1204/1411/1204
f 1177/1383/1177 117/1413/117 124/1402/124
f 1206/1414/1206 1207/1415/1207 1200/1407/1200
f 1195/1401/1195 1180/1386/1180 1169/1375/1169
f 1183/1389/1183 1208/1416/1208 1209/1417/1209
f 1161/1366/1161 1174/1380/1174 1200/1407/1200
f 1194/1400/1194 1210/1418/1210 1204/1411/1204
f 1183/1389/1183 1189/1395/1189 1198/1405/1198
f 1211/1419/1211 1175/1381/1175 1205/1412/1205
f 117/1413/117 1179/1385/1179 1212/1420/1212
f 1184/1390/1184 1181/1387/1181 1182/1388/1182
f 130/1421/130 1180/1386/1180 1211/1419/1211
f 1183/1389/1183 1209/1417/1209 1213/1422/1213
f 1207/1415/1207 1188/1394/1188 1182/1388/1182
f 1197/1404/1197 1186/1392/1186 1198/1405/1198
f 1181/1387/1181 1184/1390/1184 1199/1406/1199
f 1213/1422/1213 1184/1390/1184 1183/1389/1183
f 1188/1394/1188 1207/1415/1207 1196/1403/1196
f 1151/1356/1151 1153/1358/1153 1175/1381/1175
f 1200/1407/1200 1174/1380/1174 1206/1414/1206
f 1189/1395/1189 1188/1394/1188 1198/1405/1198
f 1198/1405/1198 1208/1416/1208 1183/1389/1183
f 1182/1388/1182 1189/1395/1189 1183/1389/1183
f 1182/1388/1182 1200/1407/1200 1207/1415/1207
f 1208/1416/1208 1198/1405/1198 1186/1392/1186
f 1185/1391/1185 1209/1417/1209 1208/1416/1208
f 1185/1391/1185 1214/1423/1214 1209/1417/1209
f 1201/1408/1201 1187/1393/1187 1215/1424/1215
f 1156/1361/1156 1157/1362/1157 1162/1367/1162
f 1185/1391/1185 1187/1393/1187 1201/1408/1201
f 1213/1422/1213 1209/1417/1209 1214/1423/1214
f 1202/1409/1202 1201/1408/1201 1215/1424/1215
f 1202/1409/1202 1215/1424/1215 1216/1425/1216
f 1216/1425/1216 1217/1426/1217 1218/1427/1218
f 1214/1423/1214 1185/1391/1185 1201/1408/1201
f 1193/1399/1193 1163/1368/1163 123/1371/123
f 1218/1427/1218 1202/1409/1202 1216/1425/1216
f 1186/1392/1186 1185/1391/1185 1208/1416/1208
f 1157/1362/1157 1178/1384/1178 1162/1367/1162
f 1201/1408/1201 1203/1410/1203 1214/1423/1214
f 142/1428/142 145/1429/145 1219/1430/1219
f 1211/1419/1211 1205/1412/1205 1219/1430/1219
f 129/1431/129 1212/1420/1212 1180/1386/1180
f 1171/1377/1171 1158/1363/1158 1167/1373/1167
f 1195/1401/1195 1211/1419/1211 1180/1386/1180
f 1172/1378/1172 1178/1384/1178 1157/1362/1157
f 1205/1412/1205 1175/1381/1175 1176/1382/1176
f 130/1421/130 1211/1419/1211 145/1429/145
f 1199/1406/1199 1156/1361/1156 1161/1366/1161
f 117/1413/117 1177/1383/1177 1179/1385/1179
f 1212/1420/1212 129/1431/129 117/1413/117
f 1166/1372/1166 1220/1432/1220 1221/1433/1221
f 1222/1434/1222 1223/1435/1223 1224/1436/1224
f 1194/1400/1194 1176/1382/1176 1168/1374/1168
f 1220/1432/1220 1225/1437/1225 1221/1433/1221
f 1226/1438/1226 1223/1435/1223 1222/1434/1222
f 1205/1412/1205 1204/1411/1204 1219/1430/1219
f 1227/1439/1227 1220/1432/1220 1165/1370/1165
f 1228/1440/1228 1229/1441/1229 1230/1442/1230
f 1221/1433/1221 1231/1443/1231 1166/1372/1166
f 1220/1432/1220 1166/1372/1166 1165/1370/1165
f 1232/1444/1232 1233/1445/1233 1234/1446/1234
f 1220/1432/1220 1227/1439/1227 1223/1435/1223
f 1235/1447/1235 1236/1448/1236 1219/1430/1219
f 1237/1449/1237 1238/1450/1238 1239/1451/1239
f 1210/1418/1210 1236/1448/1236 1235/1447/1235
f 1235/1447/1235 1219/1430/1219 1204/1411/1204
f 1210/1418/1210 1235/1447/1235 1204/1411/1204
f 1227/1439/1227 1224/1436/1224 1223/1435/1223
f 1165/1370/1165 1159/1364/1159 1227/1439/1227
f 1240/1452/1240 1241/1453/1241 1234/1446/1234
f 1242/1454/1242 1221/1433/1221 1225/1437/1225
f 1241/1453/1241 1171/1377/1171 1170/1376/1170
f 1238/1450/1238 1243/1455/1243 1233/1445/1233
f 1242/1454/1242 1244/1456/1244 1245/1457/1245
f 1225/1437/1225 1246/1458/1246 1247/1459/1247
f 1234/1446/1234 1241/1453/1241 1248/1460/1248
f 1249/1461/1249 1170/1376/1170 1173/1379/1173
f 1170/1376/1170 1248/1460/1248 1241/1453/1241
f 1248/1460/1248 1170/1376/1170 1249/1461/1249
f 1227/1439/1227 1159/1364/1159 1224/1436/1224
f 1234/1446/1234 1248/1460/1248 1250/1462/1250
f 1250/1462/1250 1232/1444/1232 1234/1446/1234
f 1248/1460/1248 1251/1463/1251 1250/1462/1250
f 1247/1459/1247 1252/1464/1252 1242/1454/1242
f 1253/1465/1253 1248/1460/1248 1249/1461/1249
f 1245/1457/1245 1221/1433/1221 1242/1454/1242
f 1248/1460/1248 1253/1465/1253 1251/1463/1251
f 1254/1466/1254 1253/1465/1253 1249/1461/1249
f 1173/1379/1173 1164/1369/1164 1249/1461/1249
f 1241/1453/1241 1240/1452/1240 1171/1377/1171
f 1226/1438/1226 1247/1459/1247 1246/1458/1246
f 1192/1398/1192 1255/1467/1255 1190/1396/1190
f 1246/1458/1246 1223/1435/1223 1226/1438/1226
f 1220/1432/1220 1223/1435/1223 1246/1458/1246
f 1164/1369/1164 1254/1466/1254 1249/1461/1249
f 1225/1437/1225 1220/1432/1220 1246/1458/1246
f 1159/1364/1159 1158/1363/1158 1243/1455/1243
f 1190/1396/1190 1255/1467/1255 1256/1468/1256
f 1243/1455/1243 1224/1436/1224 1159/1364/1159
f 1222/1434/1222 1224/1436/1224 1237/1449/1237
f 1252/1464/1252 1244/1456/1244 1242/1454/1242
f 1226/1438/1226 1230/1442/1230 1247/1459/1247
f 1239/1451/1239 1222/1434/1222 1237/1449/1237
f 1245/1457/1245 1231/1443/1231 1221/1433/1221
f 1230/1442/1230 1226/1438/1226 1222/1434/1222
f 1158/1363/1158 1257/1469/1257 1243/1455/1243
f 1252/1464/1252 1258/1470/1258 1244/1456/1244
f 1192/1398/1192 1259/1471/1259 1255/1467/1255
f 1228/1440/1228 1258/1470/1258 1229/1441/1229
f 1225/1437/1225 1247/1459/1247 1242/1454/1242
f 1229/1441/1229 1258/1470/1258 1252/1464/1252
f 1239/1451/1239 1260/1472/1260 1222/1434/1222
f 1157/1362/1157 1164/1369/1164 1173/1379/1173
f 1257/1469/1257 1233/1445/1233 1243/1455/1243
f 1222/1434/1222 1260/1472/1260 1230/1442/1230
f 1240/1452/1240 1257/1469/1257 1158/1363/1158
f 1244/1456/1244 1261/1473/1261 1259/1471/1259
f 1243/1455/1243 1237/1449/1237 1224/1436/1224
f 1244/1456/1244 1258/1470/1258 1261/1473/1261
f 1239/1451/1239 1238/1450/1238 1260/1472/1260
f 1233/1445/1233 1257/1469/1257 1240/1452/1240
f 1229/1441/1229 1247/1459/1247 1230/1442/1230
f 1234/1446/1234 1233/1445/1233 1240/1452/1240
f 1175/1381/1175 1211/1419/1211 1195/1401/1195
f 1238/1450/1238 1237/1449/1237 1243/1455/1243
f 1259/1471/1259 1192/1398/1192 1244/1456/1244
f 1252/1464/1252 1247/1459/1247 1229/1441/1229
f 1245/1457/1245 1244/1456/1244 1192/1398/1192
f 1256/1468/1256 1255/1467/1255 1262/1474/1262
f 1171/1377/1171 1240/1452/1240 1158/1363/1158
f 1192/1398/1192 1191/1397/1191 1245/1457/1245
f 145/1429/145 1211/1419/1211 1219/1430/1219
f 1167/1373/1167 1195/1401/1195 1169/1375/1169
f 1212/1420/1212 1179/1385/1179 1180/1386/1180
f 123/1371/123 1162/1367/1162 1178/1384/1178
f 1180/1386/1180 130/1421/130 129/1431/129
f 1160/1365/1160 1166/1372/1166 1168/1374/1168
f 123/1371/123 1178/1384/1178 124/1402/124
f 1164/1369/1164 1155/1360/1155 1154/1359/1154
f 1169/1375/1169 1180/1386/1180 1170/1376/1170
f 1263/1475/1263 1264/1476/1264 1265/1477/1265
f 1266/1478/1266 1267/1479/1267 1268/1480/1268
f 1269/1481/1269 1270/1482/1270 1271/1483/1271
f 1272/1484/1272 1273/1485/1273 1274/1486/1274
f 1275/1487/1275 1276/1488/1276 1277/1489/1277
f 1278/1490/1278 1279/1491/1279 1280/1492/1280
f 1279/1491/1279 1281/1493/1281 1282/1494/1282
f 1283/1495/1283 1284/1496/1284 1285/1497/1285
f 1286/1498/1286 1266/1478/1266 1268/1480/1268
f 1287/1499/1287 1285/1497/1285 1288/1500/1288
f 1269/1481/1269 1264/1476/1264 1263/1475/1263
f 1289/1501/1289 1290/1502/1290 1269/1481/1269
f 1291/1503/1291 1292/1504/1292 1293/1505/1293
f 1293/1505/1293 1294/1506/1294 1291/1503/1291
f 1263/1475/1263 1292/1504/1292 1295/1507/1295
f 1268/1480/1268 1272/1484/1272 1286/1498/1286
f 1296/1508/1296 1297/1509/1297 1298/1510/1298
f 1299/1511/1299 1300/1512/1300 1301/1513/1301
f 1281/1493/1281 1302/1514/1302 1282/1494/1282
f 1263/1475/1263 1295/1507/1295 1269/1481/1269
f 1303/1515/1303 1290/1502/1290 1289/1501/1289
f 1269/1481/1269 1271/1483/1271 1289/1501/1289
f 1292/1504/1292 1291/1503/1291 1304/1516/1304
f 1281/1493/1281 1279/1491/1279 1278/1490/1278
f 1305/1517/1305 1280/1492/1280 1279/1491/1279
f 1306/1518/1306 1307/1519/1307 1308/1520/1308
f 1309/1521/1309 1310/1522/1310 1284/1496/1284
f 1311/1523/1311 1312/1524/1312 1313/1525/1313
f 1283/1495/1283 1285/1497/1285 1287/1499/1287
f 1314/1526/1314 1286/1498/1286 1272/1484/1272
f 1275/1487/1275 1277/1489/1277 1264/1476/1264
f 1282/1494/1282 1299/1511/1299 1315/1527/1315
f 1316/1528/1316 1299/1511/1299 1273/1485/1273
f 1267/1479/1267 1300/1512/1300 1316/1528/1316
f 1317/1529/1317 1295/1507/1295 1292/1504/1292
f 1318/1530/1318 1303/1515/1303 1297/1509/1297
f 1319/1531/1319 1320/1532/1320 1321/1533/1321
f 1322/1534/1322 1321/1533/1321 1323/1535/1323
f 1290/1502/1290 1324/1536/1324 1325/1537/1325
f 1320/1532/1320 1326/1538/1326 1318/1530/1318
f 1318/1530/1318 1326/1538/1326 1303/1515/1303
f 1320/1532/1320 1319/1531/1319 1326/1538/1326
f 1326/1538/1326 1319/1531/1319 1322/1534/1322
f 1326/1538/1326 1324/1536/1324 1303/1515/1303
f 1320/1532/1320 1327/1539/1327 1321/1533/1321
f 1321/1533/1321 1322/1534/1322 1319/1531/1319
f 1322/1534/1322 1328/1540/1328 1326/1538/1326
f 1328/1540/1328 1324/1536/1324 1326/1538/1326
f 1329/1541/1329 1330/1542/1330 1275/1487/1275
f 1324/1536/1324 1290/1502/1290 1303/1515/1303
f 1323/1535/1323 1321/1533/1321 1327/1539/1327
f 1325/1537/1325 1324/1536/1324 1328/1540/1328
f 1331/1543/1331 1290/1502/1290 1325/1537/1325
f 1330/1542/1330 1329/1541/1329 1331/1543/1331
f 1332/1544/1332 1269/1481/1269 1295/1507/1295
f 1289/1501/1289 1271/1483/1271 1303/1515/1303
f 1304/1516/1304 1317/1529/1317 1292/1504/1292
f 1317/1529/1317 1333/1545/1333 1295/1507/1295
f 1329/1541/1329 1290/1502/1290 1331/1543/1331
f 1270/1482/1270 1269/1481/1269 1332/1544/1332
f 1332/1544/1332 1295/1507/1295 1333/1545/1333
f 1303/1515/1303 1271/1483/1271 1297/1509/1297
f 1308/1520/1308 1307/1519/1307 1334/1546/1334
f 1335/1547/1335 1270/1482/1270 1332/1544/1332
f 1336/1548/1336 1288/1500/1288 1301/1513/1301
f 1333/1545/1333 1337/1549/1337 1332/1544/1332
f 1271/1483/1271 1298/1510/1298 1297/1509/1297
f 1338/1550/1338 1298/1510/1298 1270/1482/1270
f 1270/1482/1270 1335/1547/1335 1338/1550/1338
f 1332/1544/1332 1337/1549/1337 1335/1547/1335
f 1273/1485/1273 1268/1480/1268 1316/1528/1316
f 1339/1551/1339 1340/1552/1340 1296/1508/1296
f 1338/1550/1338 1335/1547/1335 1341/1553/1341
f 1337/1549/1337 1342/1554/1342 1335/1547/1335
f 1296/1508/1296 1298/1510/1298 1339/1551/1339
f 1339/1551/1339 1338/1550/1338 1341/1553/1341
f 1343/1555/1343 1344/1556/1344 1280/1492/1280
f 1335/1547/1335 1345/1557/1345 1341/1553/1341
f 1345/1557/1345 1335/1547/1335 1342/1554/1342
f 1339/1551/1339 1341/1553/1341 1346/1558/1346
f 1341/1553/1341 1345/1557/1345 1347/1559/1347
f 1346/1558/1346 1340/1552/1340 1339/1551/1339
f 1341/1553/1341 1347/1559/1347 1346/1558/1346
f 1347/1559/1347 1345/1557/1345 1348/1560/1348
f 1346/1558/1346 1348/1560/1348 1340/1552/1340
f 1346/1558/1346 1347/1559/1347 1348/1560/1348
f 1265/1477/1265 1266/1478/1266 1286/1498/1286
f 1285/1497/1285 1284/1496/1284 1349/1561/1349
f 1350/1562/1350 1340/1552/1340 1348/1560/1348
f 1351/1563/1351 1350/1562/1350 1352/1564/1352
f 1352/1564/1352 1350/1562/1350 1348/1560/1348
f 1352/1564/1352 1348/1560/1348 1311/1523/1311
f 1282/1494/1282 1302/1514/1302 1353/1565/1353
f 1343/1555/1343 1305/1517/1305 1288/1500/1288
f 1305/1517/1305 1279/1491/1279 1315/1527/1315
f 1343/1555/1343 1280/1492/1280 1305/1517/1305
f 1315/1527/1315 1288/1500/1288 1305/1517/1305
f 1354/1566/1354 1345/1557/1345 1342/1554/1342
f 1329/1541/1329 1275/1487/1275 1264/1476/1264
f 1310/1522/1310 1349/1561/1349 1284/1496/1284
f 1283/1495/1283 1334/1546/1334 1309/1521/1309
f 1288/1500/1288 1315/1527/1315 1301/1513/1301
f 1355/1567/1355 1356/1568/1356 1357/1569/1357
f 1291/1503/1291 1355/1567/1355 1304/1516/1304
f 1337/1549/1337 1333/1545/1333 1357/1569/1357
f 1352/1564/1352 1311/1523/1311 1313/1525/1313
f 1358/1570/1358 1291/1503/1291 1359/1571/1359
f 1360/1572/1360 1291/1503/1291 1294/1506/1294
f 1358/1570/1358 1359/1571/1359 1361/1573/1361
f 1277/1489/1277 1266/1478/1266 1265/1477/1265
f 1298/1510/1298 1338/1550/1338 1339/1551/1339
f 1362/1574/1362 1264/1476/1264 1277/1489/1277
f 1314/1526/1314 1274/1486/1274 1363/1575/1363
f 1361/1573/1361 1359/1571/1359 1364/1576/1364
f 1285/1497/1285 1349/1561/1349 1365/1577/1365
f 1364/1576/1364 1363/1575/1363 1353/1565/1353
f 1357/1569/1357 1356/1568/1356 1354/1566/1354
f 1286/1498/1286 1293/1505/1293 1265/1477/1265
f 1358/1570/1358 1356/1568/1356 1355/1567/1355
f 1363/1575/1363 1274/1486/1274 1353/1565/1353
f 1366/1578/1366 1367/1579/1367 1349/1561/1349
f 1366/1578/1366 1349/1561/1349 1310/1522/1310
f 1360/1572/1360 1359/1571/1359 1291/1503/1291
f 1310/1522/1310 1307/1519/1307 1368/1580/1368
f 1317/1529/1317 1355/1567/1355 1333/1545/1333
f 1367/1579/1367 1365/1577/1365 1349/1561/1349
f 1310/1522/1310 1368/1580/1368 1366/1578/1366
f 1364/1576/1364 1359/1571/1359 1363/1575/1363
f 1359/1571/1359 1360/1572/1360 1314/1526/1314
f 1350/1562/1350 1351/1563/1351 1340/1552/1340
f 1369/1581/1369 1307/1519/1307 1306/1518/1306
f 1304/1516/1304 1355/1567/1355 1317/1529/1317
f 1368/1580/1368 1369/1581/1369 1370/1582/1370
f 1274/1486/1274 1273/1485/1273 1353/1565/1353
f 1314/1526/1314 1272/1484/1272 1274/1486/1274
f 1299/1511/1299 1282/1494/1282 1273/1485/1273
f 1365/1577/1365 1343/1555/1343 1285/1497/1285
f 1294/1506/1294 1314/1526/1314 1360/1572/1360
f 1359/1571/1359 1314/1526/1314 1363/1575/1363
f 1368/1580/1368 1307/1519/1307 1369/1581/1369
f 1344/1556/1344 1343/1555/1343 1365/1577/1365
f 1277/1489/1277 1267/1479/1267 1266/1478/1266
f 1307/1519/1307 1310/1522/1310 1309/1521/1309
f 1371/1583/1371 1366/1578/1366 1372/1584/1372
f 1333/1545/1333 1355/1567/1355 1357/1569/1357
f 1366/1578/1366 1368/1580/1368 1372/1584/1372
f 1367/1579/1367 1371/1583/1371 1373/1585/1373
f 1372/1584/1372 1368/1580/1368 1370/1582/1370
f 1302/1514/1302 1364/1576/1364 1353/1565/1353
f 1291/1503/1291 1358/1570/1358 1355/1567/1355
f 1365/1577/1365 1367/1579/1367 1373/1585/1373
f 1272/1484/1272 1268/1480/1268 1273/1485/1273
f 1348/1560/1348 1374/1586/1374 1375/1587/1375
f 1376/1588/1376 1297/1509/1297 1296/1508/1296
f 1265/1477/1265 1264/1476/1264 1362/1574/1362
f 1357/1569/1357 1354/1566/1354 1342/1554/1342
f 1263/1475/1263 1265/1477/1265 1293/1505/1293
f 1337/1549/1337 1357/1569/1357 1342/1554/1342
f 1302/1514/1302 1361/1573/1361 1364/1576/1364
f 1267/1479/1267 1277/1489/1277 1276/1488/1276
f 1354/1566/1354 1377/1589/1377 1378/1590/1378
f 1348/1560/1348 1375/1587/1375 1311/1523/1311
f 1345/1557/1345 1354/1566/1354 1374/1586/1374
f 1377/1589/1377 1312/1524/1312 1378/1590/1378
f 1354/1566/1354 1378/1590/1378 1375/1587/1375
f 1375/1587/1375 1374/1586/1374 1354/1566/1354
f 1348/1560/1348 1345/1557/1345 1374/1586/1374
f 1311/1523/1311 1378/1590/1378 1312/1524/1312
f 1311/1523/1311 1375/1587/1375 1378/1590/1378
f 1371/1583/1371 1367/1579/1367 1366/1578/1366
f 1277/1489/1277 1265/1477/1265 1362/1574/1362
f 1294/1506/1294 1286/1498/1286 1314/1526/1314
f 1264/1476/1264 1290/1502/1290 1329/1541/1329
f 1286/1498/1286 1294/1506/1294 1293/1505/1293
f 1290/1502/1290 1264/1476/1264 1269/1481/1269
f 1285/1497/1285 1343/1555/1343 1288/1500/1288
f 1299/1511/1299 1301/1513/1301 1315/1527/1315
f 1282/1494/1282 1315/1527/1315 1279/1491/1279
f 1353/1565/1353 1273/1485/1273 1282/1494/1282
f 1376/1588/1376 1318/1530/1318 1297/1509/1297
f 1316/1528/1316 1300/1512/1300 1299/1511/1299
f 1301/1513/1301 1300/1512/1300 1336/1548/1336
f 1293/1505/1293 1292/1504/1292 1263/1475/1263
f 1270/1482/1270 1298/1510/1298 1271/1483/1271
f 1309/1521/1309 1284/1496/1284 1283/1495/1283
f 1268/1480/1268 1267/1479/1267 1316/1528/1316
f 1309/1521/1309 1334/1546/1334 1307/1519/1307
f 1379/1591/1379 1380/1592/1380 1381/1593/1381
f 1382/1594/1382 1383/1595/1383 396/1596/396
f 1383/1595/1383 1384/1597/1384 1379/1591/1379
f 1383/1595/1383 1379/1591/1379 1385/1598/1385
f 626/1599/626 9/1600/9 1386/1601/1386
f 1379/1591/1379 1381/1593/1381 1385/1598/1385
f 1381/1593/1381 397/1602/397 1385/1598/1385
f 1380/1592/1380 389/1603/389 1381/1593/1381
f 1387/1604/1387 1388/1605/1388 1389/1606/1389
f 1387/1604/1387 1389/1606/1389 1390/1607/1390
f 1391/1608/1391 1392/1609/1392 1393/1610/1393
f 1392/1609/1392 1394/1611/1394 1384/1597/1384
f 1395/1612/1395 1392/1609/1392 1396/1613/1396
f 1397/1614/1397 1395/1612/1395 1396/1613/1396
f 1395/1612/1395 1398/1615/1398 1399/1616/1399
f 1395/1612/1395 1397/1614/1397 1398/1615/1398
f 1395/1612/1395 1399/1616/1399 1400/1617/1400
f 1397/1614/1397 1396/1613/1396 1401/1618/1401
f 1402/1619/1402 1399/1616/1399 1398/1615/1398
f 1391/1608/1391 1403/1620/1403 1396/1613/1396
f 1396/1613/1396 1403/1620/1403 1404/1621/1404
f 1404/1621/1404 1401/1618/1401 1396/1613/1396
f 1398/1615/1398 1397/1614/1397 1401/1618/1401
f 1405/1622/1405 1402/1619/1402 1398/1615/1398
f 1406/1623/1406 1407/1624/1407 1404/1621/1404
f 1408/1625/1408 1404/1621/1404 1407/1624/1407
f 1403/1620/1403 1406/1623/1406 1404/1621/1404
f 1401/1618/1401 1404/1621/1404 1408/1625/1408
f 1398/1615/1398 1401/1618/1401 1405/1622/1405
f 1396/1613/1396 1392/1609/1392 1391/1608/1391
f 1408/1625/1408 1409/1626/1409 1401/1618/1401
f 1401/1618/1401 1410/1627/1410 1405/1622/1405
f 1411/1628/1411 1409/1626/1409 1408/1625/1408
f 1411/1628/1411 1408/1625/1408 1407/1624/1407
f 1412/1629/1412 1413/1630/1413 1411/1628/1411
f 1401/1618/1401 1409/1626/1409 1410/1627/1410
f 1405/1622/1405 1410/1627/1410 1414/1631/1414
f 1412/1629/1412 1415/1632/1415 1413/1630/1413
f 1406/1623/1406 1416/1633/1416 1415/1632/1415
f 1410/1627/1410 1409/1626/1409 1417/1634/1417
f 1409/1626/1409 1418/1635/1418 1417/1634/1417
f 1409/1626/1409 1419/1636/1419 1418/1635/1418
f 1420/1637/1420 1413/1630/1413 1421/1638/1421
f 1418/1635/1418 1422/1639/1422 1417/1634/1417
f 1423/1640/1423 1417/1634/1417 1424/1641/1424
f 1423/1640/1423 1410/1627/1410 1417/1634/1417
f 1417/1634/1417 1422/1639/1422 1424/1641/1424
f 1422/1639/1422 1425/1642/1425 1424/1641/1424
f 1406/1623/1406 1412/1629/1412 1407/1624/1407
f 397/1602/397 1381/1593/1381 406/1643/406
f 1426/1644/1426 1427/1645/1427 1391/1608/1391
f 1422/1639/1422 1428/1646/1428 1425/1642/1425
f 1428/1646/1428 1429/1647/1429 1430/1648/1430
f 1402/1619/1402 1405/1622/1405 1431/1649/1431
f 1430/1648/1430 1429/1647/1429 1432/1650/1432
f 1407/1624/1407 1412/1629/1412 1411/1628/1411
f 1433/1651/1433 1388/1605/1388 1424/1641/1424
f 1393/1610/1393 1426/1644/1426 1391/1608/1391
f 1388/1605/1388 1433/1651/1433 1434/1652/1434
f 1388/1605/1388 1387/1604/1387 1424/1641/1424
f 1425/1642/1425 1430/1648/1430 1433/1651/1433
f 1430/1648/1430 1435/1653/1435 1436/1654/1436
f 1256/1655/1256 1433/1651/1433 1430/1648/1430
f 1437/1656/1437 1389/1606/1389 1388/1605/1388
f 1388/1605/1388 1434/1652/1434 1262/1657/1262
f 1434/1652/1434 1433/1651/1433 1256/1655/1256
f 1419/1636/1419 1420/1637/1420 1428/1646/1428
f 1435/1653/1435 1432/1650/1432 1438/1658/1438
f 1429/1647/1429 1439/1659/1439 1432/1650/1432
f 1262/1657/1262 1434/1652/1434 1256/1655/1256
f 1409/1626/1409 1411/1628/1411 1419/1636/1419
f 1430/1648/1430 1425/1642/1425 1428/1646/1428
f 1425/1642/1425 1433/1651/1433 1424/1641/1424
f 1412/1629/1412 1406/1623/1406 1415/1632/1415
f 1436/1654/1436 1256/1655/1256 1430/1648/1430
f 1190/1660/1190 1256/1655/1256 1436/1654/1436
f 1390/1607/1390 1440/1661/1440 1387/1604/1387
f 1429/1647/1429 1420/1637/1420 1421/1638/1421
f 1427/1645/1427 1403/1620/1403 1391/1608/1391
f 1411/1628/1411 1413/1630/1413 1419/1636/1419
f 1423/1640/1423 1414/1631/1414 1410/1627/1410
f 1439/1659/1439 1429/1647/1429 1421/1638/1421
f 1406/1623/1406 1403/1620/1403 1427/1645/1427
f 1420/1637/1420 1429/1647/1429 1428/1646/1428
f 1395/1612/1395 1400/1617/1400 1392/1609/1392
f 1415/1632/1415 1416/1633/1416 1439/1659/1439
f 1435/1653/1435 1430/1648/1430 1432/1650/1432
f 1406/1623/1406 1427/1645/1427 1416/1633/1416
f 1441/1662/1441 1382/1594/1382 1442/1663/1442
f 1436/1654/1436 1438/1658/1438 1190/1660/1190
f 1393/1610/1393 1392/1609/1392 1384/1597/1384
f 1421/1638/1421 1415/1632/1415 1439/1659/1439
f 1421/1638/1421 1413/1630/1413 1415/1632/1415
f 1438/1658/1438 1436/1654/1436 1435/1653/1435
f 1419/1636/1419 1413/1630/1413 1420/1637/1420
f 1418/1635/1418 1419/1636/1419 1422/1639/1422
f 1419/1636/1419 1428/1646/1428 1422/1639/1422
f 1388/1605/1388 1262/1657/1262 1437/1656/1437
f 1400/1617/1400 1394/1611/1394 1392/1609/1392
f 1387/1604/1387 1423/1640/1423 1424/1641/1424
f 389/1603/389 406/1643/406 1381/1593/1381
f 646/1664/646 637/1665/637 1443/1666/1443
f 1443/1666/1443 637/1665/637 1444/1667/1444
f 1445/1668/1445 1446/1669/1446 1447/1670/1447
f 1448/1671/1448 1449/1672/1449 1450/1673/1450
f 613/1674/613 646/1664/646 9/1600/9
f 1451/1675/1451 1452/1676/1452 1450/1673/1450
f 1453/1677/1453 379/1678/379 387/1679/387
f 1379/1591/1379 1384/1597/1384 1454/1680/1454
f 379/1678/379 1453/1677/1453 1455/1681/1455
f 1379/1591/1379 1454/1680/1454 1456/1682/1456
f 1457/1683/1457 1455/1681/1455 1453/1677/1453
f 1455/1681/1455 284/1684/284 379/1678/379
f 1453/1677/1453 389/1603/389 1380/1592/1380
f 1458/1685/1458 1459/1686/1459 1460/1687/1460
f 1383/1595/1383 1441/1662/1441 1384/1597/1384
f 1456/1682/1456 1380/1592/1380 1379/1591/1379
f 1454/1680/1454 1394/1611/1394 1456/1682/1456
f 1453/1677/1453 1445/1668/1445 1457/1683/1457
f 1455/1681/1455 1457/1683/1457 283/1688/283
f 284/1684/284 1455/1681/1455 283/1688/283
f 1447/1670/1447 1461/1689/1461 1457/1683/1457
f 1380/1592/1380 1456/1682/1456 1462/1690/1462
f 1431/1649/1431 1405/1622/1405 1414/1631/1414
f 1447/1670/1447 1463/1691/1463 1461/1689/1461
f 1462/1690/1462 1464/1692/1464 1380/1592/1380
f 7/1693/7 6/1694/6 613/1674/613
f 1441/1662/1441 1383/1595/1383 1382/1594/1382
f 1462/1690/1462 1394/1611/1394 1400/1617/1400
f 1465/1695/1465 1464/1692/1464 1462/1690/1462
f 1450/1673/1450 1463/1691/1463 1451/1675/1451
f 1451/1675/1451 1463/1691/1463 1446/1669/1446
f 1464/1692/1464 1465/1695/1465 1446/1669/1446
f 1385/1598/1385 396/1596/396 1383/1595/1383
f 1462/1690/1462 1466/1696/1466 1465/1695/1465
f 1450/1673/1450 1449/1672/1449 1467/1697/1467
f 1399/1616/1399 1460/1687/1460 1451/1675/1451
f 1466/1696/1466 1400/1617/1400 1399/1616/1399
f 1467/1697/1467 276/1698/276 275/1699/275
f 1467/1697/1467 1449/1672/1449 276/1698/276
f 1448/1671/1448 1452/1676/1452 1449/1672/1449
f 1445/1668/1445 1453/1677/1453 1380/1592/1380
f 1465/1695/1465 1451/1675/1451 1446/1669/1446
f 1399/1616/1399 1465/1695/1465 1466/1696/1466
f 276/1698/276 1449/1672/1449 291/1700/291
f 1460/1687/1460 1452/1676/1452 1451/1675/1451
f 283/1688/283 1461/1689/1461 275/1699/275
f 397/1602/397 396/1596/396 1385/1598/1385
f 281/1701/281 291/1700/291 1449/1672/1449
f 1386/1601/1386 9/1600/9 646/1664/646
f 1449/1672/1449 1459/1686/1459 281/1701/281
f 1460/1687/1460 1459/1686/1459 1449/1672/1449
f 1462/1690/1462 1456/1682/1456 1394/1611/1394
f 1442/1663/1442 1393/1610/1393 1441/1662/1441
f 1466/1696/1466 1462/1690/1462 1400/1617/1400
f 281/1701/281 1459/1686/1459 1458/1685/1458
f 1402/1619/1402 1460/1687/1460 1399/1616/1399
f 1387/1604/1387 1440/1661/1440 1443/1666/1443
f 1452/1676/1452 1460/1687/1460 1449/1672/1449
f 1384/1597/1384 1441/1662/1441 1393/1610/1393
f 282/1702/282 281/1701/281 1458/1685/1458
f 1402/1619/1402 1458/1685/1458 1460/1687/1460
f 1444/1667/1444 611/1703/611 1431/1649/1431
f 1453/1677/1453 387/1679/387 389/1603/389
f 1431/1649/1431 611/1703/611 1402/1619/1402
f 1423/1640/1423 1431/1649/1431 1414/1631/1414
f 1452/1676/1452 1448/1671/1448 1450/1673/1450
f 1402/1619/1402 282/1702/282 1458/1685/1458
f 1444/1667/1444 1431/1649/1431 1423/1640/1423
f 1463/1691/1463 1450/1673/1450 1461/1689/1461
f 1423/1640/1423 1387/1604/1387 1444/1667/1444
f 1467/1697/1467 1461/1689/1461 1450/1673/1450
f 6/1694/6 623/1704/623 613/1674/613
f 1444/1667/1444 1387/1604/1387 1443/1666/1443
f 283/1688/283 1457/1683/1457 1461/1689/1461
f 1464/1692/1464 1445/1668/1445 1380/1592/1380
f 1446/1669/1446 1445/1668/1445 1464/1692/1464
f 1467/1697/1467 275/1699/275 1461/1689/1461
f 646/1664/646 1443/1666/1443 1440/1661/1440
f 1386/1601/1386 646/1664/646 1440/1661/1440
f 1445/1668/1445 1447/1670/1447 1457/1683/1457
f 1384/1597/1384 1394/1611/1394 1454/1680/1454
f 1451/1675/1451 1465/1695/1465 1399/1616/1399
f 611/1703/611 1444/1667/1444 637/1665/637
f 1402/1619/1402 611/1703/611 282/1702/282
f 9/1600/9 7/1693/7 613/1674/613
f 1463/1691/1463 1447/1670/1447 1446/1669/1446
f 1468/1705/1468 1469/1706/1469 1470/1707/1470
f 1471/1708/1471 1472/1709/1472 1473/1710/1473
f 1474/1711/1474 1475/1712/1475 1476/1713/1476
f 1477/1714/1477 1478/1715/1478 1479/1716/1479
f 1480/1717/1480 1481/1718/1481 1482/1719/1482
f 1483/1720/1483 1484/1721/1484 1479/1716/1479
f 1485/1722/1485 1483/1720/1483 1486/1723/1486
f 1484/1721/1484 1031/1724/1031 1039/1725/1039
f 1478/1715/1478 1487/1726/1487 1486/1723/1486
f 1471/1708/1471 1488/1727/1488 1489/1728/1489
f 1490/1729/1490 1491/1730/1491 1492/1731/1492
f 1493/1732/1493 1474/1711/1474 1494/1733/1494
f 1493/1732/1493 1475/1712/1475 1474/1711/1474
f 1039/1725/1039 1479/1716/1479 1484/1721/1484
f 1479/1716/1479 1478/1715/1478 1483/1720/1483
f 1478/1715/1478 1486/1723/1486 1483/1720/1483
f 1495/1734/1495 1496/1735/1496 1497/1736/1497
f 1494/1733/1494 1478/1715/1478 1498/1737/1498
f 1498/1737/1498 1493/1732/1493 1494/1733/1494
f 1499/1738/1499 1475/1712/1475 1493/1732/1493
f 1479/1716/1479 1039/1725/1039 1477/1714/1477
f 1481/1718/1481 1498/1737/1498 1478/1715/1478
f 1498/1737/1498 1500/1739/1500 1493/1732/1493
f 1482/1719/1482 1020/1740/1020 1033/1741/1033
f 1493/1732/1493 1501/1742/1501 1499/1738/1499
f 1502/1743/1502 1477/1714/1477 1039/1725/1039
f 1501/1742/1501 1493/1732/1493 1503/1744/1503
f 1497/1736/1497 1496/1735/1496 1033/1741/1033
f 1482/1719/1482 1481/1718/1481 1502/1743/1502
f 1496/1735/1496 1480/1717/1480 1482/1719/1482
f 1471/1708/1471 1026/1745/1026 1488/1727/1488
f 1504/1746/1504 1505/1747/1505 1506/1748/1506
f 1507/1749/1507 1505/1747/1505 1504/1746/1504
f 1508/1750/1508 1509/1751/1509 110/1752/110
f 1510/1753/1510 1511/1754/1511 1505/1747/1505
f 1490/1729/1490 1512/1755/1512 1506/1748/1506
f 1495/1734/1495 1497/1736/1497 1513/1756/1513
f 1514/1757/1514 1489/1728/1489 1488/1727/1488
f 1482/1719/1482 1033/1741/1033 1496/1735/1496
f 1506/1748/1506 1512/1755/1512 1504/1746/1504
f 1021/1758/1021 1502/1743/1502 1039/1725/1039
f 1510/1753/1510 1505/1747/1505 1507/1749/1507
f 1515/1759/1515 1505/1747/1505 1516/1760/1516
f 1512/1755/1512 1490/1729/1490 1517/1761/1517
f 1516/1760/1516 1505/1747/1505 1511/1754/1511
f 1511/1754/1511 1518/1762/1518 1516/1760/1516
f 1506/1748/1506 1505/1747/1505 1515/1759/1515
f 1519/1763/1519 1511/1754/1511 1510/1753/1510
f 1520/1764/1520 1492/1731/1492 1521/1765/1521
f 1517/1761/1517 1504/1746/1504 1512/1755/1512
f 1522/1766/1522 1523/1767/1523 1524/1768/1524
f 1020/1740/1020 1482/1719/1482 1502/1743/1502
f 1021/1758/1021 1020/1740/1020 1502/1743/1502
f 1519/1763/1519 1518/1762/1518 1511/1754/1511
f 1480/1717/1480 1496/1735/1496 1495/1734/1495
f 1523/1767/1523 1516/1760/1516 1518/1762/1518
f 1525/1769/1525 1523/1767/1523 1518/1762/1518
f 1519/1763/1519 1469/1706/1469 1518/1762/1518
f 1526/1770/1526 1525/1769/1525 1469/1706/1469
f 1524/1768/1524 1527/1771/1527 1528/1772/1528
f 1529/1773/1529 1528/1772/1528 1530/1774/1530
f 1469/1706/1469 1525/1769/1525 1518/1762/1518
f 1531/1775/1531 1516/1760/1516 1523/1767/1523
f 1522/1766/1522 1531/1775/1531 1523/1767/1523
f 1523/1767/1523 1525/1769/1525 1524/1768/1524
f 1525/1769/1525 1527/1771/1527 1524/1768/1524
f 1532/1776/1532 1533/1777/1533 1534/1778/1534
f 1535/1779/1535 1536/1780/1536 1537/1781/1537
f 1525/1769/1525 1526/1770/1526 1527/1771/1527
f 1538/1782/1538 1513/1756/1513 1473/1710/1473
f 1522/1766/1522 1524/1768/1524 1529/1773/1529
f 1528/1772/1528 1527/1771/1527 1526/1770/1526
f 1534/1778/1534 1533/1777/1533 1539/1783/1539
f 1528/1772/1528 1529/1773/1529 1524/1768/1524
f 110/1752/110 1509/1751/1509 1476/1713/1476
f 1528/1772/1528 1526/1770/1526 1540/1784/1540
f 1540/1784/1540 1476/1713/1476 1528/1772/1528
f 1509/1751/1509 1530/1774/1530 1528/1772/1528
f 1508/1750/1508 1530/1774/1530 1509/1751/1509
f 108/1785/108 1508/1750/1508 110/1752/110
f 1509/1751/1509 1528/1772/1528 1476/1713/1476
f 1476/1713/1476 1541/1786/1541 110/1752/110
f 1539/1783/1539 1503/1744/1503 1500/1739/1500
f 1476/1713/1476 1499/1738/1499 1541/1786/1541
f 1542/1787/1542 1543/1788/1543 1544/1789/1544
f 1025/1790/1025 1026/1745/1026 1471/1708/1471
f 1025/1790/1025 1471/1708/1471 1545/1791/1545
f 1546/1792/1546 1547/1793/1547 1548/1794/1548
f 1536/1780/1536 1492/1731/1492 1491/1730/1491
f 1539/1783/1539 1533/1777/1533 1503/1744/1503
f 1530/1774/1530 1508/1750/1508 1549/1795/1549
f 1530/1774/1530 1549/1795/1549 1529/1773/1529
f 1516/1760/1516 1550/1796/1550 1515/1759/1515
f 1473/1710/1473 1513/1756/1513 1545/1791/1545
f 1025/1790/1025 1513/1756/1513 1497/1736/1497
f 1551/1797/1551 1520/1764/1520 1521/1765/1521
f 1510/1753/1510 1552/1798/1552 1553/1799/1553
f 1510/1753/1510 1553/1799/1553 1519/1763/1519
f 1470/1707/1470 1553/1799/1553 1552/1798/1552
f 1519/1763/1519 1470/1707/1470 1469/1706/1469
f 1553/1799/1553 1470/1707/1470 1519/1763/1519
f 1492/1731/1492 1554/1800/1554 1490/1729/1490
f 1542/1787/1542 1491/1730/1491 1490/1729/1490
f 1555/1801/1555 1547/1793/1547 1546/1792/1546
f 1556/1802/1556 1514/1757/1514 1557/1803/1557
f 1503/1744/1503 1533/1777/1533 1558/1804/1558
f 1542/1787/1542 1506/1748/1506 1515/1759/1515
f 1551/1797/1551 1559/1805/1559 1560/1806/1560
f 1492/1731/1492 1520/1764/1520 1554/1800/1554
f 1492/1731/1492 1536/1780/1536 1521/1765/1521
f 1558/1804/1558 1501/1742/1501 1503/1744/1503
f 1537/1781/1537 1491/1730/1491 1544/1789/1544
f 1473/1710/1473 1561/1807/1561 1538/1782/1538
f 1513/1756/1513 1025/1790/1025 1545/1791/1545
f 1562/1808/1562 1538/1782/1538 1561/1807/1561
f 1495/1734/1495 1538/1782/1538 1563/1809/1563
f 1516/1760/1516 1531/1775/1531 1550/1796/1550
f 1562/1808/1562 1563/1809/1563 1538/1782/1538
f 1559/1805/1559 1555/1801/1555 1560/1806/1560
f 1490/1729/1490 1554/1800/1554 1517/1761/1517
f 1545/1791/1545 1471/1708/1471 1473/1710/1473
f 1551/1797/1551 1521/1765/1521 1559/1805/1559
f 1564/1810/1564 1521/1765/1521 1536/1780/1536
f 1513/1756/1513 1538/1782/1538 1495/1734/1495
f 1564/1810/1564 1555/1801/1555 1559/1805/1559
f 1532/1776/1532 1563/1809/1563 1565/1811/1565
f 1542/1787/1542 1544/1789/1544 1491/1730/1491
f 1532/1776/1532 1495/1734/1495 1563/1809/1563
f 1488/1727/1488 1557/1803/1557 1514/1757/1514
f 1543/1788/1543 1515/1759/1515 1550/1796/1550
f 1546/1792/1546 1548/1794/1548 1551/1797/1551
f 1562/1808/1562 1565/1811/1565 1563/1809/1563
f 1564/1810/1564 1536/1780/1536 1535/1779/1535
f 1472/1709/1472 1471/1708/1471 1489/1728/1489
f 1543/1788/1543 1542/1787/1542 1515/1759/1515
f 1536/1780/1536 1491/1730/1491 1537/1781/1537
f 1490/1729/1490 1506/1748/1506 1542/1787/1542
f 1500/1739/1500 1480/1717/1480 1539/1783/1539
f 1480/1717/1480 1532/1776/1532 1539/1783/1539
f 1533/1777/1533 1532/1776/1532 1565/1811/1565
f 1557/1803/1557 77/1812/77 1556/1802/1556
f 1564/1810/1564 1559/1805/1559 1521/1765/1521
f 1557/1803/1557 1026/1745/1026 67/1813/67
f 1495/1734/1495 1532/1776/1532 1480/1717/1480
f 1557/1803/1557 1488/1727/1488 1026/1745/1026
f 1561/1807/1561 1473/1710/1473 1472/1709/1472
f 1534/1778/1534 1539/1783/1539 1532/1776/1532
f 67/1813/67 77/1812/77 1557/1803/1557
f 1566/1814/1566 1567/1815/1567 1568/1816/1568
f 1468/1705/1468 1569/1817/1569 1570/1818/1570
f 1494/1733/1494 1487/1726/1487 1478/1715/1478
f 1485/1722/1485 1571/1819/1571 1572/1820/1572
f 1033/1741/1033 1024/1821/1024 1497/1736/1497
f 1570/1818/1570 1569/1817/1569 1573/1822/1573
f 1487/1726/1487 1494/1733/1494 1566/1814/1566
f 1574/1823/1574 1575/1824/1575 1053/1825/1053
f 1575/1824/1575 1572/1820/1572 1573/1822/1573
f 1481/1718/1481 1480/1717/1480 1498/1737/1498
f 1483/1720/1483 1485/1722/1485 1484/1721/1484
f 1526/1770/1526 1570/1818/1570 1576/1826/1576
f 1500/1739/1500 1503/1744/1503 1493/1732/1493
f 1572/1820/1572 1571/1819/1571 1570/1818/1570
f 1567/1815/1567 1540/1784/1540 1526/1770/1526
f 1477/1714/1477 1502/1743/1502 1481/1718/1481
f 1485/1722/1485 1487/1726/1487 1568/1816/1568
f 1498/1737/1498 1480/1717/1480 1500/1739/1500
f 1576/1826/1576 1571/1819/1571 1567/1815/1567
f 1573/1822/1573 1572/1820/1572 1570/1818/1570
f 1552/1798/1552 1569/1817/1569 1470/1707/1470
f 1478/1715/1478 1477/1714/1477 1481/1718/1481
f 1571/1819/1571 1568/1816/1568 1567/1815/1567
f 1575/1824/1575 1485/1722/1485 1572/1820/1572
f 1526/1770/1526 1576/1826/1576 1567/1815/1567
f 1468/1705/1468 1470/1707/1470 1569/1817/1569
f 1499/1738/1499 1476/1713/1476 1475/1712/1475
f 1567/1815/1567 1566/1814/1566 1540/1784/1540
f 1570/1818/1570 1526/1770/1526 1468/1705/1468
f 1571/1819/1571 1485/1722/1485 1568/1816/1568
f 1476/1713/1476 1540/1784/1540 1566/1814/1566
f 1485/1722/1485 1575/1824/1575 1574/1823/1574
f 1485/1722/1485 1574/1823/1574 1484/1721/1484
f 1566/1814/1566 1568/1816/1568 1487/1726/1487
f 1474/1711/1474 1566/1814/1566 1494/1733/1494
f 1566/1814/1566 1474/1711/1474 1476/1713/1476
f 1546/1792/1546 1560/1806/1560 1555/1801/1555
f 1551/1797/1551 1560/1806/1560 1546/1792/1546
f 1574/1823/1574 1053/1825/1053 1031/1724/1031
f 1025/1790/1025 1497/1736/1497 1024/1821/1024
f 1484/1721/1484 1574/1823/1574 1031/1724/1031
f 1570/1818/1570 1571/1819/1571 1576/1826/1576
f 1486/1723/1486 1487/1726/1487 1485/1722/1485
f 1468/1705/1468 1526/1770/1526 1469/1706/1469
f 1577/1827/1577 1578/1828/1578 1579/1829/1579
f 1580/1830/1580 1581/1831/1581 1582/1832/1582
f 1583/1833/1583 1579/1829/1579 1584/1834/1584
f 1585/1835/1585 1586/1836/1586 1587/1837/1587
f 1588/1838/1588 1589/1839/1589 1587/1837/1587
f 1590/1840/1590 1591/1841/1591 1592/1842/1592
f 1584/1834/1584 1593/1843/1593 1583/1833/1583
f 1594/1844/1594 250/1845/250 249/1846/249
f 1595/1847/1595 1596/1848/1596 1592/1842/1592
f 1580/1830/1580 952/1849/952 1136/1850/1136
f 1594/1844/1594 229/1851/229 250/1845/250
f 1582/1832/1582 952/1849/952 1580/1830/1580
f 1596/1848/1596 1597/1852/1597 1598/1853/1598
f 1598/1853/1598 1581/1831/1581 1590/1840/1590
f 1581/1831/1581 1586/1836/1586 1582/1832/1582
f 1587/1837/1587 1599/1854/1599 1600/1855/1600
f 1599/1854/1599 1601/1856/1601 1600/1855/1600
f 1586/1836/1586 1581/1831/1581 1602/1857/1602
f 1597/1852/1597 1586/1836/1586 1602/1857/1602
f 1603/1858/1603 1601/1856/1601 1599/1854/1599
f 1581/1831/1581 1598/1853/1598 1602/1857/1602
f 1067/1859/1067 1590/1840/1590 1581/1831/1581
f 1604/1860/1604 1585/1835/1585 1605/1861/1605
f 1586/1836/1586 1604/1860/1604 1582/1832/1582
f 1606/1862/1606 229/1851/229 1578/1828/1578
f 1600/1855/1600 1607/1863/1607 1585/1835/1585
f 1608/1864/1608 1595/1847/1595 1609/1865/1609
f 1587/1837/1587 1597/1852/1597 1588/1838/1588
f 1610/1866/1610 1606/1862/1606 1577/1827/1577
f 1582/1832/1582 1604/1860/1604 1611/1867/1611
f 1590/1840/1590 1067/1859/1067 1069/1868/1069
f 1067/1859/1067 1580/1830/1580 1136/1850/1136
f 1612/1869/1612 1605/1861/1605 1607/1863/1607
f 952/1849/952 1582/1832/1582 1611/1867/1611
f 1579/1829/1579 1578/1828/1578 1584/1834/1584
f 1613/1870/1613 1588/1838/1588 1597/1852/1597
f 1600/1855/1600 1614/1871/1614 1607/1863/1607
f 1593/1843/1593 1613/1870/1613 1583/1833/1583
f 1598/1853/1598 1590/1840/1590 1592/1842/1592
f 1605/1861/1605 1611/1867/1611 1604/1860/1604
f 1598/1853/1598 1597/1852/1597 1602/1857/1602
f 1589/1839/1589 1588/1838/1588 1613/1870/1613
f 1598/1853/1598 1592/1842/1592 1596/1848/1596
f 1615/1872/1615 1578/1828/1578 1616/1873/1616
f 1596/1848/1596 1595/1847/1595 1617/1874/1617
f 1595/1847/1595 1610/1866/1610 1617/1874/1617
f 1616/1873/1616 229/1851/229 1618/1875/1618
f 1610/1866/1610 1579/1829/1579 1583/1833/1583
f 1616/1873/1616 1578/1828/1578 229/1851/229
f 1606/1862/1606 1595/1847/1595 1608/1864/1608
f 1619/1876/1619 1620/1877/1620 1608/1864/1608
f 1621/1878/1621 1622/1879/1622 1623/1880/1623
f 1610/1866/1610 1577/1827/1577 1579/1829/1579
f 1596/1848/1596 1617/1874/1617 1613/1870/1613
f 254/1881/254 255/1882/255 1624/1883/1624
f 1625/1884/1625 1626/1885/1626 1619/1876/1619
f 1595/1847/1595 1592/1842/1592 1609/1865/1609
f 1622/1879/1622 1626/1885/1626 1625/1884/1625
f 1627/1886/1627 1623/1880/1623 1622/1879/1622
f 1619/1876/1619 241/1887/241 1606/1862/1606
f 1608/1864/1608 1620/1877/1620 1606/1862/1606
f 1591/1841/1591 1623/1880/1623 1627/1886/1627
f 1619/1876/1619 1608/1864/1608 1625/1884/1625
f 249/1846/249 254/1881/254 1624/1883/1624
f 1600/1855/1600 1585/1835/1585 1587/1837/1587
f 1591/1841/1591 1609/1865/1609 1592/1842/1592
f 1609/1865/1609 1591/1841/1591 1627/1886/1627
f 1591/1841/1591 1121/1888/1121 1621/1878/1621
f 1621/1878/1621 1623/1880/1623 1591/1841/1591
f 1612/1869/1612 1607/1863/1607 1614/1871/1614
f 241/1887/241 1619/1876/1619 1626/1885/1626
f 1613/1870/1613 1597/1852/1597 1596/1848/1596
f 1627/1886/1627 1625/1884/1625 1609/1865/1609
f 1578/1828/1578 1577/1827/1577 1606/1862/1606
f 1625/1884/1625 1608/1864/1608 1609/1865/1609
f 1625/1884/1625 1627/1886/1627 1622/1879/1622
f 1121/1888/1121 1149/1889/1149 1621/1878/1621
f 1606/1862/1606 1620/1877/1620 1619/1876/1619
f 1599/1854/1599 1589/1839/1589 1603/1858/1603
f 1591/1841/1591 1590/1840/1590 1069/1868/1069
f 1585/1835/1585 1607/1863/1607 1605/1861/1605
f 952/1849/952 984/1890/984 1136/1850/1136
f 1606/1862/1606 241/1887/241 229/1851/229
f 1628/1891/1628 1629/1892/1629 1630/1893/1630
f 1631/1894/1631 1632/1895/1632 1633/1896/1633
f 1634/1897/1634 1624/1883/1624 255/1882/255
f 1635/1898/1635 177/1899/177 1636/1900/1636
f 1612/1869/1612 942/1901/942 1605/1861/1605
f 942/1901/942 1612/1869/1612 941/1902/941
f 1605/1861/1605 942/1901/942 922/1903/922
f 1611/1867/1611 922/1903/922 952/1849/952
f 922/1903/922 1611/1867/1611 1605/1861/1605
f 1613/1870/1613 1617/1874/1617 1583/1833/1583
f 1633/1896/1633 1632/1895/1632 1637/1904/1637
f 1635/1898/1635 1636/1900/1636 1634/1897/1634
f 1604/1860/1604 1586/1836/1586 1585/1835/1585
f 1636/1900/1636 1638/1905/1638 1624/1883/1624
f 249/1846/249 1624/1883/1624 1639/1906/1639
f 1640/1907/1640 1594/1844/1594 1632/1895/1632
f 1629/1892/1629 1638/1905/1638 155/1908/155
f 1614/1871/1614 1600/1855/1600 1601/1856/1601
f 148/1909/148 1628/1891/1628 150/1910/150
f 1641/1911/1641 1638/1905/1638 1629/1892/1629
f 1628/1891/1628 148/1909/148 1637/1904/1637
f 249/1846/249 1639/1906/1639 1641/1911/1641
f 150/1910/150 1628/1891/1628 154/1912/154
f 1067/1859/1067 1581/1831/1581 1580/1830/1580
f 1636/1900/1636 1624/1883/1624 1634/1897/1634
f 1629/1892/1629 1628/1891/1628 1641/1911/1641
f 177/1899/177 155/1908/155 1636/1900/1636
f 1633/1896/1633 1637/1904/1637 148/1909/148
f 158/1913/158 1630/1893/1630 1629/1892/1629
f 1642/1914/1642 180/1915/180 1643/1916/1643
f 158/1913/158 1629/1892/1629 155/1908/155
f 1644/1917/1644 1616/1873/1616 1618/1875/1618
f 1589/1839/1589 1613/1870/1613 1593/1843/1593
f 1639/1906/1639 1638/1905/1638 1641/1911/1641
f 1069/1868/1069 1121/1888/1121 1591/1841/1591
f 159/1918/159 1630/1893/1630 158/1913/158
f 155/1908/155 1638/1905/1638 1636/1900/1636
f 728/1919/728 738/1920/738 1645/1921/1645
f 1618/1875/1618 229/1851/229 1594/1844/1594
f 1641/1911/1641 1632/1895/1632 1594/1844/1594
f 1646/1922/1646 1616/1873/1616 1644/1917/1644
f 1647/1923/1647 1648/1924/1648 1649/1925/1649
f 941/1902/941 1612/1869/1612 953/1926/953
f 974/1927/974 1650/1928/1650 771/1929/771
f 738/1920/738 745/1930/745 1651/1931/1651
f 1652/1932/1652 1650/1928/1650 1614/1871/1614
f 1653/1933/1653 1603/1858/1603 1584/1834/1584
f 771/1929/771 1650/1928/1650 1647/1923/1647
f 1654/1934/1654 1644/1917/1644 1645/1921/1645
f 1616/1873/1616 1655/1935/1655 1656/1936/1656
f 953/1926/953 1612/1869/1612 974/1927/974
f 1647/1923/1647 1649/1925/1649 1651/1931/1651
f 1651/1931/1651 1657/1937/1657 1654/1934/1654
f 1658/1938/1658 1659/1939/1659 1648/1924/1648
f 1644/1917/1644 1654/1934/1654 1646/1922/1646
f 1587/1837/1587 1586/1836/1586 1597/1852/1597
f 1615/1872/1615 1584/1834/1584 1578/1828/1578
f 1658/1938/1658 1648/1924/1648 1647/1923/1647
f 1649/1925/1649 1660/1940/1660 1655/1935/1655
f 1660/1940/1660 1656/1936/1656 1655/1935/1655
f 1603/1858/1603 1593/1843/1593 1584/1834/1584
f 1651/1931/1651 1649/1925/1649 1657/1937/1657
f 1654/1934/1654 738/1920/738 1651/1931/1651
f 1652/1932/1652 1658/1938/1658 1650/1928/1650
f 1601/1856/1601 1658/1938/1658 1652/1932/1652
f 974/1927/974 1612/1869/1612 1650/1928/1650
f 1649/1925/1649 1648/1924/1648 1659/1939/1659
f 1656/1936/1656 1653/1933/1653 1584/1834/1584
f 1587/1837/1587 1589/1839/1589 1599/1854/1599
f 1624/1883/1624 1638/1905/1638 1639/1906/1639
f 1603/1858/1603 1658/1938/1658 1601/1856/1601
f 1647/1923/1647 1651/1931/1651 745/1930/745
f 1657/1937/1657 1649/1925/1649 1646/1922/1646
f 1649/1925/1649 1659/1939/1659 1660/1940/1660
f 1650/1928/1650 1658/1938/1658 1647/1923/1647
f 1657/1937/1657 1646/1922/1646 1654/1934/1654
f 1649/1925/1649 1655/1935/1655 1646/1922/1646
f 1656/1936/1656 1660/1940/1660 1653/1933/1653
f 1659/1939/1659 1658/1938/1658 1603/1858/1603
f 1614/1871/1614 1650/1928/1650 1612/1869/1612
f 1614/1871/1614 1601/1856/1601 1652/1932/1652
f 1589/1839/1589 1593/1843/1593 1603/1858/1603
f 1660/1940/1660 1659/1939/1659 1653/1933/1653
f 1610/1866/1610 1583/1833/1583 1617/1874/1617
f 1655/1935/1655 1616/1873/1616 1646/1922/1646
f 1656/1936/1656 1615/1872/1615 1616/1873/1616
f 771/1929/771 1647/1923/1647 745/1930/745
f 1659/1939/1659 1603/1858/1603 1653/1933/1653
f 1584/1834/1584 1615/1872/1615 1656/1936/1656
f 1641/1911/1641 1637/1904/1637 1632/1895/1632
f 1628/1891/1628 1630/1893/1630 154/1912/154
f 1606/1862/1606 1610/1866/1610 1595/1847/1595
f 154/1912/154 1630/1893/1630 159/1918/159
f 148/1909/148 147/1941/147 1631/1894/1631
f 1594/1844/1594 1640/1907/1640 1618/1875/1618
f 1632/1895/1632 1642/1914/1642 1640/1907/1640
f 1631/1894/1631 147/1941/147 176/1942/176
f 1654/1934/1654 1645/1921/1645 738/1920/738
f 728/1919/728 1645/1921/1645 1643/1916/1643
f 176/1942/176 180/1915/180 1642/1914/1642
f 1643/1916/1643 1645/1921/1645 1644/1917/1644
f 249/1846/249 1641/1911/1641 1594/1844/1594
f 1642/1914/1642 1631/1894/1631 176/1942/176
f 1643/1916/1643 1644/1917/1644 1640/1907/1640
f 180/1915/180 728/1919/728 1643/1916/1643
f 1631/1894/1631 1642/1914/1642 1632/1895/1632
f 1642/1914/1642 1643/1916/1643 1640/1907/1640
f 1633/1896/1633 148/1909/148 1631/1894/1631
f 1637/1904/1637 1641/1911/1641 1628/1891/1628
f 1640/1907/1640 1644/1917/1644 1618/1875/1618
f 1501/1943/1501 1661/1944/1661 1662/1945/1662
f 1662/1945/1662 1661/1944/1661 1663/1946/1663
f 1662/1945/1662 1663/1946/1663 1541/1947/1541
f 1541/1947/1541 1499/1948/1499 1662/1945/1662
f 1662/1945/1662 1499/1948/1499 1501/1943/1501
f 1664/1949/1664 1663/1946/1663 1661/1944/1661
f 1663/1946/1663 1665/1950/1665 1541/1947/1541
f 1663/1946/1663 1664/1949/1664 106/1951/106
f 107/1952/107 109/1953/109 1665/1950/1665
f 106/1951/106 107/1952/107 1665/1950/1665
f 110/1954/110 1541/1947/1541 1665/1950/1665
f 1665/1950/1665 1663/1946/1663 106/1951/106
f 110/1954/110 1665/1950/1665 109/1953/109
f 1666/1955/1666 1667/1956/1667 1668/1957/1668
f 1669/1958/1669 1670/1959/1670 1664/1949/1664
f 1671/1960/1671 1672/1961/1672 1673/1962/1673
f 704/1963/704 1673/1962/1673 1674/1964/1674
f 1675/1965/1675 1668/1957/1668 1676/1966/1676
f 702/1967/702 1677/1968/1677 713/1969/713
f 708/1970/708 1676/1966/1676 1668/1957/1668
f 1667/1956/1667 1671/1960/1671 1668/1957/1668
f 1678/1971/1678 1671/1960/1671 1667/1956/1667
f 1671/1960/1671 708/1970/708 1668/1957/1668
f 1673/1962/1673 1672/1961/1672 1674/1964/1674
f 1672/1961/1672 1677/1968/1677 702/1967/702
f 704/1963/704 708/1970/708 1673/1962/1673
f 651/1972/651 1676/1966/1676 708/1970/708
f 1675/1965/1675 1666/1955/1666 1668/1957/1668
f 1673/1962/1673 708/1970/708 1671/1960/1671
f 665/1973/665 704/1963/704 1674/1964/1674
f 1672/1961/1672 702/1967/702 1674/1964/1674
f 1671/1960/1671 1678/1971/1678 1672/1961/1672
f 1676/1966/1676 651/1972/651 660/1974/660
f 665/1973/665 1674/1964/1674 702/1967/702
f 1679/1975/1679 1680/1976/1680 1681/1977/1681
f 1682/1978/1682 1683/1979/1683 1684/1980/1684
f 1533/1981/1533 1683/1979/1683 1685/1982/1685
f 1686/1983/1686 62/1984/62 63/1985/63
f 1687/1986/1687 1688/1987/1688 595/1988/595
f 1667/1956/1667 1689/1989/1689 1678/1971/1678
f 1690/1990/1690 1686/1983/1686 1688/1987/1688
f 75/1991/75 1686/1983/1686 63/1985/63
f 1691/1992/1691 1690/1990/1690 1692/1993/1692
f 1688/1987/1688 1686/1983/1686 76/1994/76
f 72/1995/72 76/1994/76 75/1991/75
f 1687/1986/1687 1693/1996/1693 1690/1990/1690
f 885/1997/885 1693/1996/1693 1687/1986/1687
f 1686/1983/1686 75/1991/75 76/1994/76
f 594/1998/594 1688/1987/1688 76/1994/76
f 594/1998/594 595/1988/595 1688/1987/1688
f 1687/1986/1687 1690/1990/1690 1688/1987/1688
f 62/1984/62 1686/1983/1686 1691/1992/1691
f 1690/1990/1690 1691/1992/1691 1686/1983/1686
f 1691/1992/1691 68/1999/68 62/1984/62
f 595/1988/595 885/1997/885 1687/1986/1687
f 1690/1990/1690 1693/1996/1693 1692/1993/1692
f 1692/1993/1692 68/1999/68 1691/1992/1691
f 880/2000/880 1693/1996/1693 885/1997/885
f 1679/1975/1679 1694/2001/1694 1680/1976/1680
f 1684/1980/1684 1683/1979/1683 1533/1981/1533
f 1695/2002/1695 1679/1975/1679 1681/1977/1681
f 1681/1977/1681 1696/2003/1696 1695/2002/1695
f 1697/2004/1697 1666/1955/1666 1698/2005/1698
f 1694/2001/1694 1684/1980/1684 1699/2006/1699
f 1700/2007/1700 1501/1943/1501 1701/2008/1701
f 1696/2003/1696 1702/2009/1702 1703/2010/1703
f 1704/2011/1704 1700/2007/1700 1701/2008/1701
f 1705/2012/1705 705/2013/705 713/1969/713
f 1706/2014/1706 1702/2009/1702 1707/2015/1707
f 1681/1977/1681 1708/2016/1708 1702/2009/1702
f 1699/2006/1699 1709/2017/1709 1694/2001/1694
f 1684/1980/1684 1679/1975/1679 1682/1978/1682
f 1703/2010/1703 1706/2014/1706 713/1969/713
f 1682/1978/1682 1704/2011/1704 1683/1979/1683
f 1699/2006/1699 1684/1980/1684 1533/1981/1533
f 1705/2012/1705 1706/2014/1706 1710/2018/1710
f 1683/1979/1683 1704/2011/1704 1685/1982/1685
f 705/2013/705 1705/2012/1705 1711/2019/1711
f 1701/2008/1701 1501/1943/1501 1558/2020/1558
f 1670/1959/1670 1712/2021/1712 1713/2022/1713
f 1681/1977/1681 1709/2017/1709 1708/2016/1708
f 1701/2008/1701 1558/2020/1558 1714/2023/1714
f 1695/2002/1695 1678/1971/1678 1679/1975/1679
f 1558/2020/1558 1533/1981/1533 1714/2023/1714
f 1695/2002/1695 1696/2003/1696 1672/1961/1672
f 1682/1978/1682 1715/2024/1715 1704/2011/1704
f 1685/1982/1685 1704/2011/1704 1714/2023/1714
f 1533/1981/1533 1565/2025/1565 1699/2006/1699
f 1709/2017/1709 1699/2006/1699 1716/2026/1716
f 1714/2023/1714 1704/2011/1704 1701/2008/1701
f 705/2013/705 1711/2019/1711 879/2027/879
f 1706/2014/1706 1707/2015/1707 1710/2018/1710
f 1679/1975/1679 1678/1971/1678 1715/2024/1715
f 1677/1968/1677 1672/1961/1672 1696/2003/1696
f 1704/2011/1704 1715/2024/1715 1700/2007/1700
f 1709/2017/1709 1716/2026/1716 1717/2028/1717
f 1718/2029/1718 1719/2030/1719 1720/2031/1720
f 1565/2025/1565 1716/2026/1716 1699/2006/1699
f 1721/2032/1721 1707/2015/1707 1722/2033/1722
f 1680/1976/1680 1709/2017/1709 1681/1977/1681
f 879/2027/879 1711/2019/1711 1723/2034/1723
f 1709/2017/1709 1717/2028/1717 1724/2035/1724
f 1722/2033/1722 1724/2035/1724 1721/2032/1721
f 65/2036/65 1725/2037/1725 1726/2038/1726
f 1719/2030/1719 1723/2034/1723 1727/2039/1727
f 1723/2034/1723 1710/2018/1710 1727/2039/1727
f 1562/2040/1562 1728/2041/1728 1565/2025/1565
f 1679/1975/1679 1684/1980/1684 1694/2001/1694
f 1719/2030/1719 1721/2032/1721 1729/2042/1729
f 1710/2018/1710 1723/2034/1723 1705/2012/1705
f 1719/2030/1719 1718/2029/1718 1723/2034/1723
f 1718/2029/1718 1730/2043/1730 879/2027/879
f 1717/2028/1717 1716/2026/1716 1728/2041/1728
f 1728/2041/1728 1561/2044/1561 1731/2045/1731
f 1708/2016/1708 1709/2017/1709 1724/2035/1724
f 1707/2015/1707 1721/2032/1721 1727/2039/1727
f 1732/2046/1732 1717/2028/1717 1731/2045/1731
f 1706/2014/1706 1705/2012/1705 713/1969/713
f 1729/2042/1729 1721/2032/1721 1732/2046/1732
f 1733/2047/1733 1730/2043/1730 1718/2029/1718
f 1730/2043/1730 1734/2048/1734 1693/1996/1693
f 1672/1961/1672 1678/1971/1678 1695/2002/1695
f 1714/2023/1714 1533/1981/1533 1685/1982/1685
f 1732/2046/1732 1731/2045/1731 1561/2044/1561
f 1732/2046/1732 1472/2049/1472 1729/2042/1729
f 1719/2030/1719 1729/2042/1729 1720/2031/1720
f 1729/2042/1729 1735/2050/1735 1720/2031/1720
f 1726/2038/1726 1725/2037/1725 1734/2048/1734
f 1693/1996/1693 1734/2048/1734 1692/1993/1692
f 1708/2016/1708 1724/2035/1724 1722/2033/1722
f 65/2036/65 1726/2038/1726 77/2051/77
f 1561/2044/1561 1472/2049/1472 1732/2046/1732
f 1717/2028/1717 1732/2046/1732 1724/2035/1724
f 1729/2042/1729 1472/2049/1472 1735/2050/1735
f 1692/1993/1692 1734/2048/1734 1725/2037/1725
f 1708/2016/1708 1707/2015/1707 1702/2009/1702
f 1730/2043/1730 880/2000/880 879/2027/879
f 1736/2052/1736 1733/2047/1733 1720/2031/1720
f 1723/2034/1723 1718/2029/1718 879/2027/879
f 1725/2037/1725 68/1999/68 1692/1993/1692
f 1733/2047/1733 1718/2029/1718 1720/2031/1720
f 1736/2052/1736 1735/2050/1735 1737/2053/1737
f 1734/2048/1734 1730/2043/1730 1733/2047/1733
f 1472/2049/1472 1737/2053/1737 1735/2050/1735
f 1694/2001/1694 1709/2017/1709 1680/1976/1680
f 1736/2052/1736 1726/2038/1726 1733/2047/1733
f 1727/2039/1727 1721/2032/1721 1719/2030/1719
f 1725/2037/1725 65/2036/65 68/1999/68
f 1737/2053/1737 1556/2054/1556 1736/2052/1736
f 1472/2049/1472 1489/2055/1489 1737/2053/1737
f 1514/2056/1514 1737/2053/1737 1489/2055/1489
f 1728/2041/1728 1731/2045/1731 1717/2028/1717
f 1720/2031/1720 1735/2050/1735 1736/2052/1736
f 1693/1996/1693 880/2000/880 1730/2043/1730
f 1737/2053/1737 1514/2056/1514 1556/2054/1556
f 1715/2024/1715 1682/1978/1682 1679/1975/1679
f 1703/2010/1703 1677/1968/1677 1696/2003/1696
f 1556/2054/1556 1726/2038/1726 1736/2052/1736
f 1703/2010/1703 1702/2009/1702 1706/2014/1706
f 1708/2016/1708 1722/2033/1722 1707/2015/1707
f 1723/2034/1723 1711/2019/1711 1705/2012/1705
f 1561/2044/1561 1728/2041/1728 1562/2040/1562
f 1707/2015/1707 1727/2039/1727 1710/2018/1710
f 77/2051/77 1726/2038/1726 1556/2054/1556
f 1565/2025/1565 1728/2041/1728 1716/2026/1716
f 1733/2047/1733 1726/2038/1726 1734/2048/1734
f 1696/2003/1696 1681/1977/1681 1702/2009/1702
f 1724/2035/1724 1732/2046/1732 1721/2032/1721
f 1677/1968/1677 1703/2010/1703 713/1969/713
f 1697/2004/1697 1667/1956/1667 1666/1955/1666
f 1738/2057/1738 1664/1949/1664 1670/1959/1670
f 1713/2022/1713 1738/2057/1738 1670/1959/1670
f 1689/1989/1689 1715/2024/1715 1678/1971/1678
f 1739/2058/1739 1740/2059/1740 1689/1989/1689
f 1738/2057/1738 94/2060/94 106/1951/106
f 1739/2058/1739 1689/1989/1689 1667/1956/1667
f 1669/1958/1669 1664/1949/1664 1741/2061/1741
f 1697/2004/1697 1739/2058/1739 1667/1956/1667
f 1738/2057/1738 106/1951/106 1664/1949/1664
f 1713/2022/1713 1712/2021/1712 1742/2062/1742
f 1670/1959/1670 1743/2063/1743 1712/2021/1712
f 1739/2058/1739 1742/2062/1742 1712/2021/1712
f 1715/2024/1715 1689/1989/1689 1740/2059/1740
f 1661/1944/1661 1501/1943/1501 1741/2061/1741
f 1741/2061/1741 1501/1943/1501 1700/2007/1700
f 1700/2007/1700 1715/2024/1715 1669/1958/1669
f 1743/2063/1743 1670/1959/1670 1669/1958/1669
f 1715/2024/1715 1740/2059/1740 1743/2063/1743
f 1712/2021/1712 1740/2059/1740 1739/2058/1739
f 1698/2005/1698 1739/2058/1739 1697/2004/1697
f 1741/2061/1741 1664/1949/1664 1661/1944/1661
f 1698/2005/1698 1742/2062/1742 1739/2058/1739
f 1743/2063/1743 1740/2059/1740 1712/2021/1712
f 1715/2024/1715 1743/2063/1743 1669/1958/1669
f 1700/2007/1700 1669/1958/1669 1741/2061/1741
f 1744/2064/1744 1745/2065/1745 1746/2066/1746
f 1747/2067/1747 1748/2068/1748 1749/2069/1749
f 1750/2070/1750 1749/2069/1749 1751/2071/1751
f 1748/2068/1748 1747/2067/1747 1752/2072/1752
f 1753/2073/1753 1754/2074/1754 1755/2075/1755
f 1756/2076/1756 1757/2077/1757 1758/2078/1758
f 1759/2079/1759 1760/2080/1760 1761/2081/1761
f 1762/2082/1762 1763/2083/1763 1764/2084/1764
f 1765/2085/1765 1766/2086/1766 1746/2066/1746
f 1767/2087/1767 1768/2088/1768 1769/2089/1769
f 1770/2090/1770 1771/2091/1771 1772/2092/1772
f 1764/2084/1764 1773/2093/1773 1762/2082/1762
f 1774/2094/1774 1775/2095/1775 1776/2096/1776
f 1775/2095/1775 1774/2094/1774 1755/2075/1755
f 1777/2097/1777 1778/2098/1778 1779/2099/1779
f 1780/2100/1780 1781/2101/1781 1782/2102/1782
f 1776/2096/1776 1783/2103/1783 1774/2094/1774
f 1784/2104/1784 1785/2105/1785 1761/2081/1761
f 1786/2106/1786 1746/2066/1746 1745/2065/1745
f 1787/2107/1787 1788/2108/1788 1789/2109/1789
f 1790/2110/1790 1787/2107/1787 1789/2109/1789
f 1770/2090/1770 1791/2111/1791 1792/2112/1792
f 1755/2075/1755 1774/2094/1774 1753/2073/1753
f 1787/2107/1787 1774/2094/1774 1783/2103/1783
f 1793/2113/1793 1794/2114/1794 1795/2115/1795
f 1796/2116/1796 1754/2074/1754 1797/2117/1797
f 1794/2114/1794 1798/2118/1798 1783/2103/1783
f 1746/2066/1746 1799/2119/1799 1765/2085/1765
f 1790/2110/1790 1753/2073/1753 1774/2094/1774
f 1799/2119/1799 1800/2120/1800 1765/2085/1765
f 1756/2076/1756 1758/2078/1758 1772/2092/1772
f 1765/2085/1765 1800/2120/1800 1766/2086/1766
f 1801/2121/1801 1802/2122/1802 1803/2123/1803
f 1804/2124/1804 1795/2115/1795 1805/2125/1805
f 1804/2124/1804 1806/2126/1806 1795/2115/1795
f 1807/2127/1807 1808/2128/1808 1809/2129/1809
f 1792/2112/1792 1757/2077/1757 1810/2130/1810
f 1811/2131/1811 1760/2080/1760 1812/2132/1812
f 1766/2086/1766 1744/2064/1744 1746/2066/1746
f 1773/2093/1773 1813/2133/1813 1762/2082/1762
f 1803/2123/1803 1768/2088/1768 1767/2087/1767
f 1783/2103/1783 1814/2134/1814 1794/2114/1794
f 1815/2135/1815 1762/2082/1762 1813/2133/1813
f 1785/2105/1785 1766/2086/1766 1800/2120/1800
f 1816/2136/1816 1781/2101/1781 1780/2100/1780
f 1787/2107/1787 1817/2137/1817 1788/2108/1788
f 1814/2134/1814 1795/2115/1795 1794/2114/1794
f 1798/2118/1798 1794/2114/1794 1793/2113/1793
f 1792/2112/1792 1818/2138/1818 1819/2139/1819
f 1801/2121/1801 1803/2123/1803 1820/2140/1820
f 1820/2140/1820 1785/2105/1785 1801/2121/1801
f 1747/2067/1747 1744/2064/1744 1766/2086/1766
f 1821/2141/1821 1767/2087/1767 1769/2089/1769
f 1820/2140/1820 1803/2123/1803 1767/2087/1767
f 1786/2106/1786 1745/2065/1745 1750/2070/1750
f 1766/2086/1766 1785/2105/1785 1784/2104/1784
f 1761/2081/1761 1785/2105/1785 1820/2140/1820
f 1766/2086/1766 1763/2083/1763 1747/2067/1747
f 1798/2118/1798 1793/2113/1793 1808/2128/1808
f 1793/2113/1793 1795/2115/1795 1806/2126/1806
f 1801/2121/1801 1785/2105/1785 1800/2120/1800
f 1817/2137/1817 1807/2127/1807 1788/2108/1788
f 1787/2107/1787 1798/2118/1798 1817/2137/1817
f 1767/2087/1767 1821/2141/1821 1759/2079/1759
f 1798/2118/1798 1808/2128/1808 1817/2137/1817
f 1759/2079/1759 1820/2140/1820 1767/2087/1767
f 1783/2103/1783 1798/2118/1798 1787/2107/1787
f 1766/2086/1766 1784/2104/1784 1763/2083/1763
f 1759/2079/1759 1761/2081/1761 1820/2140/1820
f 1792/2112/1792 1810/2130/1810 1818/2138/1818
f 1763/2083/1763 1762/2082/1762 1747/2067/1747
f 1822/2142/1822 1750/2070/1750 1751/2071/1751
f 1772/2092/1772 1758/2078/1758 1791/2111/1791
f 1795/2115/1795 1814/2134/1814 1823/2143/1823
f 1808/2128/1808 1824/2144/1824 1825/2145/1825
f 1819/2139/1819 1770/2090/1770 1792/2112/1792
f 1751/2071/1751 1749/2069/1749 1826/2146/1826
f 1821/2141/1821 1812/2132/1812 1759/2079/1759
f 1790/2110/1790 1780/2100/1780 1782/2102/1782
f 1827/2147/1827 1813/2133/1813 1773/2093/1773
f 1752/2072/1752 1747/2067/1747 1762/2082/1762
f 1826/2146/1826 1749/2069/1749 1748/2068/1748
f 1807/2127/1807 1751/2071/1751 1826/2146/1826
f 1815/2135/1815 1748/2068/1748 1752/2072/1752
f 1806/2126/1806 1808/2128/1808 1793/2113/1793
f 1759/2079/1759 1812/2132/1812 1760/2080/1760
f 1797/2117/1797 1828/2148/1828 1796/2116/1796
f 1761/2081/1761 1760/2080/1760 1829/2149/1829
f 1817/2137/1817 1808/2128/1808 1807/2127/1807
f 1744/2064/1744 1747/2067/1747 1745/2065/1745
f 1815/2135/1815 1752/2072/1752 1762/2082/1762
f 1789/2109/1789 1830/2150/1830 1790/2110/1790
f 1814/2134/1814 1831/2151/1831 1823/2143/1823
f 1806/2126/1806 1804/2124/1804 1832/2152/1832
f 1833/2153/1833 1830/2150/1830 1789/2109/1789
f 1778/2098/1778 1764/2084/1764 1763/2083/1763
f 1813/2133/1813 1819/2139/1819 1834/2154/1834
f 1748/2068/1748 1788/2108/1788 1826/2146/1826
f 1788/2108/1788 1807/2127/1807 1826/2146/1826
f 1763/2083/1763 1829/2149/1829 1778/2098/1778
f 1777/2097/1777 1764/2084/1764 1778/2098/1778
f 1772/2092/1772 1791/2111/1791 1770/2090/1770
f 1779/2099/1779 1773/2093/1773 1764/2084/1764
f 1771/2091/1771 1770/2090/1770 1827/2147/1827
f 1825/2145/1825 1809/2129/1809 1808/2128/1808
f 1815/2135/1815 1833/2153/1833 1748/2068/1748
f 1748/2068/1748 1833/2153/1833 1788/2108/1788
f 1828/2148/1828 1797/2117/1797 1835/2155/1835
f 1824/2144/1824 1806/2126/1806 1832/2152/1832
f 1825/2145/1825 1824/2144/1824 1832/2152/1832
f 1836/2156/1836 1815/2135/1815 1813/2133/1813
f 1831/2151/1831 1783/2103/1783 1776/2096/1776
f 1777/2097/1777 1779/2099/1779 1764/2084/1764
f 1779/2099/1779 1771/2091/1771 1773/2093/1773
f 1833/2153/1833 1815/2135/1815 1836/2156/1836
f 1811/2131/1811 1778/2098/1778 1760/2080/1760
f 1789/2109/1789 1788/2108/1788 1833/2153/1833
f 1782/2102/1782 1754/2074/1754 1753/2073/1753
f 1837/2157/1837 1778/2098/1778 1811/2131/1811
f 1791/2111/1791 1758/2078/1758 1792/2112/1792
f 1813/2133/1813 1834/2154/1834 1836/2156/1836
f 1779/2099/1779 1778/2098/1778 1837/2157/1837
f 1773/2093/1773 1771/2091/1771 1827/2147/1827
f 1807/2127/1807 1809/2129/1809 1822/2142/1822
f 1813/2133/1813 1827/2147/1827 1819/2139/1819
f 1772/2092/1772 1771/2091/1771 1779/2099/1779
f 1830/2150/1830 1833/2153/1833 1836/2156/1836
f 1776/2096/1776 1775/2095/1775 1831/2151/1831
f 1823/2143/1823 1805/2125/1805 1795/2115/1795
f 1836/2156/1836 1834/2154/1834 1830/2150/1830
f 1782/2102/1782 1797/2117/1797 1754/2074/1754
f 1753/2073/1753 1790/2110/1790 1782/2102/1782
f 1772/2092/1772 1779/2099/1779 1837/2157/1837
f 1829/2149/1829 1760/2080/1760 1778/2098/1778
f 1802/2122/1802 1801/2121/1801 1800/2120/1800
f 1770/2090/1770 1819/2139/1819 1827/2147/1827
f 1834/2154/1834 1780/2100/1780 1830/2150/1830
f 1818/2138/1818 1834/2154/1834 1819/2139/1819
f 1790/2110/1790 1830/2150/1830 1780/2100/1780
f 1750/2070/1750 1745/2065/1745 1749/2069/1749
f 1834/2154/1834 1816/2136/1816 1780/2100/1780
f 1816/2136/1816 1834/2154/1834 1818/2138/1818
f 1781/2101/1781 1816/2136/1816 1818/2138/1818
f 1758/2078/1758 1757/2077/1757 1792/2112/1792
f 1806/2126/1806 1824/2144/1824 1808/2128/1808
f 1782/2102/1782 1781/2101/1781 1797/2117/1797
f 1799/2119/1799 1802/2122/1802 1800/2120/1800
f 1756/2076/1756 1838/2158/1838 1757/2077/1757
f 1774/2094/1774 1787/2107/1787 1790/2110/1790
f 1797/2117/1797 1781/2101/1781 1835/2155/1835
f 1831/2151/1831 1814/2134/1814 1783/2103/1783
f 1839/2159/1839 1812/2132/1812 1840/2160/1840
f 1841/2161/1841 1842/2162/1842 1843/2163/1843
f 1840/2160/1840 1842/2162/1842 1841/2161/1841
f 1844/2164/1844 1772/2092/1772 1845/2165/1845
f 1846/2166/1846 1811/2131/1811 1839/2159/1839
f 1847/2167/1847 1848/2168/1848 1840/2160/1840
f 1841/2161/1841 1839/2159/1839 1840/2160/1840
f 1847/2167/1847 1849/2169/1849 1848/2168/1848
f 1821/2141/1821 1850/2170/1850 1851/2171/1851
f 1852/2172/1852 1849/2169/1849 1853/2173/1853
f 1807/2127/1807 1822/2142/1822 1751/2071/1751
f 1769/2089/1769 1854/2174/1854 1850/2170/1850
f 1812/2132/1812 1851/2171/1851 1840/2160/1840
f 1850/2170/1850 1849/2169/1849 1847/2167/1847
f 1851/2171/1851 1812/2132/1812 1821/2141/1821
f 1829/2149/1829 1763/2083/1763 1761/2081/1761
f 1839/2159/1839 1811/2131/1811 1812/2132/1812
f 1849/2169/1849 1850/2170/1850 1855/2175/1855
f 1747/2067/1747 1749/2069/1749 1745/2065/1745
f 1841/2161/1841 1846/2166/1846 1839/2159/1839
f 1843/2163/1843 1856/2176/1856 1841/2161/1841
f 1769/2089/1769 1850/2170/1850 1821/2141/1821
f 1855/2175/1855 1850/2170/1850 1854/2174/1854
f 1853/2173/1853 1849/2169/1849 1855/2175/1855
f 1841/2161/1841 1845/2165/1845 1846/2166/1846
f 1856/2176/1856 1844/2164/1844 1841/2161/1841
f 1756/2076/1756 1772/2092/1772 1844/2164/1844
f 1846/2166/1846 1845/2165/1845 1837/2157/1837
f 1837/2157/1837 1811/2131/1811 1846/2166/1846
f 1844/2164/1844 1856/2176/1856 1857/2177/1857
f 1837/2157/1837 1845/2165/1845 1772/2092/1772
f 1857/2177/1857 1756/2076/1756 1844/2164/1844
f 1838/2158/1838 1756/2076/1756 1857/2177/1857
f 1850/2170/1850 1847/2167/1847 1851/2171/1851
f 1844/2164/1844 1845/2165/1845 1841/2161/1841
f 1851/2171/1851 1847/2167/1847 1840/2160/1840
f 1781/2101/1781 1810/2130/1810 1835/2155/1835
f 1810/2130/1810 1757/2077/1757 1835/2155/1835
f 1761/2081/1761 1763/2083/1763 1784/2104/1784
f 1757/2077/1757 1858/2178/1858 1835/2155/1835
f 1818/2138/1818 1810/2130/1810 1781/2101/1781
f 1828/2148/1828 1835/2155/1835 1858/2178/1858
f 1757/2077/1757 1838/2158/1838 1858/2178/1858
f 1838/2158/1838 1859/2179/1859 1858/2178/1858
f 1860/2180/1860 1828/2148/1828 1858/2178/1858
f 1859/2179/1859 1860/2180/1860 1858/2178/1858
f 1861/2181/1861 1862/2182/1862 1863/2183/1863
f 1864/2184/1864 1865/2185/1865 1866/2186/1866
f 1867/2187/1867 1868/2188/1868 1869/2189/1869
f 1870/2190/1870 1871/2191/1871 1872/2192/1872
f 1873/2193/1873 1874/2194/1874 1875/2195/1875
f 1876/2196/1876 1877/2197/1877 1867/2187/1867
f 1878/2198/1878 1879/2199/1879 1880/2200/1880
f 1876/2196/1876 1867/2187/1867 1869/2189/1869
f 1876/2196/1876 1881/2201/1881 1877/2197/1877
f 1882/2202/1882 1883/2203/1883 1876/2196/1876
f 1884/2204/1884 1885/2205/1885 1879/2199/1879
f 1886/2206/1886 1302/2207/1302 1281/2208/1281
f 1887/2209/1887 1888/2210/1888 1889/2211/1889
f 1867/2187/1867 1877/2197/1877 1890/2212/1890
f 1891/2213/1891 1892/2214/1892 1868/2188/1868
f 1280/2215/1280 1893/2216/1893 1278/2217/1278
f 1894/2218/1894 1372/2219/1372 1370/2220/1370
f 1870/2190/1870 1895/2221/1895 1896/2222/1896
f 1883/2203/1883 1897/2223/1897 1881/2201/1881
f 1861/2181/1861 1371/2224/1371 1898/2225/1898
f 1875/2195/1875 1899/2226/1899 1873/2193/1873
f 1900/2227/1900 1901/2228/1901 1902/2229/1902
f 1903/2230/1903 1904/2231/1904 1905/2232/1905
f 1906/2233/1906 1871/2191/1871 1907/2234/1907
f 1875/2195/1875 1874/2194/1874 1908/2235/1908
f 1909/2236/1909 1881/2201/1881 1910/2237/1910
f 1905/2232/1905 1907/2234/1907 1903/2230/1903
f 1911/2238/1911 1909/2236/1909 1910/2237/1910
f 1897/2223/1897 1883/2203/1883 1882/2202/1882
f 1912/2239/1912 1910/2237/1910 1897/2223/1897
f 1906/2233/1906 1913/2240/1913 1871/2191/1871
f 1914/2241/1914 1864/2184/1864 1915/2242/1915
f 1863/2183/1863 1344/2243/1344 1365/2244/1365
f 1911/2238/1911 1910/2237/1910 1912/2239/1912
f 1887/2209/1887 1344/2243/1344 1863/2183/1863
f 1916/2245/1916 1917/2246/1917 1911/2238/1911
f 1918/2247/1918 1919/2248/1919 1920/2249/1920
f 1890/2212/1890 1877/2197/1877 1921/2250/1921
f 1920/2249/1920 1922/2251/1922 1901/2228/1901
f 1923/2252/1923 1882/2202/1882 1924/2253/1924
f 1896/2222/1896 1280/2215/1280 1344/2243/1344
f 1925/2254/1925 1926/2255/1926 1927/2256/1927
f 1887/2209/1887 1889/2211/1889 1928/2257/1928
f 1372/2219/1372 1898/2225/1898 1371/2224/1371
f 1907/2234/1907 1871/2191/1871 1903/2230/1903
f 1915/2242/1915 1929/2258/1929 1914/2241/1914
f 1356/2259/1356 1925/2254/1925 1354/2260/1354
f 1930/2261/1930 1929/2258/1929 1931/2262/1931
f 1926/2255/1926 1356/2259/1356 1932/2263/1932
f 1930/2261/1930 1931/2262/1931 1886/2206/1886
f 1886/2206/1886 1361/2264/1361 1302/2207/1302
f 1929/2258/1929 1915/2242/1915 1931/2262/1931
f 1361/2264/1361 1931/2262/1931 1358/2265/1358
f 1356/2259/1356 1358/2265/1358 1932/2263/1932
f 1887/2209/1887 1928/2257/1928 1344/2243/1344
f 1361/2264/1361 1886/2206/1886 1931/2262/1931
f 1929/2258/1929 1930/2261/1930 1914/2241/1914
f 1356/2259/1356 1926/2255/1926 1925/2254/1925
f 1915/2242/1915 1932/2263/1932 1931/2262/1931
f 1926/2255/1926 1933/2266/1933 1927/2256/1927
f 1934/2267/1934 1932/2263/1932 1915/2242/1915
f 1889/2211/1889 1935/2268/1935 1928/2257/1928
f 1913/2240/1913 1872/2192/1872 1871/2191/1871
f 1926/2255/1926 1932/2263/1932 1934/2267/1934
f 1925/2254/1925 1377/2269/1377 1354/2260/1354
f 1933/2266/1933 1926/2255/1926 1934/2267/1934
f 1919/2248/1919 1922/2251/1922 1920/2249/1920
f 1878/2198/1878 1936/2270/1936 1937/2271/1937
f 1877/2197/1877 1881/2201/1881 1921/2250/1921
f 1878/2198/1878 1880/2200/1880 1936/2270/1936
f 1882/2202/1882 1923/2252/1923 1897/2223/1897
f 1861/2181/1861 1373/2272/1373 1371/2224/1371
f 1938/2273/1938 1880/2200/1880 1890/2212/1890
f 1936/2270/1936 1939/2274/1939 1937/2271/1937
f 1940/2275/1940 1895/2221/1895 1941/2276/1941
f 1937/2271/1937 1939/2274/1939 1942/2277/1942
f 1921/2250/1921 1881/2201/1881 1909/2236/1909
f 1943/2278/1943 1927/2256/1927 1933/2266/1933
f 1942/2277/1942 1939/2274/1939 1944/2279/1944
f 1945/2280/1945 1942/2277/1942 1944/2279/1944
f 1872/2192/1872 1895/2221/1895 1870/2190/1870
f 1946/2281/1946 1942/2277/1942 1945/2280/1945
f 1938/2273/1938 1921/2250/1921 1917/2246/1917
f 1947/2282/1947 1948/2283/1948 1949/2284/1949
f 1950/2285/1950 1936/2270/1936 1938/2273/1938
f 1951/2286/1951 1952/2287/1952 1941/2276/1941
f 1945/2280/1945 1953/2288/1953 1946/2281/1946
f 1927/2256/1927 1946/2281/1946 1925/2254/1925
f 1911/2238/1911 1917/2246/1917 1909/2236/1909
f 1938/2273/1938 1917/2246/1917 1950/2285/1950
f 1950/2285/1950 1953/2288/1953 1944/2279/1944
f 1946/2281/1946 1953/2288/1953 1873/2193/1873
f 1377/2269/1377 1925/2254/1925 1946/2281/1946
f 1902/2229/1902 1954/2289/1954 1913/2240/1913
f 1955/2290/1955 1956/2291/1956 1888/2210/1888
f 1365/2244/1365 1373/2272/1373 1863/2183/1863
f 1894/2218/1894 1898/2225/1898 1372/2219/1372
f 1892/2214/1892 1957/2292/1957 1922/2251/1922
f 1958/2293/1958 1953/2288/1953 1950/2285/1950
f 1946/2281/1946 1873/2193/1873 1377/2269/1377
f 1896/2222/1896 1893/2216/1893 1280/2215/1280
f 1958/2293/1958 1874/2194/1874 1953/2288/1953
f 1870/2190/1870 1935/2268/1935 1871/2191/1871
f 1958/2293/1958 1950/2285/1950 1916/2245/1916
f 1959/2294/1959 1377/2269/1377 1873/2193/1873
f 1958/2293/1958 1908/2235/1908 1874/2194/1874
f 1889/2211/1889 1956/2291/1956 1904/2231/1904
f 1936/2270/1936 1880/2200/1880 1938/2273/1938
f 1954/2289/1954 1872/2192/1872 1913/2240/1913
f 1947/2282/1947 1861/2181/1861 1948/2283/1948
f 1899/2226/1899 1960/2295/1960 1959/2294/1959
f 1908/2235/1908 1899/2226/1899 1875/2195/1875
f 1936/2270/1936 1950/2285/1950 1939/2274/1939
f 1959/2294/1959 1873/2193/1873 1899/2226/1899
f 1888/2210/1888 1947/2282/1947 1955/2290/1955
f 1902/2229/1902 1941/2276/1941 1954/2289/1954
f 1923/2252/1923 1912/2239/1912 1897/2223/1897
f 1941/2276/1941 1952/2287/1952 1940/2275/1940
f 1928/2257/1928 1935/2268/1935 1870/2190/1870
f 1953/2288/1953 1874/2194/1874 1873/2193/1873
f 1915/2242/1915 1864/2184/1864 1961/2296/1961
f 1957/2292/1957 1951/2286/1951 1902/2229/1902
f 1948/2283/1948 1861/2181/1861 1962/2297/1962
f 1944/2279/1944 1939/2274/1939 1950/2285/1950
f 1867/2187/1867 1891/2213/1891 1868/2188/1868
f 1955/2290/1955 1904/2231/1904 1956/2291/1956
f 1888/2210/1888 1862/2182/1862 1947/2282/1947
f 1962/2297/1962 1861/2181/1861 1963/2298/1963
f 1946/2281/1946 1927/2256/1927 1942/2277/1942
f 1890/2212/1890 1880/2200/1880 1885/2205/1885
f 1928/2257/1928 1896/2222/1896 1344/2243/1344
f 1885/2205/1885 1880/2200/1880 1879/2199/1879
f 1902/2229/1902 1913/2240/1913 1900/2227/1900
f 1941/2276/1941 1902/2229/1902 1951/2286/1951
f 1941/2276/1941 1872/2192/1872 1954/2289/1954
f 1941/2276/1941 1895/2221/1895 1872/2192/1872
f 1903/2230/1903 1889/2211/1889 1904/2231/1904
f 1922/2251/1922 1964/2299/1964 1892/2214/1892
f 1957/2292/1957 1892/2214/1892 1965/2300/1965
f 1865/2185/1865 1951/2286/1951 1957/2292/1957
f 1965/2300/1965 1865/2185/1865 1957/2292/1957
f 1895/2221/1895 1893/2216/1893 1896/2222/1896
f 1896/2222/1896 1928/2257/1928 1870/2190/1870
f 1868/2188/1868 1892/2214/1892 1964/2299/1964
f 1892/2214/1892 1891/2213/1891 1965/2300/1965
f 1952/2287/1952 1865/2185/1865 1864/2184/1864
f 1358/2265/1358 1931/2262/1931 1932/2263/1932
f 1865/2185/1865 1965/2300/1965 1866/2186/1866
f 1952/2287/1952 1914/2241/1914 1940/2275/1940
f 1914/2241/1914 1893/2216/1893 1895/2221/1895
f 1890/2212/1890 1965/2300/1965 1891/2213/1891
f 1864/2184/1864 1866/2186/1866 1884/2204/1884
f 1952/2287/1952 1864/2184/1864 1914/2241/1914
f 1884/2204/1884 1866/2186/1866 1965/2300/1965
f 1893/2216/1893 1914/2241/1914 1930/2261/1930
f 1890/2212/1890 1891/2213/1891 1867/2187/1867
f 1893/2216/1893 1930/2261/1930 1886/2206/1886
f 1278/2217/1278 1893/2216/1893 1886/2206/1886
f 1886/2206/1886 1281/2208/1281 1278/2217/1278
f 1861/2181/1861 1947/2282/1947 1862/2182/1862
f 1961/2296/1961 1934/2267/1934 1915/2242/1915
f 1884/2204/1884 1879/2199/1879 1961/2296/1961
f 1942/2277/1942 1927/2256/1927 1937/2271/1937
f 1889/2211/1889 1888/2210/1888 1956/2291/1956
f 1879/2199/1879 1933/2266/1933 1961/2296/1961
f 1933/2266/1933 1879/2199/1879 1943/2278/1943
f 1890/2212/1890 1921/2250/1921 1938/2273/1938
f 1879/2199/1879 1878/2198/1878 1943/2278/1943
f 1937/2271/1937 1927/2256/1927 1943/2278/1943
f 1878/2198/1878 1937/2271/1937 1943/2278/1943
f 1861/2181/1861 1863/2183/1863 1373/2272/1373
f 1940/2275/1940 1914/2241/1914 1895/2221/1895
f 1871/2191/1871 1935/2268/1935 1903/2230/1903
f 1887/2209/1887 1862/2182/1862 1888/2210/1888
f 1952/2287/1952 1951/2286/1951 1865/2185/1865
f 1894/2218/1894 1962/2297/1962 1963/2298/1963
f 1890/2212/1890 1885/2205/1885 1884/2204/1884
f 1966/2301/1966 1868/2188/1868 1964/2299/1964
f 1898/2225/1898 1963/2298/1963 1861/2181/1861
f 1922/2251/1922 1957/2292/1957 1901/2228/1901
f 1919/2248/1919 1964/2299/1964 1922/2251/1922
f 1909/2236/1909 1917/2246/1917 1921/2250/1921
f 1864/2184/1864 1884/2204/1884 1961/2296/1961
f 1959/2294/1959 1960/2295/1960 1377/2269/1377
f 1949/2284/1949 1955/2290/1955 1947/2282/1947
f 1950/2285/1950 1917/2246/1917 1916/2245/1916
f 1933/2266/1933 1934/2267/1934 1961/2296/1961
f 1869/2189/1869 1868/2188/1868 1966/2301/1966
f 1884/2204/1884 1965/2300/1965 1890/2212/1890
f 1883/2203/1883 1881/2201/1881 1876/2196/1876
f 1889/2211/1889 1903/2230/1903 1935/2268/1935
f 1957/2292/1957 1902/2229/1902 1901/2228/1901
f 1881/2201/1881 1897/2223/1897 1910/2237/1910
f 1894/2218/1894 1963/2298/1963 1898/2225/1898
f 1960/2295/1960 1312/2302/1312 1377/2269/1377
f 1863/2183/1863 1862/2182/1862 1887/2209/1887
f 1944/2279/1944 1953/2288/1953 1945/2280/1945
f 471/2303/471 489/2304/489 1967/2305/1967
f 1968/2306/1968 1969/2307/1969 1970/2308/1970
f 1971/2309/1971 1972/2310/1972 1973/2311/1973
f 1974/2312/1974 1971/2309/1971 1975/2313/1975
f 1976/2314/1976 1977/2315/1977 1978/2316/1978
f 1979/2317/1979 1976/2314/1976 1980/2318/1980
f 1968/2306/1968 1981/2319/1981 1969/2307/1969
f 1982/2320/1982 1983/2321/1983 495/2322/495
f 1976/2314/1976 1984/2323/1984 1985/2324/1985
f 1986/2325/1986 1987/2326/1987 1988/2327/1988
f 1976/2314/1976 1989/2328/1989 1977/2315/1977
f 1989/2328/1989 1990/2329/1990 1977/2315/1977
f 1991/2330/1991 1992/2331/1992 1984/2323/1984
f 1973/2311/1973 1981/2319/1981 1993/2332/1993
f 1969/2307/1969 1981/2319/1981 1994/2333/1994
f 1995/2334/1995 1996/2335/1996 1997/2336/1997
f 500/2337/500 1998/2338/1998 1982/2320/1982
f 1972/2310/1972 1994/2333/1994 1981/2319/1981
f 1990/2329/1990 1999/2339/1999 1977/2315/1977
f 1974/2312/1974 2000/2340/2000 1998/2338/1998
f 1972/2310/1972 1974/2312/1974 1994/2333/1994
f 1967/2305/1967 2001/2341/2001 1988/2327/1988
f 1970/2308/1970 1969/2307/1969 2002/2342/2002
f 2000/2340/2000 1982/2320/1982 1998/2338/1998
f 1971/2309/1971 1974/2312/1974 1972/2310/1972
f 2003/2343/2003 2002/2342/2002 2004/2344/2004
f 2003/2343/2003 2004/2344/2004 2005/2345/2005
f 1997/2336/1997 1987/2326/1987 1978/2316/1978
f 2006/2346/2006 1990/2329/1990 1989/2328/1989
f 1979/2317/1979 1988/2327/1988 2007/2347/2007
f 1977/2315/1977 1997/2336/1997 1978/2316/1978
f 1998/2338/1998 2008/2348/2008 1974/2312/1974
f 1973/2311/1973 1993/2332/1993 2009/2349/2009
f 1974/2312/1974 2008/2348/2008 2010/2350/2010
f 2009/2349/2009 1975/2313/1975 1971/2309/1971
f 500/2337/500 2008/2348/2008 1998/2338/1998
f 1983/2321/1983 2001/2341/2001 495/2322/495
f 1997/2336/1997 1999/2339/1999 1995/2334/1995
f 500/2337/500 1982/2320/1982 499/2351/499
f 2011/2352/2011 2012/2353/2012 2013/2354/2013
f 2014/2355/2014 2015/2356/2015 2016/2357/2016
f 2017/2358/2017 2018/2359/2018 2019/2360/2019
f 2020/2361/2020 2021/2362/2021 2022/2363/2022
f 2023/2364/2023 2018/2359/2018 2024/2365/2024
f 1978/2316/1978 1987/2326/1987 1986/2325/1986
f 2024/2365/2024 2025/2366/2025 2023/2364/2023
f 1968/2306/1968 1993/2332/1993 1981/2319/1981
f 1999/2339/1999 1997/2336/1997 1977/2315/1977
f 2026/2367/2026 2017/2358/2017 2027/2368/2027
f 1984/2323/1984 1992/2331/1992 1985/2324/1985
f 2019/2360/2019 2027/2368/2027 2017/2358/2017
f 2025/2366/2025 2019/2360/2019 2023/2364/2023
f 2026/2367/2026 2027/2368/2027 2028/2369/2028
f 2029/2370/2029 2002/2342/2002 1969/2307/1969
f 2023/2364/2023 2019/2360/2019 2018/2359/2018
f 1983/2321/1983 1984/2323/1984 2007/2347/2007
f 2003/2343/2003 2026/2367/2026 2028/2369/2028
f 2015/2356/2015 2030/2371/2030 2031/2372/2031
f 2025/2366/2025 2024/2365/2024 2032/2373/2032
f 1994/2333/1994 2029/2370/2029 1969/2307/1969
f 2033/2374/2033 2006/2346/2006 2034/2375/2034
f 1982/2320/1982 495/2322/495 499/2351/499
f 2028/2369/2028 1970/2308/1970 2003/2343/2003
f 2029/2370/2029 2004/2344/2004 2002/2342/2002
f 1973/2311/1973 2009/2349/2009 1971/2309/1971
f 2035/2376/2035 2027/2368/2027 2036/2377/2036
f 2037/2378/2037 2038/2379/2038 2039/2380/2039
f 2025/2366/2025 2036/2377/2036 2019/2360/2019
f 2000/2340/2000 1974/2312/1974 1975/2313/1975
f 495/2322/495 2001/2341/2001 488/2381/488
f 2001/2341/2001 1983/2321/1983 1988/2327/1988
f 1983/2321/1983 2007/2347/2007 1988/2327/1988
f 2021/2362/2021 2040/2382/2040 2041/2383/2041
f 2013/2354/2013 2036/2377/2036 2025/2366/2025
f 1996/2335/1996 1967/2305/1967 1987/2326/1987
f 1970/2308/1970 2028/2369/2028 2035/2376/2035
f 2035/2376/2035 2036/2377/2036 2013/2354/2013
f 1970/2308/1970 2002/2342/2002 2003/2343/2003
f 2042/2384/2042 2043/2385/2043 2044/2386/2044
f 2025/2366/2025 2045/2387/2045 2013/2354/2013
f 2046/2388/2046 1968/2306/1968 1970/2308/1970
f 488/2381/488 2001/2341/2001 489/2304/489
f 1979/2317/1979 2007/2347/2007 1984/2323/1984
f 2035/2376/2035 2046/2388/2046 1970/2308/1970
f 2013/2354/2013 2045/2387/2045 2011/2352/2011
f 2047/2389/2047 2042/2384/2042 2048/2390/2048
f 1985/2324/1985 1989/2328/1989 1976/2314/1976
f 2049/2391/2049 2050/2392/2050 2051/2393/2051
f 1968/2306/1968 2046/2388/2046 1993/2332/1993
f 2013/2354/2013 2012/2353/2012 2052/2394/2052
f 1983/2321/1983 1982/2320/1982 1991/2330/1991
f 1983/2321/1983 1991/2330/1991 1984/2323/1984
f 1974/2312/1974 2010/2350/2010 1994/2333/1994
f 2033/2374/2033 2047/2389/2047 2048/2390/2048
f 470/2395/470 1999/2339/1999 462/2396/462
f 2053/2397/2053 2014/2355/2014 2016/2357/2016
f 2054/2398/2054 1992/2331/1992 2039/2380/2039
f 2000/2340/2000 1991/2330/1991 1982/2320/1982
f 2045/2387/2045 2055/2399/2055 2011/2352/2011
f 2015/2356/2015 2056/2400/2056 2016/2357/2016
f 1991/2330/1991 2037/2378/2037 1992/2331/1992
f 2057/2401/2057 2055/2399/2055 2050/2392/2050
f 2058/2402/2058 2053/2397/2053 2016/2357/2016
f 2059/2403/2059 2057/2401/2057 2060/2404/2060
f 2052/2394/2052 2012/2353/2012 2031/2372/2031
f 2034/2375/2034 2006/2346/2006 2054/2398/2054
f 2030/2371/2030 2052/2394/2052 2031/2372/2031
f 1988/2327/1988 1987/2326/1987 1967/2305/1967
f 1984/2323/1984 1976/2314/1976 1979/2317/1979
f 2054/2398/2054 1985/2324/1985 1992/2331/1992
f 2057/2401/2057 2059/2403/2059 2011/2352/2011
f 2013/2354/2013 2052/2394/2052 2035/2376/2035
f 1975/2313/1975 2037/2378/2037 2000/2340/2000
f 2029/2370/2029 2005/2345/2005 2004/2344/2004
f 2027/2368/2027 2019/2360/2019 2036/2377/2036
f 1973/2311/1973 1972/2310/1972 1981/2319/1981
f 2061/2405/2061 2062/2406/2062 2058/2402/2058
f 2063/2407/2063 2064/2408/2064 2049/2391/2049
f 2015/2356/2015 2011/2352/2011 2059/2403/2059
f 2035/2376/2035 2028/2369/2028 2027/2368/2027
f 489/2304/489 2001/2341/2001 1967/2305/1967
f 2065/2409/2065 2040/2382/2040 2066/2410/2066
f 2049/2391/2049 2061/2405/2061 2050/2392/2050
f 2057/2401/2057 2061/2405/2061 2060/2404/2060
f 1988/2327/1988 1979/2317/1979 1986/2325/1986
f 1985/2324/1985 2054/2398/2054 1989/2328/1989
f 2040/2382/2040 2021/2362/2021 2020/2361/2020
f 2052/2394/2052 2046/2388/2046 2035/2376/2035
f 2065/2409/2065 2030/2371/2030 2040/2382/2040
f 1993/2332/1993 2022/2363/2022 2009/2349/2009
f 2047/2389/2047 2067/2411/2067 2043/2385/2043
f 2067/2411/2067 2068/2412/2068 2043/2385/2043
f 2011/2352/2011 2015/2356/2015 2031/2372/2031
f 2051/2393/2051 2050/2392/2050 2055/2399/2055
f 2064/2408/2064 2062/2406/2062 2049/2391/2049
f 2038/2379/2038 1975/2313/1975 2009/2349/2009
f 2041/2383/2041 2030/2371/2030 2015/2356/2015
f 2057/2401/2057 2050/2392/2050 2061/2405/2061
f 1967/2305/1967 2069/2413/2069 471/2303/471
f 2056/2400/2056 2059/2403/2059 2060/2404/2060
f 1979/2317/1979 1980/2318/1980 1986/2325/1986
f 2043/2385/2043 2042/2384/2042 2047/2389/2047
f 1967/2305/1967 1996/2335/1996 1995/2334/1995
f 1996/2335/1996 1987/2326/1987 1997/2336/1997
f 2015/2356/2015 2059/2403/2059 2056/2400/2056
f 2049/2391/2049 2062/2406/2062 2061/2405/2061
f 1980/2318/1980 1976/2314/1976 1978/2316/1978
f 2006/2346/2006 1989/2328/1989 2054/2398/2054
f 2058/2402/2058 2060/2404/2060 2061/2405/2061
f 1993/2332/1993 2040/2382/2040 2020/2361/2020
f 2056/2400/2056 2058/2402/2058 2016/2357/2016
f 2057/2401/2057 2011/2352/2011 2055/2399/2055
f 2037/2378/2037 1975/2313/1975 2038/2379/2038
f 2067/2411/2067 2070/2414/2070 2068/2412/2068
f 2037/2378/2037 1991/2330/1991 2000/2340/2000
f 471/2303/471 2069/2413/2069 470/2395/470
f 2069/2413/2069 1967/2305/1967 1995/2334/1995
f 1978/2316/1978 1986/2325/1986 1980/2318/1980
f 2064/2408/2064 2071/2415/2071 2072/2416/2072
f 2039/2380/2039 1992/2331/1992 2037/2378/2037
f 470/2395/470 1995/2334/1995 1999/2339/1999
f 2068/2412/2068 2062/2406/2062 2064/2408/2064
f 2069/2413/2069 1995/2334/1995 470/2395/470
f 2048/2390/2048 1990/2329/1990 2006/2346/2006
f 2052/2394/2052 2065/2409/2065 2046/2388/2046
f 2073/2417/2073 2014/2355/2014 2053/2397/2053
f 2014/2355/2014 2041/2383/2041 2015/2356/2015
f 2074/2418/2074 1999/2339/1999 1990/2329/1990
f 2041/2383/2041 2040/2382/2040 2030/2371/2030
f 1990/2329/1990 2048/2390/2048 2074/2418/2074
f 2045/2387/2045 2025/2366/2025 2032/2373/2032
f 2058/2402/2058 2056/2400/2056 2060/2404/2060
f 2072/2416/2072 2043/2385/2043 2068/2412/2068
f 2022/2363/2022 2021/2362/2021 2075/2419/2075
f 2071/2415/2071 2064/2408/2064 2063/2407/2063
f 2021/2362/2021 2041/2383/2041 2014/2355/2014
f 2052/2394/2052 2030/2371/2030 2065/2409/2065
f 462/2396/462 1999/2339/1999 2074/2418/2074
f 2068/2412/2068 2064/2408/2064 2072/2416/2072
f 2073/2417/2073 2067/2411/2067 2047/2389/2047
f 2062/2406/2062 2068/2412/2068 2070/2414/2070
f 2046/2388/2046 2066/2410/2066 1993/2332/1993
f 2038/2379/2038 2075/2419/2075 2039/2380/2039
f 1993/2332/1993 2020/2361/2020 2022/2363/2022
f 2058/2402/2058 2062/2406/2062 2070/2414/2070
f 2014/2355/2014 2075/2419/2075 2021/2362/2021
f 2058/2402/2058 2070/2414/2070 2067/2411/2067
f 2038/2379/2038 2022/2363/2022 2075/2419/2075
f 2006/2346/2006 2033/2374/2033 2048/2390/2048
f 2075/2419/2075 2014/2355/2014 2039/2380/2039
f 2043/2385/2043 2072/2416/2072 2044/2386/2044
f 2034/2375/2034 2054/2398/2054 2039/2380/2039
f 2067/2411/2067 2053/2397/2053 2058/2402/2058
f 2065/2409/2065 2066/2410/2066 2046/2388/2046
f 2076/2420/2076 2063/2407/2063 2049/2391/2049
f 2051/2393/2051 2076/2420/2076 2049/2391/2049
f 2066/2410/2066 2040/2382/2040 1993/2332/1993
f 2044/2386/2044 2074/2418/2074 2042/2384/2042
f 2073/2417/2073 2034/2375/2034 2039/2380/2039
f 2073/2417/2073 2053/2397/2053 2067/2411/2067
f 2031/2372/2031 2012/2353/2012 2011/2352/2011
f 2074/2418/2074 2048/2390/2048 2042/2384/2042
f 2022/2363/2022 2038/2379/2038 2009/2349/2009
f 2014/2355/2014 2073/2417/2073 2039/2380/2039
f 2033/2374/2033 2034/2375/2034 2073/2417/2073
f 2033/2374/2033 2073/2417/2073 2047/2389/2047
f 2074/2418/2074 2044/2386/2044 494/2421/494
f 2044/2386/2044 2072/2416/2072 494/2421/494
f 494/2421/494 2072/2416/2072 251/2422/251
f 251/2422/251 231/2423/231 494/2421/494
f 462/2396/462 2074/2418/2074 494/2421/494
f 2077/2424/2077 2078/2425/2078 2079/2426/2079
f 2080/2427/2080 2081/2428/2081 2082/2429/2082
f 2083/2430/2083 2084/2431/2084 2085/2432/2085
f 2085/2432/2085 2086/2433/2086 2083/2430/2083
f 2087/2434/2087 1698/2435/1698 1666/2436/1666
f 2077/2424/2077 2088/2437/2088 2089/2438/2089
f 97/2439/97 2090/2440/2090 2091/2441/2091
f 97/2439/97 95/2442/95 2092/2443/2092
f 2093/2444/2093 2094/2445/2094 2095/2446/2095
f 1666/2436/1666 1675/2447/1675 2096/2448/2096
f 2097/2449/2097 2098/2450/2098 2099/2451/2099
f 659/2452/659 2100/2453/2100 660/2454/660
f 2101/2455/2101 2102/2456/2102 2103/2457/2103
f 2104/2458/2104 2105/2459/2105 92/2460/92
f 2106/2461/2106 2107/2462/2107 2108/2463/2108
f 2109/2464/2109 2110/2465/2110 2111/2466/2111
f 2112/2467/2112 2113/2468/2113 2114/2469/2114
f 2090/2440/2090 2115/2470/2115 2116/2471/2116
f 2080/2427/2080 2108/2463/2108 2097/2449/2097
f 2117/2472/2117 2118/2473/2118 2119/2474/2119
f 2120/2475/2120 2078/2425/2078 2089/2438/2089
f 2121/2476/2121 2122/2477/2122 2123/2478/2123
f 2090/2440/2090 2116/2471/2116 2091/2441/2091
f 2124/2479/2124 2125/2480/2125 2122/2477/2122
f 2091/2441/2091 2093/2444/2093 113/2481/113
f 2093/2444/2093 2091/2441/2091 2116/2471/2116
f 2095/2446/2095 2104/2458/2104 113/2481/113
f 92/2460/92 85/2482/85 2104/2458/2104
f 2126/2483/2126 2127/2484/2127 714/2485/714
f 2128/2486/2128 2129/2487/2129 2130/2488/2130
f 2131/2489/2131 2132/2490/2132 2082/2429/2082
f 2133/2491/2133 2113/2468/2113 2134/2492/2134
f 2135/2493/2135 2102/2456/2102 2112/2467/2112
f 2136/2494/2136 2137/2495/2137 2131/2489/2131
f 2138/2496/2138 2088/2437/2088 2077/2424/2077
f 2102/2456/2102 2135/2493/2135 2139/2497/2139
f 113/2481/113 103/2498/103 2091/2441/2091
f 113/2481/113 2104/2458/2104 85/2482/85
f 92/2460/92 2140/2499/2140 90/2500/90
f 2085/2432/2085 2084/2431/2084 2141/2501/2141
f 2142/2502/2142 2135/2493/2135 2114/2469/2114
f 1698/2435/1698 2143/2503/2143 2144/2504/2144
f 2145/2505/2145 2089/2438/2089 2088/2437/2088
f 2146/2506/2146 2147/2507/2147 2148/2508/2148
f 1698/2435/1698 2087/2434/2087 2143/2503/2143
f 2149/2509/2149 2110/2465/2110 2109/2464/2109
f 2150/2510/2150 2151/2511/2151 2109/2464/2109
f 2149/2509/2149 2109/2464/2109 2151/2511/2151
f 2152/2512/2152 2151/2511/2151 2150/2510/2150
f 2151/2511/2151 2129/2487/2129 2149/2509/2149
f 2119/2474/2119 2110/2465/2110 2153/2513/2153
f 2152/2512/2152 2154/2514/2154 2151/2511/2151
f 2084/2431/2084 2152/2512/2152 2155/2515/2155
f 2154/2514/2154 2152/2512/2152 2084/2431/2084
f 2129/2487/2129 2151/2511/2151 2156/2516/2156
f 190/2517/190 183/2518/183 2157/2519/2157
f 2154/2514/2154 2156/2516/2156 2151/2511/2151
f 2084/2431/2084 2155/2515/2155 2141/2501/2141
f 2083/2430/2083 2154/2514/2154 2084/2431/2084
f 2129/2487/2129 2156/2516/2156 2130/2488/2130
f 2138/2496/2138 2117/2472/2117 2136/2494/2136
f 2158/2520/2158 2156/2516/2156 2154/2514/2154
f 90/2500/90 2140/2499/2140 2159/2521/2159
f 2158/2520/2158 2154/2514/2154 2083/2430/2083
f 2143/2503/2143 2141/2501/2141 2160/2522/2160
f 2156/2516/2156 2161/2523/2161 2130/2488/2130
f 212/2524/212 2112/2467/2112 2157/2519/2157
f 2156/2516/2156 2158/2520/2158 2161/2523/2161
f 2158/2520/2158 2083/2430/2083 2086/2433/2086
f 2162/2525/2162 2141/2501/2141 2163/2526/2163
f 2162/2525/2162 2085/2432/2085 2141/2501/2141
f 2158/2520/2158 2164/2527/2164 2161/2523/2161
f 2086/2433/2086 2085/2432/2085 2162/2525/2162
f 2148/2508/2148 2158/2520/2158 2086/2433/2086
f 2114/2469/2114 2145/2505/2145 2142/2502/2142
f 97/2439/97 2091/2441/2091 103/2498/103
f 2127/2484/2127 2161/2523/2161 2164/2527/2164
f 2148/2508/2148 2164/2527/2164 2158/2520/2158
f 2165/2528/2165 2086/2433/2086 2162/2525/2162
f 2162/2525/2162 2166/2529/2166 2165/2528/2165
f 2127/2484/2127 2126/2483/2126 2167/2530/2167
f 2127/2484/2127 2164/2527/2164 714/2485/714
f 2168/2531/2168 1698/2435/1698 2144/2504/2144
f 2164/2527/2164 2148/2508/2148 714/2485/714
f 2169/2532/2169 2170/2533/2170 2171/2534/2171
f 2165/2528/2165 2146/2506/2146 2086/2433/2086
f 2172/2535/2172 2169/2532/2169 2171/2534/2171
f 714/2485/714 2148/2508/2148 2147/2507/2147
f 194/2536/194 193/2537/193 2173/2538/2173
f 2174/2539/2174 2146/2506/2146 2165/2528/2165
f 2146/2506/2146 2100/2453/2100 2147/2507/2147
f 2078/2425/2078 2077/2424/2077 2089/2438/2089
f 2102/2456/2102 2175/2540/2175 2103/2457/2103
f 2143/2503/2143 2176/2541/2176 2144/2504/2144
f 2174/2539/2174 2165/2528/2165 2096/2448/2096
f 714/2485/714 2147/2507/2147 715/2542/715
f 2129/2487/2129 2128/2486/2128 2110/2465/2110
f 2147/2507/2147 2100/2453/2100 659/2452/659
f 2105/2459/2105 2095/2446/2095 2094/2445/2094
f 2132/2490/2132 2080/2427/2080 2082/2429/2082
f 1742/2543/1742 1698/2435/1698 2168/2531/2168
f 2107/2462/2107 2097/2449/2097 2108/2463/2108
f 2174/2539/2174 1676/2544/1676 2100/2453/2100
f 1675/2447/1675 1676/2544/1676 2174/2539/2174
f 2080/2427/2080 2097/2449/2097 2175/2540/2175
f 2112/2467/2112 212/2524/212 2113/2468/2113
f 2166/2529/2166 2162/2525/2162 2163/2526/2163
f 2177/2545/2177 2150/2510/2150 2093/2444/2093
f 193/2537/193 2098/2450/2098 2178/2546/2178
f 2124/2479/2124 2121/2476/2121 2097/2449/2097
f 202/2547/202 2098/2450/2098 193/2537/193
f 2124/2479/2124 2107/2462/2107 2125/2480/2125
f 2107/2462/2107 2124/2479/2124 2097/2449/2097
f 1666/2436/1666 2096/2448/2096 2087/2434/2087
f 2122/2477/2122 2121/2476/2121 2124/2479/2124
f 2163/2526/2163 2087/2434/2087 2166/2529/2166
f 2097/2449/2097 2121/2476/2121 2098/2450/2098
f 2082/2429/2082 2081/2428/2081 2138/2496/2138
f 2121/2476/2121 2123/2478/2123 2178/2546/2178
f 2179/2548/2179 2114/2469/2114 2113/2468/2113
f 193/2537/193 2123/2478/2123 2173/2538/2173
f 2123/2478/2123 193/2537/193 2178/2546/2178
f 1713/2549/1713 1742/2543/1742 2168/2531/2168
f 2133/2491/2133 2134/2492/2134 2120/2475/2120
f 2139/2497/2139 2175/2540/2175 2102/2456/2102
f 2092/2443/2092 2115/2470/2115 2090/2440/2090
f 2113/2468/2113 2133/2491/2133 2179/2548/2179
f 92/2460/92 2105/2459/2105 2140/2499/2140
f 190/2517/190 2157/2519/2157 2101/2455/2101
f 2142/2502/2142 2081/2428/2081 2139/2497/2139
f 2096/2448/2096 1675/2447/1675 2174/2539/2174
f 2111/2466/2111 2110/2465/2110 2079/2426/2079
f 2171/2534/2171 2170/2533/2170 2119/2474/2119
f 2141/2501/2141 2143/2503/2143 2163/2526/2163
f 2136/2494/2136 2117/2472/2117 2119/2474/2119
f 2127/2484/2127 2130/2488/2130 2161/2523/2161
f 2129/2487/2129 2110/2465/2110 2149/2509/2149
f 2101/2455/2101 2099/2451/2099 190/2517/190
f 2180/2550/2180 2128/2486/2128 2130/2488/2130
f 2110/2465/2110 2118/2473/2118 2079/2426/2079
f 2119/2474/2119 2170/2533/2170 2137/2495/2137
f 2080/2427/2080 2106/2461/2106 2108/2463/2108
f 2147/2507/2147 659/2452/659 715/2542/715
f 2115/2470/2115 2168/2531/2168 2176/2541/2176
f 2081/2428/2081 2080/2427/2080 2139/2497/2139
f 2176/2541/2176 2160/2522/2160 2116/2471/2116
f 2157/2519/2157 2102/2456/2102 2101/2455/2101
f 2138/2496/2138 2142/2502/2142 2088/2437/2088
f 2079/2426/2079 2118/2473/2118 2077/2424/2077
f 2155/2515/2155 2152/2512/2152 2177/2545/2177
f 2150/2510/2150 2177/2545/2177 2152/2512/2152
f 2094/2445/2094 2109/2464/2109 2111/2466/2111
f 2116/2471/2116 2160/2522/2160 2155/2515/2155
f 2103/2457/2103 2175/2540/2175 2099/2451/2099
f 2111/2466/2111 2079/2426/2079 2105/2459/2105
f 2140/2499/2140 2120/2475/2120 2181/2551/2181
f 2080/2427/2080 2175/2540/2175 2139/2497/2139
f 2100/2453/2100 2146/2506/2146 2174/2539/2174
f 2139/2497/2139 2135/2493/2135 2142/2502/2142
f 2135/2493/2135 2112/2467/2112 2114/2469/2114
f 2180/2550/2180 2182/2552/2182 2171/2534/2171
f 2176/2541/2176 2168/2531/2168 2144/2504/2144
f 2098/2450/2098 190/2517/190 2099/2451/2099
f 2096/2448/2096 2165/2528/2165 2166/2529/2166
f 660/2454/660 2100/2453/2100 1676/2544/1676
f 2177/2545/2177 2093/2444/2093 2116/2471/2116
f 2089/2438/2089 2145/2505/2145 2133/2491/2133
f 2140/2499/2140 2181/2551/2181 2159/2521/2159
f 2180/2550/2180 2183/2553/2183 2182/2552/2182
f 2180/2550/2180 2184/2554/2184 2183/2553/2183
f 2185/2555/2185 2184/2554/2184 2180/2550/2180
f 2130/2488/2130 2185/2555/2185 2180/2550/2180
f 1713/2549/1713 2115/2470/2115 2092/2443/2092
f 1713/2549/1713 2092/2443/2092 1738/2556/1738
f 2155/2515/2155 2177/2545/2177 2116/2471/2116
f 2081/2428/2081 2142/2502/2142 2138/2496/2138
f 2137/2495/2137 2136/2494/2136 2119/2474/2119
f 2093/2444/2093 2150/2510/2150 2094/2445/2094
f 2087/2434/2087 2096/2448/2096 2166/2529/2166
f 2157/2519/2157 2112/2467/2112 2102/2456/2102
f 2114/2469/2114 2179/2548/2179 2145/2505/2145
f 2105/2459/2105 2079/2426/2079 2140/2499/2140
f 2127/2484/2127 2167/2530/2167 2130/2488/2130
f 2095/2446/2095 2105/2459/2105 2104/2458/2104
f 2136/2494/2136 2082/2429/2082 2138/2496/2138
f 2131/2489/2131 2082/2429/2082 2136/2494/2136
f 2078/2425/2078 2120/2475/2120 2140/2499/2140
f 2128/2486/2128 2153/2513/2153 2110/2465/2110
f 2078/2425/2078 2140/2499/2140 2079/2426/2079
f 2128/2486/2128 2180/2550/2180 2153/2513/2153
f 2117/2472/2117 2077/2424/2077 2118/2473/2118
f 183/2518/183 212/2524/212 2157/2519/2157
f 2160/2522/2160 2176/2541/2176 2143/2503/2143
f 2097/2449/2097 2099/2451/2099 2175/2540/2175
f 2099/2451/2099 2101/2455/2101 2103/2457/2103
f 2092/2443/2092 94/2557/94 1738/2556/1738
f 2115/2470/2115 1713/2549/1713 2168/2531/2168
f 2133/2491/2133 2145/2505/2145 2179/2548/2179
f 2155/2515/2155 2160/2522/2160 2141/2501/2141
f 2110/2465/2110 2119/2474/2119 2118/2473/2118
f 2172/2535/2172 2171/2534/2171 2182/2552/2182
f 2098/2450/2098 202/2547/202 190/2517/190
f 97/2439/97 2092/2443/2092 2090/2440/2090
f 2178/2546/2178 2098/2450/2098 2121/2476/2121
f 2163/2526/2163 2143/2503/2143 2087/2434/2087
f 2092/2443/2092 95/2442/95 94/2557/94
f 2109/2464/2109 2094/2445/2094 2150/2510/2150
f 2094/2445/2094 2111/2466/2111 2105/2459/2105
f 2119/2474/2119 2153/2513/2153 2171/2534/2171
f 113/2481/113 2093/2444/2093 2095/2446/2095
f 2120/2475/2120 2089/2438/2089 2133/2491/2133
f 2117/2472/2117 2138/2496/2138 2077/2424/2077
f 2106/2461/2106 2080/2427/2080 2132/2490/2132
f 2145/2505/2145 2088/2437/2088 2142/2502/2142
f 2176/2541/2176 2116/2471/2116 2115/2470/2115
f 2146/2506/2146 2148/2508/2148 2086/2433/2086
f 2171/2534/2171 2153/2513/2153 2180/2550/2180
f 2186/2558/2186 2187/2559/2187 2188/2560/2188
f 450/2561/450 2187/2559/2187 2186/2558/2186
f 482/2562/482 2187/2559/2187 450/2561/450
f 2189/2563/2189 2190/2564/2190 2191/2565/2191
f 2192/2566/2192 2193/2567/2193 2194/2568/2194
f 2195/2569/2195 2196/2570/2196 2197/2571/2197
f 2198/2572/2198 144/2573/144 138/2574/138
f 2188/2560/2188 482/2562/482 473/2575/473
f 2197/2571/2197 2199/2576/2199 2200/2577/2200
f 2201/2578/2201 2198/2572/2198 2202/2579/2202
f 2187/2559/2187 482/2562/482 2188/2560/2188
f 2203/2580/2203 140/2581/140 141/2582/141
f 2204/2583/2204 2205/2584/2205 2201/2578/2201
f 2200/2577/2200 2206/2585/2206 2202/2579/2202
f 140/2581/140 2207/2586/2207 122/2587/122
f 2200/2577/2200 2202/2579/2202 2208/2588/2208
f 2204/2583/2204 2201/2578/2201 2209/2589/2209
f 2203/2580/2203 141/2582/141 2210/2590/2210
f 2211/2591/2211 2210/2590/2210 144/2573/144
f 2202/2579/2202 2206/2585/2206 2209/2589/2209
f 122/2587/122 2207/2586/2207 2212/2592/2212
f 2193/2567/2193 2213/2593/2213 2194/2568/2194
f 2214/2594/2214 2190/2564/2190 2215/2595/2215
f 2191/2565/2191 2190/2564/2190 2214/2594/2214
f 2195/2569/2195 2208/2588/2208 2198/2572/2198
f 2216/2596/2216 2198/2572/2198 138/2574/138
f 2207/2586/2207 2217/2597/2217 2212/2592/2212
f 141/2582/141 144/2573/144 2210/2590/2210
f 2198/2572/2198 2208/2588/2208 2202/2579/2202
f 2201/2578/2201 144/2573/144 2198/2572/2198
f 2218/2598/2218 2203/2580/2203 2210/2590/2210
f 2198/2572/2198 2216/2596/2216 2195/2569/2195
f 2201/2578/2201 2205/2584/2205 144/2573/144
f 2207/2586/2207 140/2581/140 2203/2580/2203
f 2208/2588/2208 2195/2569/2195 2197/2571/2197
f 2195/2569/2195 2216/2596/2216 2196/2570/2196
f 2218/2598/2218 2210/2590/2210 2211/2591/2211
f 2205/2584/2205 2211/2591/2211 144/2573/144
f 2209/2589/2209 2201/2578/2201 2202/2579/2202
f 2218/2598/2218 2207/2586/2207 2203/2580/2203
f 2199/2576/2199 2219/2599/2219 2206/2585/2206
f 2220/2600/2220 2199/2576/2199 2197/2571/2197
f 2221/2601/2221 2219/2599/2219 2199/2576/2199
f 2222/2602/2222 2223/2603/2223 2219/2599/2219
f 2220/2600/2220 2221/2601/2221 2199/2576/2199
f 2224/2604/2224 2222/2602/2222 2221/2601/2221
f 2221/2601/2221 2222/2602/2222 2219/2599/2219
f 2225/2605/2225 2223/2603/2223 2222/2602/2222
f 2224/2604/2224 2221/2601/2221 2220/2600/2220
f 2200/2577/2200 2208/2588/2208 2197/2571/2197
f 2207/2586/2207 2218/2598/2218 2217/2597/2217
f 2226/2606/2226 2227/2607/2227 2228/2608/2228
f 2228/2608/2228 2229/2609/2229 2230/2610/2230
f 2231/2611/2231 2230/2610/2230 2229/2609/2229
f 2212/2592/2212 2232/2612/2232 2233/2613/2233
f 2234/2614/2234 2235/2615/2235 2194/2568/2194
f 2236/2616/2236 2237/2617/2237 2238/2618/2238
f 2230/2610/2230 2239/2619/2239 2240/2620/2240
f 2241/2621/2241 2242/2622/2242 2243/2623/2243
f 2226/2606/2226 2244/2624/2244 2245/2625/2245
f 2205/2584/2205 2246/2626/2246 2211/2591/2211
f 2247/2627/2247 2248/2628/2248 2186/2558/2186
f 2249/2629/2249 2248/2628/2248 2250/2630/2250
f 498/2631/498 2251/2632/2251 2249/2629/2249
f 2252/2633/2252 2253/2634/2253 2254/2635/2254
f 2242/2622/2242 2241/2621/2241 2255/2636/2255
f 2256/2637/2256 2232/2612/2232 2217/2597/2217
f 2257/2638/2257 2229/2609/2229 2227/2607/2227
f 2258/2639/2258 2245/2625/2245 2259/2640/2259
f 2260/2641/2260 2261/2642/2261 2262/2643/2262
f 121/2644/121 2233/2613/2233 2213/2593/2213
f 122/2587/122 2212/2592/2212 121/2644/121
f 2233/2613/2233 2263/2645/2263 2213/2593/2213
f 2234/2614/2234 2194/2568/2194 2263/2645/2263
f 2264/2646/2264 2265/2647/2265 2266/2648/2266
f 2267/2649/2267 2265/2647/2265 2268/2650/2268
f 2269/2651/2269 2270/2652/2270 2271/2653/2271
f 2272/2654/2272 2273/2655/2273 2274/2656/2274
f 2189/2563/2189 2274/2656/2274 2275/2657/2275
f 2265/2647/2265 2276/2658/2276 2266/2648/2266
f 2226/2606/2226 2245/2625/2245 2249/2629/2249
f 2277/2659/2277 2278/2660/2278 2234/2614/2234
f 2233/2613/2233 121/2644/121 2212/2592/2212
f 2235/2615/2235 2234/2614/2234 2278/2660/2278
f 2264/2646/2264 2194/2568/2194 2235/2615/2235
f 2275/2657/2275 2190/2564/2190 2189/2563/2189
f 2244/2624/2244 2226/2606/2226 2230/2610/2230
f 2279/2661/2279 2268/2650/2268 2280/2662/2280
f 2273/2655/2273 2272/2654/2272 2280/2662/2280
f 2235/2615/2235 2281/2663/2281 2282/2664/2282
f 2275/2657/2275 2274/2656/2274 2273/2655/2273
f 2283/2665/2283 2284/2666/2284 2285/2667/2285
f 2234/2614/2234 2232/2612/2232 2286/2668/2286
f 2278/2660/2278 2277/2659/2277 2235/2615/2235
f 2282/2664/2282 2264/2646/2264 2235/2615/2235
f 2287/2669/2287 2285/2667/2285 2257/2638/2257
f 2288/2670/2288 2219/2599/2219 2223/2603/2223
f 2282/2664/2282 2268/2650/2268 2264/2646/2264
f 2268/2650/2268 2271/2653/2271 2280/2662/2280
f 2273/2655/2273 2289/2671/2289 2275/2657/2275
f 2235/2615/2235 2277/2659/2277 2269/2651/2269
f 2217/2597/2217 2261/2642/2261 2256/2637/2256
f 2275/2657/2275 2290/2672/2290 2291/2673/2291
f 2268/2650/2268 2279/2661/2279 2267/2649/2267
f 2286/2668/2286 2269/2651/2269 2277/2659/2277
f 2241/2621/2241 2292/2674/2292 2255/2636/2255
f 2283/2665/2283 2255/2636/2255 2292/2674/2292
f 2293/2675/2293 2247/2627/2247 2294/2676/2294
f 2218/2598/2218 2252/2633/2252 2217/2597/2217
f 455/2677/455 498/2631/498 2258/2639/2258
f 2189/2563/2189 2272/2654/2272 2274/2656/2274
f 2295/2678/2295 2296/2679/2296 2204/2583/2204
f 2280/2662/2280 2271/2653/2271 2289/2671/2289
f 2289/2671/2289 2290/2672/2290 2275/2657/2275
f 2293/2675/2293 2243/2623/2243 2242/2622/2242
f 2260/2641/2260 2256/2637/2256 2261/2642/2261
f 2297/2680/2297 2238/2618/2238 2246/2626/2246
f 2192/2566/2192 2194/2568/2194 2266/2648/2266
f 2269/2651/2269 2281/2663/2281 2235/2615/2235
f 2271/2653/2271 2282/2664/2282 2281/2663/2281
f 2217/2597/2217 2252/2633/2252 2261/2642/2261
f 2269/2651/2269 2271/2653/2271 2281/2663/2281
f 2256/2637/2256 2286/2668/2286 2232/2612/2232
f 2295/2678/2295 2209/2589/2209 2288/2670/2288
f 2290/2672/2290 2284/2666/2284 2291/2673/2291
f 2283/2665/2283 2215/2595/2215 2284/2666/2284
f 2266/2648/2266 2194/2568/2194 2264/2646/2264
f 2298/2681/2298 2247/2627/2247 2293/2675/2293
f 2264/2646/2264 2268/2650/2268 2265/2647/2265
f 2255/2636/2255 2283/2665/2283 2285/2667/2285
f 2248/2628/2248 450/2561/450 2186/2558/2186
f 2218/2598/2218 2253/2634/2253 2252/2633/2252
f 2240/2620/2240 2246/2626/2246 2238/2618/2238
f 2291/2673/2291 2190/2564/2190 2275/2657/2275
f 2288/2670/2288 2209/2589/2209 2219/2599/2219
f 2227/2607/2227 2229/2609/2229 2228/2608/2228
f 2291/2673/2291 2284/2666/2284 2215/2595/2215
f 2289/2671/2289 2271/2653/2271 2299/2682/2299
f 2290/2672/2290 2289/2671/2289 2299/2682/2299
f 2260/2641/2260 2269/2651/2269 2256/2637/2256
f 2271/2653/2271 2268/2650/2268 2282/2664/2282
f 2296/2679/2296 2236/2616/2236 2297/2680/2297
f 2300/2683/2300 2284/2666/2284 2290/2672/2290
f 2285/2667/2285 2242/2622/2242 2255/2636/2255
f 2248/2628/2248 2247/2627/2247 2298/2681/2298
f 2244/2624/2244 2301/2684/2301 2302/2685/2302
f 2234/2614/2234 2233/2613/2233 2232/2612/2232
f 2246/2626/2246 2253/2634/2253 2218/2598/2218
f 2267/2649/2267 2276/2658/2276 2265/2647/2265
f 2245/2625/2245 2258/2639/2258 2249/2629/2249
f 2300/2683/2300 2290/2672/2290 2299/2682/2299
f 2285/2667/2285 2284/2666/2284 2303/2686/2303
f 2291/2673/2291 2215/2595/2215 2190/2564/2190
f 2262/2643/2262 2269/2651/2269 2260/2641/2260
f 2298/2681/2298 2242/2622/2242 2250/2630/2250
f 2252/2633/2252 2254/2635/2254 2262/2643/2262
f 2248/2628/2248 2298/2681/2298 2250/2630/2250
f 2276/2658/2276 2192/2566/2192 2266/2648/2266
f 2230/2610/2230 2237/2617/2237 2244/2624/2244
f 2212/2592/2212 2217/2597/2217 2232/2612/2232
f 2251/2632/2251 2248/2628/2248 2249/2629/2249
f 2261/2642/2261 2252/2633/2252 2262/2643/2262
f 2297/2680/2297 2236/2616/2236 2238/2618/2238
f 2286/2668/2286 2277/2659/2277 2234/2614/2234
f 2253/2634/2253 2246/2626/2246 2240/2620/2240
f 2239/2619/2239 2254/2635/2254 2253/2634/2253
f 2204/2583/2204 2296/2679/2296 2205/2584/2205
f 2302/2685/2302 2288/2670/2288 2223/2603/2223
f 2237/2617/2237 2296/2679/2296 2301/2684/2301
f 2299/2682/2299 2271/2653/2271 2270/2652/2270
f 2258/2639/2258 498/2631/498 2249/2629/2249
f 2247/2627/2247 2186/2558/2186 2294/2676/2294
f 2239/2619/2239 2230/2610/2230 2231/2611/2231
f 2240/2620/2240 2237/2617/2237 2230/2610/2230
f 455/2677/455 2258/2639/2258 2259/2640/2259
f 2270/2652/2270 2269/2651/2269 2262/2643/2262
f 450/2561/450 2251/2632/2251 498/2631/498
f 2303/2686/2303 2300/2683/2300 2257/2638/2257
f 2233/2613/2233 2234/2614/2234 2263/2645/2263
f 2229/2609/2229 2300/2683/2300 2270/2652/2270
f 2301/2684/2301 2295/2678/2295 2288/2670/2288
f 2287/2669/2287 2250/2630/2250 2285/2667/2285
f 2227/2607/2227 2226/2606/2226 2287/2669/2287
f 2287/2669/2287 2249/2629/2249 2250/2630/2250
f 2240/2620/2240 2239/2619/2239 2253/2634/2253
f 2205/2584/2205 2296/2679/2296 2297/2680/2297
f 2270/2652/2270 2262/2643/2262 2231/2611/2231
f 2270/2652/2270 2300/2683/2300 2299/2682/2299
f 2237/2617/2237 2301/2684/2301 2244/2624/2244
f 2301/2684/2301 2296/2679/2296 2295/2678/2295
f 2249/2629/2249 2287/2669/2287 2226/2606/2226
f 2301/2684/2301 2288/2670/2288 2302/2685/2302
f 2289/2671/2289 2273/2655/2273 2280/2662/2280
f 2287/2669/2287 2257/2638/2257 2227/2607/2227
f 2200/2577/2200 2199/2576/2199 2206/2585/2206
f 2194/2568/2194 2213/2593/2213 2263/2645/2263
f 2209/2589/2209 2295/2678/2295 2204/2583/2204
f 2293/2675/2293 2242/2622/2242 2298/2681/2298
f 450/2561/450 2248/2628/2248 2251/2632/2251
f 2244/2624/2244 2223/2603/2223 2259/2640/2259
f 2303/2686/2303 2284/2666/2284 2300/2683/2300
f 2280/2662/2280 2272/2654/2272 2279/2661/2279
f 2285/2667/2285 2303/2686/2303 2257/2638/2257
f 2205/2584/2205 2297/2680/2297 2246/2626/2246
f 2237/2617/2237 2240/2620/2240 2238/2618/2238
f 2250/2630/2250 2242/2622/2242 2285/2667/2285
f 2256/2637/2256 2269/2651/2269 2286/2668/2286
f 2209/2589/2209 2206/2585/2206 2219/2599/2219
f 2257/2638/2257 2300/2683/2300 2229/2609/2229
f 2244/2624/2244 2259/2640/2259 2245/2625/2245
f 2228/2608/2228 2230/2610/2230 2226/2606/2226
f 2246/2626/2246 2218/2598/2218 2211/2591/2211
f 2239/2619/2239 2231/2611/2231 2262/2643/2262
f 2254/2635/2254 2239/2619/2239 2262/2643/2262
f 2236/2616/2236 2296/2679/2296 2237/2617/2237
f 2223/2603/2223 2225/2605/2225 2259/2640/2259
f 2229/2609/2229 2270/2652/2270 2231/2611/2231
f 2223/2603/2223 2244/2624/2244 2302/2685/2302
f 2304/2687/2304 2305/2688/2305 2306/2689/2306
f 2305/2688/2305 2307/2690/2307 2306/2689/2306
f 2308/2691/2308 2309/2692/2309 2310/2693/2310
f 2311/2694/2311 2312/2695/2312 2313/2696/2313
f 2314/2697/2314 2315/2698/2315 2316/2699/2316
f 2317/2700/2317 2318/2701/2318 2319/2702/2319
f 2320/2703/2320 2321/2704/2321 2322/2705/2322
f 2323/2706/2323 2318/2701/2318 2324/2707/2324
f 2325/2708/2325 2319/2702/2319 2318/2701/2318
f 2326/2709/2326 2321/2704/2321 2327/2710/2327
f 2328/2711/2328 2329/2712/2329 2330/2713/2330
f 2331/2714/2331 2332/2715/2332 2333/2716/2333
f 2320/2703/2320 2327/2710/2327 2321/2704/2321
f 2334/2717/2334 2335/2718/2335 2336/2719/2336
f 2304/2687/2304 2326/2709/2326 2337/2720/2337
f 2338/2721/2338 2339/2722/2339 2340/2723/2340
f 2341/2724/2341 2342/2725/2342 2343/2726/2343
f 2344/2727/2344 2329/2712/2329 2345/2728/2345
f 2335/2718/2335 2311/2694/2311 2346/2729/2346
f 2320/2703/2320 2347/2730/2347 2348/2731/2348
f 2349/2732/2349 2350/2733/2350 2351/2734/2351
f 2327/2710/2327 2320/2703/2320 2348/2731/2348
f 2352/2735/2352 2353/2736/2353 2354/2737/2354
f 2355/2738/2355 2356/2739/2356 2357/2740/2357
f 2358/2741/2358 2359/2742/2359 2354/2737/2354
f 2360/2743/2360 2361/2744/2361 2320/2703/2320
f 2362/2745/2362 2363/2746/2363 2344/2727/2344
f 2364/2747/2364 2365/2748/2365 2366/2749/2366
f 2367/2750/2367 2320/2703/2320 2361/2744/2361
f 2368/2751/2368 2369/2752/2369 2370/2753/2370
f 2360/2743/2360 2371/2754/2371 2361/2744/2361
f 2372/2755/2372 2369/2752/2369 2368/2751/2368
f 2373/2756/2373 2320/2703/2320 2367/2750/2367
f 2366/2749/2366 2365/2748/2365 2374/2757/2374
f 2315/2698/2315 2375/2758/2375 2316/2699/2316
f 2320/2703/2320 2322/2705/2322 2360/2743/2360
f 2370/2753/2370 2369/2752/2369 2376/2759/2376
f 2315/2698/2315 2374/2757/2374 2365/2748/2365
f 2377/2760/2377 2310/2693/2310 2309/2692/2309
f 2378/2761/2378 2379/2762/2379 2341/2724/2341
f 2376/2759/2376 2369/2752/2369 2378/2761/2378
f 2320/2703/2320 251/2763/251 2315/2698/2315
f 2380/2764/2380 2320/2703/2320 2373/2756/2373
f 2381/2765/2381 2355/2738/2355 2345/2728/2345
f 2369/2752/2369 2379/2762/2379 2378/2761/2378
f 2317/2700/2317 2324/2707/2324 2318/2701/2318
f 2315/2698/2315 2365/2748/2365 2375/2758/2375
f 2325/2708/2325 2336/2719/2336 2335/2718/2335
f 2306/2689/2306 2322/2705/2322 2304/2687/2304
f 2382/2766/2382 2376/2759/2376 2378/2761/2378
f 2323/2706/2323 2383/2767/2383 2318/2701/2318
f 2362/2745/2362 2336/2719/2336 2323/2706/2323
f 2384/2768/2384 2385/2769/2385 2386/2770/2386
f 2344/2727/2344 2345/2728/2345 2362/2745/2362
f 2359/2742/2359 2352/2735/2352 2354/2737/2354
f 2377/2760/2377 2342/2725/2342 2341/2724/2341
f 2323/2706/2323 2324/2707/2324 2387/2771/2387
f 2320/2703/2320 2315/2698/2315 2314/2697/2314
f 2368/2751/2368 2370/2753/2370 2388/2772/2388
f 2316/2699/2316 2389/2773/2389 2324/2707/2324
f 2390/2774/2390 2391/2775/2391 2392/2776/2392
f 2362/2745/2362 2323/2706/2323 2387/2771/2387
f 2313/2696/2313 2393/2777/2393 2394/2778/2394
f 2395/2779/2395 2352/2735/2352 2359/2742/2359
f 2396/2780/2396 2328/2711/2328 2397/2781/2397
f 2389/2773/2389 2316/2699/2316 2398/2782/2398
f 2387/2771/2387 2363/2746/2363 2362/2745/2362
f 2375/2758/2375 2365/2748/2365 2399/2783/2399
f 2324/2707/2324 2389/2773/2389 2387/2771/2387
f 2378/2761/2378 2341/2724/2341 2343/2726/2343
f 2341/2724/2341 2379/2762/2379 2377/2760/2377
f 258/2784/258 251/2763/251 2320/2703/2320
f 2397/2781/2397 2328/2711/2328 2384/2768/2384
f 2309/2692/2309 2342/2725/2342 2377/2760/2377
f 2342/2725/2342 2309/2692/2309 2400/2785/2400
f 2309/2692/2309 2401/2786/2401 2400/2785/2400
f 2402/2787/2402 2310/2693/2310 2377/2760/2377
f 2403/2788/2403 2379/2762/2379 2369/2752/2369
f 2310/2693/2310 2402/2787/2402 2404/2789/2404
f 2377/2760/2377 2379/2762/2379 2402/2787/2402
f 2403/2788/2403 2369/2752/2369 2372/2755/2372
f 2403/2788/2403 2405/2790/2405 2406/2791/2406
f 2386/2770/2386 2404/2789/2404 2384/2768/2384
f 2404/2789/2404 2386/2770/2386 2310/2693/2310
f 2379/2762/2379 2403/2788/2403 2402/2787/2402
f 2403/2788/2403 2372/2755/2372 2405/2790/2405
f 2406/2791/2406 2402/2787/2402 2403/2788/2403
f 2384/2768/2384 2404/2789/2404 2402/2787/2402
f 2406/2791/2406 2384/2768/2384 2402/2787/2402
f 2378/2761/2378 2343/2726/2343 2382/2766/2382
f 2387/2771/2387 2389/2773/2389 2407/2792/2407
f 2371/2754/2371 2367/2750/2367 2361/2744/2361
f 2335/2718/2335 2408/2793/2408 2325/2708/2325
f 2393/2777/2393 2409/2794/2409 2410/2795/2410
f 2314/2697/2314 2316/2699/2316 2347/2730/2347
f 2347/2730/2347 2320/2703/2320 2314/2697/2314
f 2317/2700/2317 2347/2730/2347 2316/2699/2316
f 2316/2699/2316 2375/2758/2375 2398/2782/2398
f 2347/2730/2347 2319/2702/2319 2408/2793/2408
f 2357/2740/2357 2356/2739/2356 2411/2796/2411
f 2387/2771/2387 2407/2792/2407 2363/2746/2363
f 2344/2727/2344 2412/2797/2412 2413/2798/2413
f 2327/2710/2327 2414/2799/2414 2415/2800/2415
f 2357/2740/2357 2334/2717/2334 2355/2738/2355
f 2416/2801/2416 2311/2694/2311 2334/2717/2334
f 2407/2792/2407 2412/2797/2412 2363/2746/2363
f 2325/2708/2325 2318/2701/2318 2383/2767/2383
f 2334/2717/2334 2311/2694/2311 2335/2718/2335
f 2417/2802/2417 2418/2803/2418 2330/2713/2330
f 2360/2743/2360 2322/2705/2322 2358/2741/2358
f 2335/2718/2335 2346/2729/2346 2408/2793/2408
f 2411/2796/2411 2416/2801/2416 2357/2740/2357
f 2419/2804/2419 2330/2713/2330 2329/2712/2329
f 2413/2798/2413 2419/2804/2419 2329/2712/2329
f 2355/2738/2355 2334/2717/2334 2336/2719/2336
f 2308/2691/2308 2420/2805/2420 2421/2806/2421
f 2422/2807/2422 2423/2808/2423 2424/2809/2424
f 2347/2730/2347 2408/2793/2408 2425/2810/2425
f 2322/2705/2322 2359/2742/2359 2358/2741/2358
f 2365/2748/2365 2426/2811/2426 2399/2783/2399
f 2425/2810/2425 2348/2731/2348 2347/2730/2347
f 2408/2793/2408 2346/2729/2346 2425/2810/2425
f 2366/2749/2366 2392/2776/2392 2339/2722/2339
f 258/2784/258 2320/2703/2320 2380/2764/2380
f 2312/2695/2312 2311/2694/2311 2416/2801/2416
f 2345/2728/2345 2336/2719/2336 2362/2745/2362
f 2349/2732/2349 2421/2806/2421 2331/2714/2331
f 2384/2768/2384 2328/2711/2328 2385/2769/2385
f 2427/2812/2427 2419/2804/2419 2428/2813/2428
f 2305/2688/2305 2304/2687/2304 2337/2720/2337
f 2391/2775/2391 2331/2714/2331 2392/2776/2392
f 2324/2707/2324 2317/2700/2317 2316/2699/2316
f 2348/2731/2348 2425/2810/2425 2429/2814/2429
f 2385/2769/2385 2328/2711/2328 2330/2713/2330
f 2425/2810/2425 2346/2729/2346 2429/2814/2429
f 2311/2694/2311 2394/2778/2394 2346/2729/2346
f 2345/2728/2345 2329/2712/2329 2328/2711/2328
f 2416/2801/2416 2334/2717/2334 2357/2740/2357
f 2398/2782/2398 2375/2758/2375 2399/2783/2399
f 2309/2692/2309 2351/2734/2351 2401/2786/2401
f 2399/2783/2399 2407/2792/2407 2398/2782/2398
f 2419/2804/2419 2413/2798/2413 2412/2797/2412
f 2430/2815/2430 2392/2776/2392 2366/2749/2366
f 2421/2806/2421 2351/2734/2351 2308/2691/2308
f 2414/2799/2414 2393/2777/2393 2410/2795/2410
f 2415/2800/2415 2414/2799/2414 2410/2795/2410
f 2429/2814/2429 2327/2710/2327 2348/2731/2348
f 2416/2801/2416 2411/2796/2411 2312/2695/2312
f 2331/2714/2331 2421/2806/2421 2332/2715/2332
f 2346/2729/2346 2414/2799/2414 2429/2814/2429
f 2346/2729/2346 2393/2777/2393 2414/2799/2414
f 2329/2712/2329 2344/2727/2344 2413/2798/2413
f 2305/2688/2305 2409/2794/2409 2424/2809/2424
f 2308/2691/2308 2351/2734/2351 2309/2692/2309
f 2330/2713/2330 2419/2804/2419 2417/2802/2417
f 2422/2807/2422 2409/2794/2409 2393/2777/2393
f 2356/2739/2356 2355/2738/2355 2381/2765/2381
f 2371/2754/2371 2360/2743/2360 2354/2737/2354
f 2422/2807/2422 2313/2696/2313 2423/2808/2423
f 2385/2769/2385 2330/2713/2330 2418/2803/2418
f 2313/2696/2313 2422/2807/2422 2393/2777/2393
f 2399/2783/2399 2338/2721/2338 2407/2792/2407
f 2338/2721/2338 2428/2813/2428 2407/2792/2407
f 2419/2804/2419 2412/2797/2412 2428/2813/2428
f 2306/2689/2306 2307/2690/2307 2359/2742/2359
f 2418/2803/2418 2386/2770/2386 2385/2769/2385
f 2419/2804/2419 2333/2716/2333 2417/2802/2417
f 2363/2746/2363 2412/2797/2412 2344/2727/2344
f 2338/2721/2338 2399/2783/2399 2426/2811/2426
f 2428/2813/2428 2338/2721/2338 2340/2723/2340
f 2410/2795/2410 2326/2709/2326 2415/2800/2415
f 2349/2732/2349 2391/2775/2391 2350/2733/2350
f 2386/2770/2386 2420/2805/2420 2310/2693/2310
f 2407/2792/2407 2389/2773/2389 2398/2782/2398
f 2326/2709/2326 2410/2795/2410 2337/2720/2337
f 2353/2736/2353 2352/2735/2352 2395/2779/2395
f 2386/2770/2386 2418/2803/2418 2420/2805/2420
f 2427/2812/2427 2333/2716/2333 2419/2804/2419
f 2333/2716/2333 2332/2715/2332 2417/2802/2417
f 2327/2710/2327 2415/2800/2415 2326/2709/2326
f 2325/2708/2325 2383/2767/2383 2336/2719/2336
f 2313/2696/2313 2312/2695/2312 2423/2808/2423
f 2332/2715/2332 2418/2803/2418 2417/2802/2417
f 2428/2813/2428 2412/2797/2412 2407/2792/2407
f 2426/2811/2426 2365/2748/2365 2339/2722/2339
f 2338/2721/2338 2426/2811/2426 2339/2722/2339
f 2409/2794/2409 2337/2720/2337 2410/2795/2410
f 2305/2688/2305 2337/2720/2337 2409/2794/2409
f 2345/2728/2345 2328/2711/2328 2396/2780/2396
f 2421/2806/2421 2349/2732/2349 2351/2734/2351
f 2331/2714/2331 2391/2775/2391 2349/2732/2349
f 2390/2774/2390 2392/2776/2392 2430/2815/2430
f 2350/2733/2350 2401/2786/2401 2351/2734/2351
f 2431/2816/2431 2367/2750/2367 2371/2754/2371
f 2359/2742/2359 2307/2690/2307 2395/2779/2395
f 2428/2813/2428 2340/2723/2340 2427/2812/2427
f 2326/2709/2326 2322/2705/2322 2321/2704/2321
f 2336/2719/2336 2345/2728/2345 2355/2738/2355
f 2420/2805/2420 2418/2803/2418 2332/2715/2332
f 2326/2709/2326 2304/2687/2304 2322/2705/2322
f 2319/2702/2319 2325/2708/2325 2408/2793/2408
f 2340/2723/2340 2333/2716/2333 2427/2812/2427
f 2364/2747/2364 2339/2722/2339 2365/2748/2365
f 2359/2742/2359 2322/2705/2322 2306/2689/2306
f 2392/2776/2392 2340/2723/2340 2339/2722/2339
f 2358/2741/2358 2354/2737/2354 2360/2743/2360
f 2394/2778/2394 2311/2694/2311 2313/2696/2313
f 2346/2729/2346 2394/2778/2394 2393/2777/2393
f 2371/2754/2371 2354/2737/2354 2431/2816/2431
f 2364/2747/2364 2366/2749/2366 2339/2722/2339
f 2347/2730/2347 2317/2700/2317 2319/2702/2319
f 2420/2805/2420 2332/2715/2332 2421/2806/2421
f 2308/2691/2308 2310/2693/2310 2420/2805/2420
f 2381/2765/2381 2345/2728/2345 2396/2780/2396
f 2333/2716/2333 2340/2723/2340 2331/2714/2331
f 2414/2799/2414 2327/2710/2327 2429/2814/2429
f 2323/2706/2323 2336/2719/2336 2383/2767/2383
f 2392/2776/2392 2331/2714/2331 2340/2723/2340
f 2409/2794/2409 2422/2807/2422 2424/2809/2424
f 2432/2817/2432 2433/2818/2433 2434/2819/2434
f 1517/2820/1517 1554/2821/1554 2435/2822/2435
f 2436/2823/2436 2437/2824/2437 2182/2825/2182
f 2438/2826/2438 2439/2827/2439 2440/2828/2440
f 2183/2829/2183 2184/2830/2184 2441/2831/2441
f 1569/2832/1569 2442/2833/2442 2443/2834/2443
f 2442/2833/2442 1569/2832/1569 1552/2835/1552
f 2444/2836/2444 2445/2837/2445 2446/2838/2446
f 2446/2838/2446 2445/2837/2445 2447/2839/2447
f 2448/2840/2448 2449/2841/2449 2450/2842/2450
f 2451/2843/2451 2452/2844/2452 2453/2845/2453
f 2184/2830/2184 2454/2846/2454 2441/2831/2441
f 2442/2833/2442 2455/2847/2455 2456/2848/2456
f 2457/2849/2457 2456/2848/2456 2458/2850/2458
f 2439/2827/2439 2434/2819/2434 2433/2818/2433
f 2436/2823/2436 2182/2825/2182 2441/2831/2441
f 2453/2845/2453 2459/2851/2459 2460/2852/2460
f 2461/2853/2461 2448/2840/2448 2462/2854/2462
f 2443/2834/2443 2442/2833/2442 2457/2849/2457
f 2457/2849/2457 2458/2850/2458 2463/2855/2463
f 2464/2856/2464 1551/2857/1551 1548/2858/1548
f 2465/2859/2465 688/2860/688 2466/2861/2466
f 2457/2849/2457 2463/2855/2463 2467/2862/2467
f 2457/2849/2457 2442/2833/2442 2456/2848/2456
f 2468/2863/2468 2469/2864/2469 2470/2865/2470
f 2185/2866/2185 2454/2846/2454 2184/2830/2184
f 2185/2866/2185 2130/2867/2130 2454/2846/2454
f 2471/2868/2471 1517/2820/1517 2435/2822/2435
f 1573/2869/1573 1569/2832/1569 2472/2870/2472
f 2473/2871/2473 2474/2872/2474 2463/2855/2463
f 2475/2873/2475 2476/2874/2476 2469/2864/2469
f 2473/2871/2473 2438/2826/2438 2477/2875/2477
f 2478/2876/2478 2479/2877/2479 2440/2828/2440
f 2460/2852/2460 2480/2878/2480 2481/2879/2481
f 2482/2880/2482 2467/2862/2467 1046/2881/1046
f 2471/2868/2471 2483/2882/2483 2484/2883/2484
f 2442/2833/2442 1552/2835/1552 2455/2847/2455
f 2464/2856/2464 1520/2884/1520 1551/2857/1551
f 2468/2863/2468 2475/2873/2475 2469/2864/2469
f 2444/2836/2444 2461/2853/2461 2462/2854/2462
f 2485/2885/2485 2486/2886/2486 2487/2887/2487
f 2488/2888/2488 2489/2889/2489 2490/2890/2490
f 2477/2875/2477 2438/2826/2438 2491/2891/2491
f 2492/2892/2492 2490/2890/2490 2489/2889/2489
f 2453/2845/2453 2481/2879/2481 2451/2843/2451
f 2464/2856/2464 2452/2844/2452 2451/2843/2451
f 2492/2892/2492 2465/2859/2465 2493/2893/2493
f 2494/2894/2494 1015/2895/1015 1053/2896/1053
f 2455/2847/2455 1552/2835/1552 1510/2897/1510
f 2495/2898/2495 2485/2885/2485 2496/2899/2496
f 2497/2900/2497 2498/2901/2498 2499/2902/2499
f 2435/2822/2435 2464/2856/2464 2451/2843/2451
f 2500/2903/2500 2501/2904/2501 2502/2905/2502
f 2503/2906/2503 1046/2881/1046 2467/2862/2467
f 2498/2901/2498 2504/2907/2504 2447/2839/2447
f 2485/2885/2485 2501/2904/2501 2505/2908/2505
f 2506/2909/2506 2492/2892/2492 2507/2910/2507
f 2450/2842/2450 2506/2909/2506 2479/2877/2479
f 2508/2911/2508 2509/2912/2509 2480/2878/2480
f 2459/2851/2459 2510/2913/2510 2511/2914/2511
f 2495/2898/2495 2496/2899/2496 2459/2851/2459
f 2486/2886/2486 2495/2898/2495 2452/2844/2452
f 1575/2915/1575 1573/2869/1573 2494/2894/2494
f 2512/2916/2512 2450/2842/2450 2479/2877/2479
f 2467/2862/2467 2472/2870/2472 2443/2834/2443
f 2508/2911/2508 2476/2874/2476 2513/2917/2513
f 2464/2856/2464 2435/2822/2435 1520/2884/1520
f 2514/2918/2514 2515/2919/2515 2516/2920/2516
f 2511/2914/2511 2510/2913/2510 2517/2921/2517
f 2490/2890/2490 2492/2892/2492 2506/2909/2506
f 2518/2922/2518 2484/2883/2484 2519/2923/2519
f 1046/2881/1046 2494/2894/2494 2482/2880/2482
f 2509/2912/2509 2508/2911/2508 2513/2917/2513
f 2475/2873/2475 2462/2854/2462 2519/2923/2519
f 2495/2898/2495 2459/2851/2459 2453/2845/2453
f 2494/2894/2494 1053/2896/1053 1575/2915/1575
f 2490/2890/2490 2450/2842/2450 2449/2841/2449
f 2462/2854/2462 2518/2922/2518 2519/2923/2519
f 2472/2870/2472 2467/2862/2467 2482/2880/2482
f 687/2924/687 2520/2925/2520 2466/2861/2466
f 2516/2920/2516 2521/2926/2521 2474/2872/2474
f 2452/2844/2452 2495/2898/2495 2453/2845/2453
f 2477/2875/2477 2514/2918/2514 2474/2872/2474
f 2522/2927/2522 2505/2908/2505 2523/2928/2523
f 2507/2910/2507 2520/2925/2520 2514/2918/2514
f 2480/2878/2480 2509/2912/2509 2481/2879/2481
f 2478/2876/2478 2512/2916/2512 2479/2877/2479
f 2472/2870/2472 2494/2894/2494 1573/2869/1573
f 2472/2870/2472 1569/2832/1569 2443/2834/2443
f 2500/2903/2500 2523/2928/2523 2505/2908/2505
f 2519/2923/2519 2484/2883/2484 2509/2912/2509
f 2465/2859/2465 2130/2867/2130 2167/2929/2167
f 2465/2859/2465 2126/2930/2126 688/2860/688
f 2524/2931/2524 2514/2918/2514 2477/2875/2477
f 2126/2930/2126 2465/2859/2465 2167/2929/2167
f 2126/2930/2126 714/2932/714 688/2860/688
f 1504/2933/1504 2525/2934/2525 1507/2935/1507
f 688/2860/688 2526/2936/2526 2466/2861/2466
f 2505/2908/2505 2496/2899/2496 2485/2885/2485
f 2444/2836/2444 2449/2841/2449 2461/2853/2461
f 2440/2828/2440 2433/2818/2433 2527/2937/2527
f 2522/2927/2522 2496/2899/2496 2505/2908/2505
f 2472/2870/2472 2482/2880/2482 2494/2894/2494
f 2507/2910/2507 2493/2893/2493 2520/2925/2520
f 2460/2852/2460 2459/2851/2459 2511/2914/2511
f 2463/2855/2463 2474/2872/2474 2528/2938/2528
f 1547/2939/1547 2487/2887/2487 1548/2858/1548
f 1046/2881/1046 1015/2895/1015 2494/2894/2494
f 1547/2939/1547 2502/2905/2502 2487/2887/2487
f 2528/2938/2528 2474/2872/2474 2521/2926/2521
f 2510/2913/2510 2459/2851/2459 2496/2899/2496
f 2474/2872/2474 2514/2918/2514 2516/2920/2516
f 2522/2927/2522 2510/2913/2510 2496/2899/2496
f 2491/2891/2491 2440/2828/2440 2479/2877/2479
f 2501/2904/2501 2500/2903/2500 2505/2908/2505
f 2520/2925/2520 2493/2893/2493 2466/2861/2466
f 2461/2853/2461 2449/2841/2449 2448/2840/2448
f 2489/2889/2489 2454/2846/2454 2492/2892/2492
f 1043/2940/1043 1046/2881/1046 2503/2906/2503
f 2529/2941/2529 2516/2920/2516 2530/2942/2530
f 687/2924/687 2531/2943/2531 2515/2919/2515
f 712/2944/712 2530/2942/2530 2531/2943/2531
f 2530/2942/2530 2532/2945/2532 2521/2926/2521
f 2521/2926/2521 2529/2941/2529 2530/2942/2530
f 2465/2859/2465 2454/2846/2454 2130/2867/2130
f 712/2944/712 710/2946/710 2530/2942/2530
f 2533/2947/2533 2534/2948/2534 2535/2949/2535
f 2503/2906/2503 1044/2950/1044 1043/2940/1043
f 2521/2926/2521 2516/2920/2516 2529/2941/2529
f 712/2944/712 2531/2943/2531 687/2924/687
f 2536/2951/2536 2521/2926/2521 2532/2945/2532
f 2516/2920/2516 2515/2919/2515 2531/2943/2531
f 2503/2906/2503 2536/2951/2536 1044/2950/1044
f 1044/2950/1044 2536/2951/2536 709/2952/709
f 2503/2906/2503 2521/2926/2521 2536/2951/2536
f 2532/2945/2532 710/2946/710 709/2952/709
f 710/2946/710 2532/2945/2532 2530/2942/2530
f 2536/2951/2536 2532/2945/2532 709/2952/709
f 2440/2828/2440 2439/2827/2439 2433/2818/2433
f 2460/2852/2460 2481/2879/2481 2453/2845/2453
f 2530/2942/2530 2516/2920/2516 2531/2943/2531
f 2504/2907/2504 2537/2953/2537 2538/2954/2538
f 2537/2953/2537 2534/2948/2534 2533/2947/2533
f 2537/2953/2537 2533/2947/2533 2538/2954/2538
f 2172/2955/2172 2533/2947/2533 2535/2949/2535
f 2440/2828/2440 2491/2891/2491 2438/2826/2438
f 2520/2925/2520 2515/2919/2515 2514/2918/2514
f 2499/2902/2499 2470/2865/2470 2469/2864/2469
f 2463/2855/2463 2528/2938/2528 2467/2862/2467
f 2506/2909/2506 2450/2842/2450 2490/2890/2490
f 2507/2910/2507 2524/2931/2524 2506/2909/2506
f 2520/2925/2520 687/2924/687 2515/2919/2515
f 2528/2938/2528 2503/2906/2503 2467/2862/2467
f 2493/2893/2493 2507/2910/2507 2492/2892/2492
f 2491/2891/2491 2479/2877/2479 2506/2909/2506
f 2473/2871/2473 2477/2875/2477 2474/2872/2474
f 2465/2859/2465 2492/2892/2492 2454/2846/2454
f 2487/2887/2487 2486/2886/2486 1548/2858/1548
f 2524/2931/2524 2477/2875/2477 2491/2891/2491
f 2517/2921/2517 2460/2852/2460 2511/2914/2511
f 2487/2887/2487 2502/2905/2502 2501/2904/2501
f 2462/2854/2462 2448/2840/2448 2512/2916/2512
f 687/2924/687 2466/2861/2466 2526/2936/2526
f 1507/2935/1507 2539/2956/2539 1510/2897/1510
f 2518/2922/2518 2512/2916/2512 2527/2937/2527
f 2506/2909/2506 2524/2931/2524 2491/2891/2491
f 2452/2844/2452 1548/2858/1548 2486/2886/2486
f 2468/2863/2468 2444/2836/2444 2462/2854/2462
f 2435/2822/2435 1554/2821/1554 1520/2884/1520
f 2527/2937/2527 2478/2876/2478 2440/2828/2440
f 2445/2837/2445 2498/2901/2498 2447/2839/2447
f 2437/2824/2437 2533/2947/2533 2172/2955/2172
f 2538/2954/2538 2533/2947/2533 2446/2838/2446
f 2485/2885/2485 2495/2898/2495 2486/2886/2486
f 2524/2931/2524 2507/2910/2507 2514/2918/2514
f 2525/2934/2525 2539/2956/2539 1507/2935/1507
f 2484/2883/2484 2451/2843/2451 2509/2912/2509
f 2446/2838/2446 2437/2824/2437 2436/2823/2436
f 1517/2820/1517 2471/2868/2471 1504/2933/1504
f 2451/2843/2451 2484/2883/2484 2435/2822/2435
f 2513/2917/2513 2476/2874/2476 2475/2873/2475
f 2540/2957/2540 2539/2956/2539 2525/2934/2525
f 2471/2868/2471 2484/2883/2484 2518/2922/2518
f 2462/2854/2462 2475/2873/2475 2468/2863/2468
f 2512/2916/2512 2448/2840/2448 2450/2842/2450
f 2465/2859/2465 2466/2861/2466 2493/2893/2493
f 2538/2954/2538 2447/2839/2447 2504/2907/2504
f 2468/2863/2468 2445/2837/2445 2444/2836/2444
f 2513/2917/2513 2519/2923/2519 2509/2912/2509
f 2446/2838/2446 2533/2947/2533 2437/2824/2437
f 2525/2934/2525 2433/2818/2433 2432/2817/2432
f 2513/2917/2513 2475/2873/2475 2519/2923/2519
f 2485/2885/2485 2487/2887/2487 2501/2904/2501
f 2444/2836/2444 2436/2823/2436 2441/2831/2441
f 2525/2934/2525 1504/2933/1504 2527/2937/2527
f 2455/2847/2455 2539/2956/2539 2540/2957/2540
f 2525/2934/2525 2527/2937/2527 2433/2818/2433
f 2468/2863/2468 2470/2865/2470 2445/2837/2445
f 2446/2838/2446 2436/2823/2436 2444/2836/2444
f 2470/2865/2470 2499/2902/2499 2498/2901/2498
f 2541/2958/2541 2473/2871/2473 2463/2855/2463
f 2540/2957/2540 2456/2848/2456 2455/2847/2455
f 2541/2958/2541 2434/2819/2434 2439/2827/2439
f 2454/2846/2454 2489/2889/2489 2441/2831/2441
f 2525/2934/2525 2542/2959/2542 2540/2957/2540
f 2525/2934/2525 2432/2817/2432 2542/2959/2542
f 2441/2831/2441 2489/2889/2489 2488/2888/2488
f 2447/2839/2447 2538/2954/2538 2446/2838/2446
f 2527/2937/2527 2471/2868/2471 2518/2922/2518
f 2182/2825/2182 2437/2824/2437 2172/2955/2172
f 2439/2827/2439 2438/2826/2438 2473/2871/2473
f 2452/2844/2452 2464/2856/2464 1548/2858/1548
f 2434/2819/2434 2541/2958/2541 2432/2817/2432
f 2449/2841/2449 2488/2888/2488 2490/2890/2490
f 2521/2926/2521 2503/2906/2503 2528/2938/2528
f 2471/2868/2471 2527/2937/2527 1504/2933/1504
f 2455/2847/2455 1510/2897/1510 2539/2956/2539
f 2526/2936/2526 688/2860/688 687/2924/687
f 2432/2817/2432 2458/2850/2458 2542/2959/2542
f 2478/2876/2478 2527/2937/2527 2512/2916/2512
f 2435/2822/2435 2484/2883/2484 2483/2882/2483
f 2458/2850/2458 2541/2958/2541 2463/2855/2463
f 2509/2912/2509 2451/2843/2451 2481/2879/2481
f 2458/2850/2458 2432/2817/2432 2541/2958/2541
f 2441/2831/2441 2488/2888/2488 2449/2841/2449
f 2441/2831/2441 2449/2841/2449 2444/2836/2444
f 2512/2916/2512 2518/2922/2518 2462/2854/2462
f 2439/2827/2439 2473/2871/2473 2541/2958/2541
f 2542/2959/2542 2456/2848/2456 2540/2957/2540
f 2457/2849/2457 2467/2862/2467 2443/2834/2443
f 2498/2901/2498 2445/2837/2445 2470/2865/2470
f 2483/2882/2483 2471/2868/2471 2435/2822/2435
f 2542/2959/2542 2458/2850/2458 2456/2848/2456
f 2183/2829/2183 2441/2831/2441 2182/2825/2182
f 1805/2960/1805 1823/2961/1823 2543/2962/2543
f 2544/2963/2544 1823/2961/1823 1831/2964/1831
f 2545/2965/2545 2546/2966/2546 2547/2967/2547
f 2548/2968/2548 2549/2969/2549 2550/2970/2550
f 2543/2962/2543 2551/2971/2551 2552/2972/2552
f 2553/2973/2553 2554/2974/2554 2555/2975/2555
f 2556/2976/2556 2557/2977/2557 2558/2978/2558
f 2559/2979/2559 2560/2980/2560 2544/2963/2544
f 2561/2981/2561 2549/2969/2549 2562/2982/2562
f 1775/2983/1775 2563/2984/2563 2557/2977/2557
f 2564/2985/2564 2565/2986/2565 2566/2987/2566
f 2567/2988/2567 1849/2989/1849 1852/2990/1852
f 1838/2991/1838 1857/2992/1857 2568/2993/2568
f 2569/2994/2569 2570/2995/2570 2566/2987/2566
f 2571/2996/2571 2572/2997/2572 2573/2998/2573
f 2574/2999/2574 2575/3000/2575 2570/2995/2570
f 2543/2962/2543 1823/2961/1823 2576/3001/2576
f 2552/2972/2552 2577/3002/2577 2543/2962/2543
f 1848/3003/1848 2578/3004/2578 1840/3005/1840
f 2579/3006/2579 2580/3007/2580 2581/3008/2581
f 2553/2973/2553 2582/3009/2582 2546/2966/2546
f 2571/2996/2571 2573/2998/2573 2583/3010/2583
f 2545/2965/2545 2547/2967/2547 2584/3011/2584
f 2577/3002/2577 1805/2960/1805 2543/2962/2543
f 2570/2995/2570 2564/2985/2564 2566/2987/2566
f 2547/2967/2547 2546/2966/2546 2582/3009/2582
f 1838/2991/1838 2568/2993/2568 2555/2975/2555
f 1843/3012/1843 1842/3013/1842 2585/3014/2585
f 2586/3015/2586 1848/3003/1848 2567/2988/2567
f 2582/3009/2582 2553/2973/2553 2555/2975/2555
f 2572/2997/2572 2587/3016/2587 2588/3017/2588
f 2568/2993/2568 2589/3018/2589 2555/2975/2555
f 2590/3019/2590 2591/3020/2591 2592/3021/2592
f 2593/3022/2593 2586/3015/2586 2567/2988/2567
f 2594/3023/2594 2584/3011/2584 2547/2967/2547
f 2555/2975/2555 2589/3018/2589 2582/3009/2582
f 2550/2970/2550 2588/3017/2588 2593/3022/2593
f 2549/2969/2549 2595/3024/2595 2580/3007/2580
f 1842/3013/1842 1840/3005/1840 2596/3025/2596
f 2543/2962/2543 2597/3026/2597 2551/2971/2551
f 2581/3008/2581 2590/3019/2590 2598/3027/2598
f 2584/3011/2584 2573/2998/2573 2599/3028/2599
f 1849/2989/1849 2567/2988/2567 1848/3003/1848
f 2557/2977/2557 2556/2976/2556 2600/3029/2600
f 2583/3010/2583 2594/3023/2594 2547/2967/2547
f 2573/2998/2573 2584/3011/2584 2594/3023/2594
f 2582/3009/2582 2601/3030/2601 2602/3031/2602
f 2601/3030/2601 2583/3010/2583 2602/3031/2602
f 2551/2971/2551 2560/2980/2560 2559/2979/2559
f 1840/3005/1840 2578/3004/2578 2596/3025/2596
f 2587/3016/2587 2585/3014/2585 2596/3025/2596
f 2568/2993/2568 1857/2992/1857 2589/3018/2589
f 2544/2963/2544 2576/3001/2576 1823/2961/1823
f 2583/3010/2583 2547/2967/2547 2602/3031/2602
f 2582/3009/2582 2589/3018/2589 2603/3032/2603
f 2604/3033/2604 2578/3004/2578 1848/3003/1848
f 2605/3034/2605 2603/3032/2603 1843/3012/1843
f 2596/3025/2596 2578/3004/2578 2587/3016/2587
f 2551/2971/2551 2597/3026/2597 2560/2980/2560
f 2604/3033/2604 2593/3022/2593 2587/3016/2587
f 2603/3032/2603 2601/3030/2601 2582/3009/2582
f 2548/2968/2548 2562/2982/2562 2549/2969/2549
f 2566/2987/2566 2565/2986/2565 2545/2965/2545
f 2590/3019/2590 2599/3028/2599 2573/2998/2573
f 2554/2974/2554 2553/2973/2553 2546/2966/2546
f 2603/3032/2603 2589/3018/2589 1857/2992/1857
f 2606/3035/2606 1852/2990/1852 1853/3036/1853
f 2593/3022/2593 2588/3017/2588 2587/3016/2587
f 2585/3014/2585 2605/3034/2605 1843/3012/1843
f 2580/3007/2580 2591/3020/2591 2581/3008/2581
f 2579/3006/2579 2550/2970/2550 2549/2969/2549
f 2581/3008/2581 2588/3017/2588 2579/3006/2579
f 2582/3009/2582 2602/3031/2602 2547/2967/2547
f 2604/3033/2604 1848/3003/1848 2586/3015/2586
f 2562/2982/2562 1852/2990/1852 2607/3037/2607
f 2607/3037/2607 1852/2990/1852 2606/3035/2606
f 2604/3033/2604 2586/3015/2586 2593/3022/2593
f 2592/3021/2592 2599/3028/2599 2590/3019/2590
f 2544/2963/2544 2608/3038/2608 2600/3029/2600
f 2584/3011/2584 2609/3039/2609 2545/2965/2545
f 2590/3019/2590 2588/3017/2588 2598/3027/2598
f 2566/2987/2566 2545/2965/2545 2609/3039/2609
f 2610/3040/2610 1860/3041/1860 2611/3042/2611
f 2605/3034/2605 2571/2996/2571 2583/3010/2583
f 2587/3016/2587 2578/3004/2578 2604/3033/2604
f 2554/2974/2554 2611/3042/2611 1860/3041/1860
f 2593/3022/2593 2567/2988/2567 2548/2968/2548
f 1860/3041/1860 2555/2975/2555 2554/2974/2554
f 2612/3043/2612 2563/2984/2563 1755/3044/1755
f 2613/3045/2613 2611/3042/2611 2614/3046/2614
f 1796/3047/1796 2612/3043/2612 1754/3048/1754
f 1796/3047/1796 1828/3049/1828 2610/3040/2610
f 2583/3010/2583 2601/3030/2601 2605/3034/2605
f 2555/2975/2555 1859/3050/1859 1838/2991/1838
f 2561/2981/2561 2595/3024/2595 2549/2969/2549
f 2615/3051/2615 2612/3043/2612 1796/3047/1796
f 2610/3040/2610 1828/3049/1828 1860/3041/1860
f 2554/2974/2554 2564/2985/2564 2611/3042/2611
f 2574/2999/2574 2570/2995/2570 2569/2994/2569
f 2555/2975/2555 1860/3041/1860 1859/3050/1859
f 2558/2978/2558 2616/3052/2616 2613/3045/2613
f 2611/3042/2611 2616/3052/2616 2610/3040/2610
f 2585/3014/2585 1842/3013/1842 2596/3025/2596
f 2613/3045/2613 2616/3052/2616 2611/3042/2611
f 2583/3010/2583 2573/2998/2573 2594/3023/2594
f 2615/3051/2615 1796/3047/1796 2610/3040/2610
f 2590/3019/2590 2573/2998/2573 2588/3017/2588
f 2563/2984/2563 1775/2983/1775 1755/3044/1755
f 2564/2985/2564 2614/3046/2614 2611/3042/2611
f 2616/3052/2616 2615/3051/2615 2610/3040/2610
f 2558/2978/2558 2617/3053/2617 2556/2976/2556
f 2565/2986/2565 2554/2974/2554 2546/2966/2546
f 2618/3054/2618 2600/3029/2600 2556/2976/2556
f 2615/3051/2615 2616/3052/2616 2612/3043/2612
f 2558/2978/2558 2612/3043/2612 2616/3052/2616
f 2617/3053/2617 2614/3046/2614 2619/3055/2619
f 2619/3055/2619 2618/3054/2618 2617/3053/2617
f 2620/3056/2620 2600/3029/2600 2618/3054/2618
f 2620/3056/2620 2559/2979/2559 2600/3029/2600
f 2601/3030/2601 2603/3032/2603 2605/3034/2605
f 2575/3000/2575 2619/3055/2619 2614/3046/2614
f 2618/3054/2618 2619/3055/2619 2621/3057/2621
f 2620/3056/2620 2618/3054/2618 2621/3057/2621
f 2565/2986/2565 2564/2985/2564 2554/2974/2554
f 2572/2997/2572 2585/3014/2585 2587/3016/2587
f 2603/3032/2603 1857/2992/1857 1856/3058/1856
f 2622/3059/2622 2620/3056/2620 2621/3057/2621
f 2623/3060/2623 2624/3061/2624 2622/3059/2622
f 2624/3061/2624 2559/2979/2559 2622/3059/2622
f 1856/3058/1856 1843/3012/1843 2603/3032/2603
f 2569/2994/2569 2566/2987/2566 2609/3039/2609
f 2545/2965/2545 2565/2986/2565 2546/2966/2546
f 2622/3059/2622 2625/3062/2625 2623/3060/2623
f 2625/3062/2625 2622/3059/2622 2621/3057/2621
f 2626/3063/2626 2627/3064/2627 2574/2999/2574
f 2624/3061/2624 2551/2971/2551 2559/2979/2559
f 2623/3060/2623 2625/3062/2625 2627/3064/2627
f 2628/3065/2628 2551/2971/2551 2624/3061/2624
f 2550/2970/2550 2593/3022/2593 2548/2968/2548
f 2628/3065/2628 2624/3061/2624 2623/3060/2623
f 2588/3017/2588 2550/2970/2550 2579/3006/2579
f 2614/3046/2614 2564/2985/2564 2575/3000/2575
f 2588/3017/2588 2581/3008/2581 2598/3027/2598
f 2579/3006/2579 2549/2969/2549 2580/3007/2580
f 2548/2968/2548 1852/2990/1852 2562/2982/2562
f 2629/3066/2629 2628/3065/2628 2630/3067/2630
f 2591/3020/2591 2590/3019/2590 2581/3008/2581
f 2628/3065/2628 2623/3060/2623 2630/3067/2630
f 2588/3017/2588 2573/2998/2573 2572/2997/2572
f 2623/3060/2623 2627/3064/2627 2630/3067/2630
f 2625/3062/2625 2574/2999/2574 2627/3064/2627
f 2597/3026/2597 2576/3001/2576 2560/2980/2560
f 2628/3065/2628 2629/3066/2629 2631/3068/2631
f 2627/3064/2627 2632/3069/2632 2630/3067/2630
f 1775/2983/1775 2608/3038/2608 1831/2964/1831
f 2558/2978/2558 2563/2984/2563 2612/3043/2612
f 2633/3070/2633 2569/2994/2569 2634/3071/2634
f 2562/2982/2562 2607/3037/2607 2561/2981/2561
f 2557/2977/2557 2563/2984/2563 2558/2978/2558
f 2564/2985/2564 2570/2995/2570 2575/3000/2575
f 2635/3072/2635 2636/3073/2636 2637/3074/2637
f 1755/3044/1755 1754/3048/1754 2612/3043/2612
f 2608/3038/2608 1775/2983/1775 2557/2977/2557
f 2638/3075/2638 2580/3007/2580 2639/3076/2639
f 2571/2996/2571 2605/3034/2605 2585/3014/2585
f 2576/3001/2576 2544/2963/2544 2560/2980/2560
f 2640/3077/2640 2629/3066/2629 2630/3067/2630
f 2633/3070/2633 2584/3011/2584 2599/3028/2599
f 2641/3078/2641 2642/3079/2642 2631/3068/2631
f 2608/3038/2608 2544/2963/2544 1831/2964/1831
f 2572/2997/2572 2571/2996/2571 2585/3014/2585
f 2631/3068/2631 2552/2972/2552 2628/3065/2628
f 2600/3029/2600 2559/2979/2559 2544/2963/2544
f 2626/3063/2626 2574/2999/2574 2633/3070/2633
f 2600/3029/2600 2608/3038/2608 2557/2977/2557
f 2628/3065/2628 2552/2972/2552 2551/2971/2551
f 2597/3026/2597 2543/2962/2543 2576/3001/2576
f 2632/3069/2632 2627/3064/2627 2626/3063/2626
f 2632/3069/2632 2640/3077/2640 2630/3067/2630
f 2634/3071/2634 2584/3011/2584 2633/3070/2633
f 2643/3080/2643 2644/3081/2644 2645/3082/2645
f 2580/3007/2580 2595/3024/2595 2639/3076/2639
f 2631/3068/2631 2646/3083/2646 2647/3084/2647
f 2619/3055/2619 2575/3000/2575 2621/3057/2621
f 2552/2972/2552 2631/3068/2631 2642/3079/2642
f 2648/3085/2648 2649/3086/2649 2650/3087/2650
f 2631/3068/2631 2647/3084/2647 2641/3078/2641
f 2592/3021/2592 2651/3088/2651 2599/3028/2599
f 2584/3011/2584 2634/3071/2634 2609/3039/2609
f 2580/3007/2580 2638/3075/2638 2591/3020/2591
f 2648/3085/2648 2644/3081/2644 2643/3080/2643
f 2649/3086/2649 2639/3076/2639 2650/3087/2650
f 2646/3083/2646 2640/3077/2640 2652/3089/2652
f 2632/3069/2632 2652/3089/2652 2640/3077/2640
f 2649/3086/2649 2648/3085/2648 2653/3090/2653
f 2626/3063/2626 2635/3072/2635 2632/3069/2632
f 2653/3090/2653 2638/3075/2638 2639/3076/2639
f 2653/3090/2653 2648/3085/2648 2637/3074/2637
f 2654/3091/2654 2646/3083/2646 2652/3089/2652
f 2655/3092/2655 2647/3084/2647 2646/3083/2646
f 2654/3091/2654 2655/3092/2655 2646/3083/2646
f 2592/3021/2592 2591/3020/2591 2637/3074/2637
f 2656/3093/2656 2657/3094/2657 2642/3079/2642
f 2648/3085/2648 2650/3087/2650 2658/3095/2658
f 2640/3077/2640 2646/3083/2646 2629/3066/2629
f 2625/3062/2625 2621/3057/2621 2574/2999/2574
f 2648/3085/2648 2658/3095/2658 2644/3081/2644
f 2636/3073/2636 2599/3028/2599 2651/3088/2651
f 2655/3092/2655 2654/3091/2654 2659/3096/2659
f 2635/3072/2635 2633/3070/2633 2636/3073/2636
f 2567/2988/2567 1852/2990/1852 2548/2968/2548
f 2574/2999/2574 2569/2994/2569 2633/3070/2633
f 2649/3086/2649 2653/3090/2653 2639/3076/2639
f 2643/3080/2643 2660/3097/2660 2648/3085/2648
f 2651/3088/2651 2637/3074/2637 2636/3073/2636
f 2645/3082/2645 2659/3096/2659 2643/3080/2643
f 2575/3000/2575 2574/2999/2574 2621/3057/2621
f 2637/3074/2637 2660/3097/2660 2652/3089/2652
f 2659/3096/2659 2647/3084/2647 2655/3092/2655
f 2617/3053/2617 2618/3054/2618 2556/2976/2556
f 2653/3090/2653 2637/3074/2637 2591/3020/2591
f 2652/3089/2652 2632/3069/2632 2635/3072/2635
f 2614/3046/2614 2617/3053/2617 2613/3045/2613
f 2637/3074/2637 2648/3085/2648 2660/3097/2660
f 2622/3059/2622 2559/2979/2559 2620/3056/2620
f 2591/3020/2591 2638/3075/2638 2653/3090/2653
f 2643/3080/2643 2659/3096/2659 2660/3097/2660
f 2636/3073/2636 2633/3070/2633 2599/3028/2599
f 2651/3088/2651 2592/3021/2592 2637/3074/2637
f 2645/3082/2645 2641/3078/2641 2647/3084/2647
f 2609/3039/2609 2634/3071/2634 2569/2994/2569
f 2558/2978/2558 2613/3045/2613 2617/3053/2617
f 2641/3078/2641 2645/3082/2645 2656/3093/2656
f 2642/3079/2642 2641/3078/2641 2656/3093/2656
f 2660/3097/2660 2659/3096/2659 2654/3091/2654
f 2635/3072/2635 2626/3063/2626 2633/3070/2633
f 2631/3068/2631 2629/3066/2629 2646/3083/2646
f 2647/3084/2647 2659/3096/2659 2645/3082/2645
f 2660/3097/2660 2654/3091/2654 2652/3089/2652
f 2635/3072/2635 2637/3074/2637 2652/3089/2652
f 2661/3098/2661 2658/3099/2658 2662/3100/2662
f 2663/3101/2663 2664/3102/2664 2665/3103/2665
f 2666/3104/2666 2667/3105/2667 2668/3106/2668
f 2663/3101/2663 2669/3107/2669 2670/3108/2670
f 2671/3109/2671 2672/3110/2672 2673/3111/2673
f 2674/3112/2674 2675/3113/2675 2676/3114/2676
f 2677/3115/2677 2678/3116/2678 2674/3112/2674
f 1923/3117/1923 2679/3118/2679 2680/3119/2680
f 2680/3119/2680 2681/3120/2681 2682/3121/2682
f 2680/3119/2680 2682/3121/2682 2683/3122/2683
f 2684/3123/2684 2685/3124/2685 2686/3125/2686
f 2687/3126/2687 2688/3127/2688 2669/3107/2669
f 2663/3101/2663 2670/3108/2670 2664/3102/2664
f 2681/3120/2681 2676/3114/2676 2682/3121/2682
f 2689/3128/2689 2686/3125/2686 2656/3129/2656
f 2690/3130/2690 2665/3103/2665 2691/3131/2691
f 2692/3132/2692 2656/3129/2656 2645/3133/2645
f 2693/3134/2693 2694/3135/2694 2695/3136/2695
f 2696/3137/2696 2690/3130/2690 2697/3138/2697
f 2677/3115/2677 2674/3112/2674 2676/3114/2676
f 2674/3112/2674 2698/3139/2698 2694/3135/2694
f 2699/3140/2699 2688/3127/2688 2700/3141/2700
f 2701/3142/2701 2667/3105/2667 2702/3143/2702
f 2703/3144/2703 2704/3145/2704 2595/3146/2595
f 2705/3147/2705 2686/3125/2686 2685/3124/2685
f 2664/3102/2664 2706/3148/2706 2665/3103/2665
f 2687/3126/2687 2684/3123/2684 2686/3125/2686
f 2697/3138/2697 2707/3149/2707 2696/3137/2696
f 2684/3123/2684 2687/3126/2687 2669/3107/2669
f 2681/3120/2681 2708/3150/2708 2709/3151/2709
f 2663/3101/2663 2665/3103/2665 2684/3123/2684
f 2676/3114/2676 2710/3152/2710 2682/3121/2682
f 2711/3153/2711 2706/3148/2706 2678/3116/2678
f 2645/3133/2645 2644/3154/2644 2692/3132/2692
f 2689/3128/2689 2656/3129/2656 2692/3132/2692
f 2687/3126/2687 2700/3141/2700 2688/3127/2688
f 2693/3134/2693 2674/3112/2674 2694/3135/2694
f 2666/3104/2666 2691/3131/2691 2702/3143/2702
f 2666/3104/2666 2690/3130/2690 2691/3131/2691
f 2676/3114/2676 2712/3155/2712 2710/3152/2710
f 2698/3139/2698 2678/3116/2678 2706/3148/2706
f 2662/3100/2662 2639/3156/2639 2704/3145/2704
f 2695/3136/2695 2694/3135/2694 2670/3108/2670
f 2699/3140/2699 2695/3136/2695 2688/3127/2688
f 2681/3120/2681 2709/3151/2709 2713/3157/2713
f 2699/3140/2699 2700/3141/2700 2714/3158/2714
f 2710/3152/2710 2712/3155/2712 2715/3159/2715
f 2698/3139/2698 2706/3148/2706 2664/3102/2664
f 2674/3112/2674 2693/3134/2693 2675/3113/2675
f 2690/3130/2690 2666/3104/2666 2697/3138/2697
f 2716/3160/2716 2678/3116/2678 2713/3157/2713
f 2716/3160/2716 2691/3131/2691 2711/3153/2711
f 2705/3147/2705 2717/3161/2717 2657/3162/2657
f 2595/3146/2595 2704/3145/2704 2639/3156/2639
f 2650/3163/2650 2639/3156/2639 2662/3100/2662
f 2695/3136/2695 2699/3140/2699 2718/3164/2718
f 2686/3125/2686 2705/3147/2705 2656/3129/2656
f 2700/3141/2700 2661/3098/2661 2714/3158/2714
f 2685/3124/2685 2719/3165/2719 2720/3166/2720
f 2700/3141/2700 2686/3125/2686 2689/3128/2689
f 2675/3113/2675 2712/3155/2712 2676/3114/2676
f 2708/3150/2708 2681/3120/2681 2680/3119/2680
f 2721/3167/2721 2671/3109/2671 2701/3142/2701
f 2681/3120/2681 2677/3115/2677 2676/3114/2676
f 2718/3164/2718 2699/3140/2699 2714/3158/2714
f 2711/3153/2711 2691/3131/2691 2665/3103/2665
f 2722/3168/2722 2680/3119/2680 2679/3118/2679
f 2685/3124/2685 2684/3123/2684 2719/3165/2719
f 2687/3126/2687 2686/3125/2686 2700/3141/2700
f 2694/3135/2694 2698/3139/2698 2664/3102/2664
f 2721/3167/2721 2672/3110/2672 2671/3109/2671
f 2662/3100/2662 2658/3099/2658 2650/3163/2650
f 2723/3169/2723 2724/3170/2724 2672/3110/2672
f 2721/3167/2721 2725/3171/2725 2672/3110/2672
f 2700/3141/2700 2689/3128/2689 2692/3132/2692
f 2665/3103/2665 2719/3165/2719 2684/3123/2684
f 2661/3098/2661 2692/3132/2692 2658/3099/2658
f 2677/3115/2677 2713/3157/2713 2678/3116/2678
f 2669/3107/2669 2663/3101/2663 2684/3123/2684
f 2702/3143/2702 2667/3105/2667 2666/3104/2666
f 2726/3172/2726 2716/3160/2716 2713/3157/2713
f 2666/3104/2666 2707/3149/2707 2697/3138/2697
f 2727/3173/2727 2712/3155/2712 2675/3113/2675
f 2673/3111/2673 2672/3110/2672 2724/3170/2724
f 2718/3164/2718 2714/3158/2714 2661/3098/2661
f 2662/3100/2662 2718/3164/2718 2661/3098/2661
f 2728/3174/2728 2668/3106/2668 2673/3111/2673
f 2703/3144/2703 2595/3146/2595 2729/3175/2729
f 2670/3108/2670 2688/3127/2688 2695/3136/2695
f 2692/3132/2692 2644/3154/2644 2658/3099/2658
f 2657/3162/2657 2656/3129/2656 2705/3147/2705
f 2711/3153/2711 2665/3103/2665 2706/3148/2706
f 2669/3107/2669 2688/3127/2688 2670/3108/2670
f 2722/3168/2722 2708/3150/2708 2680/3119/2680
f 2694/3135/2694 2664/3102/2664 2670/3108/2670
f 2718/3164/2718 2693/3134/2693 2695/3136/2695
f 2730/3176/2730 2731/3177/2731 2728/3174/2728
f 2701/3142/2701 2671/3109/2671 2667/3105/2667
f 2727/3173/2727 2662/3100/2662 2704/3145/2704
f 2685/3124/2685 2732/3178/2732 2705/3147/2705
f 2733/3179/2733 2707/3149/2707 2666/3104/2666
f 2693/3134/2693 2727/3173/2727 2675/3113/2675
f 2702/3143/2702 2716/3160/2716 2726/3172/2726
f 2727/3173/2727 2704/3145/2704 2703/3144/2703
f 2682/3121/2682 2710/3152/2710 2683/3122/2683
f 2662/3100/2662 2727/3173/2727 2718/3164/2718
f 2719/3165/2719 2665/3103/2665 2696/3137/2696
f 2713/3157/2713 2677/3115/2677 2681/3120/2681
f 2726/3172/2726 2709/3151/2709 2734/3180/2734
f 2709/3151/2709 2708/3150/2708 2722/3168/2722
f 2735/3181/2735 2736/3182/2736 2737/3183/2737
f 2703/3144/2703 2712/3155/2712 2727/3173/2727
f 2705/3147/2705 2732/3178/2732 2717/3161/2717
f 2703/3144/2703 2715/3159/2715 2712/3155/2712
f 2561/3184/2561 2607/3185/2607 2729/3175/2729
f 2720/3166/2720 2719/3165/2719 2696/3137/2696
f 2691/3131/2691 2716/3160/2716 2702/3143/2702
f 2726/3172/2726 2734/3180/2734 2701/3142/2701
f 2738/3186/2738 2739/3187/2739 2740/3188/2740
f 2722/3168/2722 2734/3180/2734 2709/3151/2709
f 2702/3143/2702 2726/3172/2726 2701/3142/2701
f 2693/3134/2693 2718/3164/2718 2727/3173/2727
f 2716/3160/2716 2711/3153/2711 2678/3116/2678
f 2722/3168/2722 2679/3118/2679 2725/3171/2725
f 2698/3139/2698 2674/3112/2674 2678/3116/2678
f 2690/3130/2690 2696/3137/2696 2665/3103/2665
f 2661/3098/2661 2700/3141/2700 2692/3132/2692
f 2726/3172/2726 2713/3157/2713 2709/3151/2709
f 2667/3105/2667 2671/3109/2671 2668/3106/2668
f 2734/3180/2734 2721/3167/2721 2701/3142/2701
f 2734/3180/2734 2722/3168/2722 2721/3167/2721
f 2722/3168/2722 2725/3171/2725 2721/3167/2721
f 2607/3185/2607 2606/3189/2606 2741/3190/2741
f 2672/3110/2672 2725/3171/2725 2723/3169/2723
f 2733/3179/2733 2666/3104/2666 2668/3106/2668
f 2668/3106/2668 2671/3109/2671 2673/3111/2673
f 2742/3191/2742 2743/3192/2743 2740/3188/2740
f 2731/3177/2731 2733/3179/2733 2668/3106/2668
f 2731/3177/2731 2668/3106/2668 2728/3174/2728
f 2728/3174/2728 2673/3111/2673 2724/3170/2724
f 2744/3193/2744 2745/3194/2745 2736/3182/2736
f 2737/3183/2737 2736/3182/2736 2746/3195/2746
f 2729/3175/2729 2747/3196/2747 2740/3188/2740
f 2738/3186/2738 2740/3188/2740 2748/3197/2748
f 2743/3192/2743 2745/3194/2745 2749/3198/2749
f 2740/3188/2740 2743/3192/2743 2748/3197/2748
f 2742/3191/2742 2737/3183/2737 2746/3195/2746
f 2750/3199/2750 2741/3190/2741 2606/3189/2606
f 2745/3194/2745 2744/3193/2744 2749/3198/2749
f 2749/3198/2749 2744/3193/2744 1960/3200/1960
f 1908/3201/1908 2749/3198/2749 1899/3202/1899
f 2746/3195/2746 2743/3192/2743 2742/3191/2742
f 2735/3181/2735 2737/3183/2737 2751/3203/2751
f 2744/3193/2744 2736/3182/2736 2735/3181/2735
f 2741/3190/2741 2750/3199/2750 2751/3203/2751
f 2747/3196/2747 2607/3185/2607 2741/3190/2741
f 2737/3183/2737 2742/3191/2742 2751/3203/2751
f 2740/3188/2740 2739/3187/2739 2729/3175/2729
f 2751/3203/2751 2742/3191/2742 2741/3190/2741
f 2741/3190/2741 2740/3188/2740 2747/3196/2747
f 2561/3184/2561 2729/3175/2729 2595/3146/2595
f 2742/3191/2742 2740/3188/2740 2741/3190/2741
f 1924/3204/1924 2752/3205/2752 1923/3117/1923
f 2696/3137/2696 2753/3206/2753 2720/3166/2720
f 1923/3117/1923 2752/3205/2752 2754/3207/2754
f 2679/3118/2679 1923/3117/1923 2754/3207/2754
f 2755/3208/2755 2753/3206/2753 2756/3209/2756
f 2757/3210/2757 2758/3211/2758 2759/3212/2759
f 2707/3149/2707 2760/3213/2760 2761/3214/2761
f 2762/3215/2762 2763/3216/2763 2764/3217/2764
f 2764/3217/2764 2765/3218/2765 2766/3219/2766
f 2707/3149/2707 2733/3179/2733 2767/3220/2767
f 2759/3212/2759 2758/3211/2758 2764/3217/2764
f 2768/3221/2768 2769/3222/2769 2770/3223/2770
f 2762/3215/2762 2764/3217/2764 2766/3219/2766
f 2720/3166/2720 2771/3224/2771 2685/3124/2685
f 2753/3206/2753 2696/3137/2696 2772/3225/2772
f 2757/3210/2757 2756/3209/2756 2753/3206/2753
f 2766/3219/2766 2773/3226/2773 2762/3215/2762
f 2757/3210/2757 2759/3212/2759 2763/3216/2763
f 2774/3227/2774 2760/3213/2760 2767/3220/2767
f 2765/3218/2765 2764/3217/2764 2758/3211/2758
f 2770/3223/2770 2775/3228/2775 2768/3221/2768
f 2753/3206/2753 2758/3211/2758 2757/3210/2757
f 2760/3213/2760 2774/3227/2774 2770/3223/2770
f 2767/3220/2767 2731/3177/2731 2774/3227/2774
f 2764/3217/2764 2763/3216/2763 2759/3212/2759
f 2776/3229/2776 2760/3213/2760 2770/3223/2770
f 1320/3230/1320 2768/3221/2768 2775/3228/2775
f 2758/3211/2758 2772/3225/2772 2765/3218/2765
f 2766/3219/2766 2776/3229/2776 2769/3222/2769
f 2696/3137/2696 2707/3149/2707 2772/3225/2772
f 2773/3226/2773 2766/3219/2766 2769/3222/2769
f 2761/3214/2761 2765/3218/2765 2772/3225/2772
f 2776/3229/2776 2766/3219/2766 2765/3218/2765
f 2761/3214/2761 2772/3225/2772 2707/3149/2707
f 2777/3231/2777 2773/3226/2773 2769/3222/2769
f 2772/3225/2772 2758/3211/2758 2753/3206/2753
f 2776/3229/2776 2765/3218/2765 2760/3213/2760
f 2760/3213/2760 2765/3218/2765 2761/3214/2761
f 2773/3226/2773 2763/3216/2763 2762/3215/2762
f 2685/3124/2685 2771/3224/2771 2732/3178/2732
f 1318/3232/1318 2773/3226/2773 2777/3231/2777
f 1320/3230/1320 2777/3231/2777 2768/3221/2768
f 1916/3233/1916 1911/3234/1911 2778/3235/2778
f 2779/3236/2779 1916/3233/1916 2778/3235/2778
f 1916/3233/1916 2780/3237/2780 1958/3238/1958
f 1916/3233/1916 2779/3236/2779 2780/3237/2780
f 2749/3198/2749 1960/3200/1960 1899/3202/1899
f 2779/3236/2779 2748/3197/2748 2780/3237/2780
f 1908/3201/1908 2780/3237/2780 2748/3197/2748
f 2749/3198/2749 1908/3201/1908 2748/3197/2748
f 2749/3198/2749 2748/3197/2748 2743/3192/2743
f 2748/3197/2748 2779/3236/2779 2738/3186/2738
f 2746/3195/2746 2745/3194/2745 2743/3192/2743
f 2753/3206/2753 2755/3208/2755 2720/3166/2720
f 2771/3224/2771 2720/3166/2720 2755/3208/2755
f 2703/3144/2703 2729/3175/2729 2781/3239/2781
f 2703/3144/2703 2781/3239/2781 2715/3159/2715
f 2781/3239/2781 2729/3175/2729 2739/3187/2739
f 2715/3159/2715 2739/3187/2739 2782/3240/2782
f 2782/3240/2782 2738/3186/2738 2779/3236/2779
f 2782/3240/2782 2779/3236/2779 2783/3241/2783
f 2745/3194/2745 2746/3195/2746 2736/3182/2736
f 1908/3201/1908 1958/3238/1958 2780/3237/2780
f 2729/3175/2729 2607/3185/2607 2747/3196/2747
f 2782/3240/2782 2710/3152/2710 2715/3159/2715
f 2782/3240/2782 2783/3241/2783 2683/3122/2683
f 2784/3242/2784 2783/3241/2783 2779/3236/2779
f 2739/3187/2739 2738/3186/2738 2782/3240/2782
f 2683/3122/2683 2785/3243/2785 2680/3119/2680
f 2785/3243/2785 2683/3122/2683 2786/3244/2786
f 2715/3159/2715 2781/3239/2781 2739/3187/2739
f 2783/3241/2783 2784/3242/2784 2787/3245/2787
f 2680/3119/2680 2785/3243/2785 1923/3117/1923
f 2786/3244/2786 2788/3246/2788 2785/3243/2785
f 2783/3241/2783 2787/3245/2787 2683/3122/2683
f 2778/3235/2778 2786/3244/2786 2787/3245/2787
f 1327/3247/1327 1320/3230/1320 2775/3228/2775
f 2785/3243/2785 2788/3246/2788 1923/3117/1923
f 2769/3222/2769 2768/3221/2768 2777/3231/2777
f 2776/3229/2776 2770/3223/2770 2769/3222/2769
f 1318/3232/1318 2777/3231/2777 1320/3230/1320
f 2774/3227/2774 2730/3176/2730 2775/3228/2775
f 2760/3213/2760 2707/3149/2707 2767/3220/2767
f 2774/3227/2774 2775/3228/2775 2770/3223/2770
f 1912/3248/1912 2788/3246/2788 2786/3244/2786
f 2733/3179/2733 2731/3177/2731 2767/3220/2767
f 2788/3246/2788 1912/3248/1912 1923/3117/1923
f 2683/3122/2683 2710/3152/2710 2782/3240/2782
f 2683/3122/2683 2787/3245/2787 2786/3244/2786
f 2778/3235/2778 1911/3234/1911 1912/3248/1912
f 2775/3228/2775 2730/3176/2730 1327/3247/1327
f 1327/3247/1327 2730/3176/2730 1323/3249/1323
f 2784/3242/2784 2778/3235/2778 2787/3245/2787
f 2786/3244/2786 2778/3235/2778 1912/3248/1912
f 2784/3242/2784 2779/3236/2779 2778/3235/2778
f 2730/3176/2730 2774/3227/2774 2731/3177/2731
f 2789/3250/2789 1197/3251/1197 1196/3252/1196
f 2790/3253/2790 2791/3254/2791 2792/3255/2792
f 2793/3256/2793 2794/3257/2794 2795/3258/2795
f 2796/3259/2796 2797/3260/2797 2798/3261/2798
f 2799/3262/2799 2800/3263/2800 2801/3264/2801
f 2802/3265/2802 2803/3266/2803 2804/3267/2804
f 2805/3268/2805 2806/3269/2806 2807/3270/2807
f 2808/3271/2808 2809/3272/2809 2810/3273/2810
f 2811/3274/2811 2812/3275/2812 2813/3276/2813
f 2795/3258/2795 2810/3273/2810 2814/3277/2814
f 2798/3261/2798 2815/3278/2815 2816/3279/2816
f 2816/3279/2816 2817/3280/2817 2818/3281/2818
f 2819/3282/2819 2820/3283/2820 2821/3284/2821
f 2822/3285/2822 2803/3266/2803 2807/3270/2807
f 2823/3286/2823 2824/3287/2824 2825/3288/2825
f 2826/3289/2826 2827/3290/2827 2828/3291/2828
f 2828/3291/2828 2827/3290/2827 2829/3292/2829
f 2830/3293/2830 2831/3294/2831 2832/3295/2832
f 2833/3296/2833 2828/3291/2828 2834/3297/2834
f 2806/3269/2806 2835/3298/2835 2807/3270/2807
f 2803/3266/2803 2802/3265/2802 2805/3268/2805
f 2836/3299/2836 2837/3300/2837 2838/3301/2838
f 2839/3302/2839 2840/3303/2840 2801/3264/2801
f 2826/3289/2826 2841/3304/2841 2824/3287/2824
f 2793/3256/2793 2833/3296/2833 2794/3257/2794
f 1216/3305/1216 2842/3306/2842 2843/3307/2843
f 2842/3306/2842 2840/3303/2840 2839/3302/2839
f 2826/3289/2826 2824/3287/2824 2827/3290/2827
f 2817/3280/2817 2792/3255/2792 2835/3298/2835
f 2844/3308/2844 2835/3298/2835 2813/3276/2813
f 2813/3276/2813 2845/3309/2845 2846/3310/2846
f 2820/3283/2820 2819/3282/2819 2847/3311/2847
f 2834/3297/2834 2808/3271/2808 2794/3257/2794
f 2828/3291/2828 2833/3296/2833 2826/3289/2826
f 2805/3268/2805 2837/3300/2837 2806/3269/2806
f 2848/3312/2848 2849/3313/2849 2789/3250/2789
f 2841/3304/2841 2826/3289/2826 2833/3296/2833
f 2850/3314/2850 2842/3306/2842 1216/3305/1216
f 2851/3315/2851 2279/3316/2279 2852/3317/2852
f 2853/3318/2853 2854/3319/2854 2855/3320/2855
f 2853/3318/2853 2856/3321/2856 2857/3322/2857
f 2858/3323/2858 2809/3272/2809 2859/3324/2859
f 2822/3285/2822 2807/3270/2807 2791/3254/2791
f 2860/3325/2860 2861/3326/2861 2862/3327/2862
f 2807/3270/2807 2835/3298/2835 2791/3254/2791
f 2863/3328/2863 2864/3329/2864 2272/3330/2272
f 2813/3276/2813 2812/3275/2812 2865/3331/2865
f 2863/3328/2863 2866/3332/2866 2864/3329/2864
f 2864/3329/2864 2867/3333/2867 2852/3317/2852
f 2279/3316/2279 2272/3330/2272 2864/3329/2864
f 2863/3328/2863 2272/3330/2272 2189/3334/2189
f 2868/3335/2868 2869/3336/2869 2870/3337/2870
f 2863/3328/2863 2871/3338/2871 2866/3332/2866
f 2852/3317/2852 2279/3316/2279 2864/3329/2864
f 2872/3339/2872 2873/3340/2873 2874/3341/2874
f 2875/3342/2875 2851/3315/2851 2852/3317/2852
f 2871/3338/2871 2863/3328/2863 2189/3334/2189
f 2791/3254/2791 2835/3298/2835 2792/3255/2792
f 2851/3315/2851 2875/3342/2875 2854/3319/2854
f 2191/3343/2191 2871/3338/2871 2189/3334/2189
f 2876/3344/2876 2877/3345/2877 2822/3285/2822
f 2850/3314/2850 2840/3303/2840 2842/3306/2842
f 2858/3323/2858 2878/3346/2878 2809/3272/2809
f 2267/3347/2267 2279/3316/2279 2851/3315/2851
f 2866/3332/2866 2871/3338/2871 2873/3340/2873
f 2833/3296/2833 2834/3297/2834 2794/3257/2794
f 2879/3348/2879 2856/3321/2856 2193/3349/2193
f 2867/3333/2867 2858/3323/2858 2875/3342/2875
f 2854/3319/2854 2875/3342/2875 2859/3324/2859
f 2880/3350/2880 2881/3351/2881 2874/3341/2874
f 2882/3352/2882 2276/3353/2276 2851/3315/2851
f 2829/3292/2829 2855/3320/2855 2859/3324/2859
f 2860/3325/2860 2862/3327/2862 2883/3354/2883
f 2833/3296/2833 2884/3355/2884 2841/3304/2841
f 2885/3356/2885 2858/3323/2858 2867/3333/2867
f 2792/3255/2792 2817/3280/2817 2816/3279/2816
f 2873/3340/2873 2886/3357/2886 2866/3332/2866
f 2885/3356/2885 2866/3332/2866 2887/3358/2887
f 2859/3324/2859 2855/3320/2855 2854/3319/2854
f 2864/3329/2864 2885/3356/2885 2867/3333/2867
f 2888/3359/2888 2847/3311/2847 2819/3282/2819
f 2885/3356/2885 2864/3329/2864 2866/3332/2866
f 2886/3357/2886 2804/3267/2804 2803/3266/2803
f 2866/3332/2866 2886/3357/2886 2887/3358/2887
f 2880/3350/2880 2873/3340/2873 2871/3338/2871
f 2871/3338/2871 2191/3343/2191 2880/3350/2880
f 2885/3356/2885 2878/3346/2878 2858/3323/2858
f 2878/3346/2878 2887/3358/2887 2877/3345/2877
f 2831/3294/2831 2838/3301/2838 2802/3265/2802
f 2846/3310/2846 2889/3360/2889 2890/3361/2890
f 2874/3341/2874 2873/3340/2873 2880/3350/2880
f 2891/3362/2891 2882/3352/2882 2854/3319/2854
f 2888/3359/2888 2819/3282/2819 2806/3269/2806
f 2859/3324/2859 2875/3342/2875 2858/3323/2858
f 2882/3352/2882 2851/3315/2851 2854/3319/2854
f 2877/3345/2877 2809/3272/2809 2878/3346/2878
f 2891/3362/2891 2854/3319/2854 2857/3322/2857
f 1215/3363/1215 2850/3314/2850 1216/3305/1216
f 2891/3362/2891 2192/3364/2192 2882/3352/2882
f 2867/3333/2867 2875/3342/2875 2852/3317/2852
f 2872/3339/2872 2874/3341/2874 2881/3351/2881
f 2192/3364/2192 2276/3353/2276 2882/3352/2882
f 2800/3263/2800 2892/3365/2892 2839/3302/2839
f 2877/3345/2877 2887/3358/2887 2886/3357/2886
f 2192/3364/2192 2891/3362/2891 2193/3349/2193
f 2893/3366/2893 2800/3263/2800 2799/3262/2799
f 2891/3362/2891 2879/3348/2879 2193/3349/2193
f 2891/3362/2891 2857/3322/2857 2879/3348/2879
f 2868/3335/2868 2861/3326/2861 2894/3367/2894
f 2895/3368/2895 2833/3296/2833 2793/3256/2793
f 2887/3358/2887 2878/3346/2878 2885/3356/2885
f 2853/3318/2853 2857/3322/2857 2854/3319/2854
f 2830/3293/2830 2872/3339/2872 2881/3351/2881
f 2802/3265/2802 2804/3267/2804 2831/3294/2831
f 1207/3369/1207 2896/3370/2896 1196/3252/1196
f 2807/3270/2807 2803/3266/2803 2805/3268/2805
f 2818/3281/2818 2840/3303/2840 2850/3314/2850
f 2896/3370/2896 2897/3371/2897 2860/3325/2860
f 2868/3335/2868 2894/3367/2894 2895/3368/2895
f 1186/3372/1186 2898/3373/2898 1187/3374/1187
f 2894/3367/2894 2897/3371/2897 2899/3375/2899
f 2883/3354/2883 2789/3250/2789 2896/3370/2896
f 2899/3375/2899 2896/3370/2896 1206/3376/1206
f 2841/3304/2841 2884/3355/2884 2900/3377/2900
f 2883/3354/2883 2862/3327/2862 2815/3278/2815
f 2789/3250/2789 1196/3252/1196 2896/3370/2896
f 2899/3375/2899 2884/3355/2884 2894/3367/2894
f 2901/3378/2901 2900/3377/2900 2884/3355/2884
f 2853/3318/2853 2825/3288/2825 2856/3321/2856
f 2901/3378/2901 2902/3379/2902 1193/3380/1193
f 1206/3376/1206 1174/3381/1174 2902/3379/2902
f 2894/3367/2894 2861/3326/2861 2897/3371/2897
f 2896/3370/2896 2899/3375/2899 2897/3371/2897
f 2903/3382/2903 2904/3383/2904 120/3384/120
f 2884/3355/2884 2895/3368/2895 2894/3367/2894
f 2884/3355/2884 2833/3296/2833 2895/3368/2895
f 2806/3269/2806 2819/3282/2819 2813/3276/2813
f 2884/3355/2884 2899/3375/2899 2901/3378/2901
f 1193/3380/1193 2902/3379/2902 1174/3381/1174
f 2797/3260/2797 2848/3312/2848 2883/3354/2883
f 2793/3256/2793 2869/3336/2869 2895/3368/2895
f 2899/3375/2899 2902/3379/2902 2901/3378/2901
f 121/3385/121 2903/3382/2903 120/3384/120
f 2900/3377/2900 2905/3386/2905 2906/3387/2906
f 2905/3386/2905 2900/3377/2900 2901/3378/2901
f 1217/3388/1217 1216/3305/1216 2843/3307/2843
f 2861/3326/2861 2860/3325/2860 2897/3371/2897
f 2825/3288/2825 2906/3387/2906 2907/3389/2907
f 2908/3390/2908 2789/3250/2789 2898/3373/2898
f 2818/3281/2818 2909/3391/2909 2796/3259/2796
f 2849/3313/2849 2848/3312/2848 2796/3259/2796
f 1215/3363/1215 2910/3392/2910 2850/3314/2850
f 2796/3259/2796 2798/3261/2798 2818/3281/2818
f 2910/3392/2910 2909/3391/2909 2850/3314/2850
f 2898/3373/2898 2789/3250/2789 2849/3313/2849
f 2910/3392/2910 2911/3393/2911 2909/3391/2909
f 123/3394/123 125/3395/125 2904/3383/2904
f 2860/3325/2860 2883/3354/2883 2896/3370/2896
f 2825/3288/2825 2841/3304/2841 2900/3377/2900
f 2848/3312/2848 2797/3260/2797 2796/3259/2796
f 2796/3259/2796 2909/3391/2909 2911/3393/2911
f 2905/3386/2905 2901/3378/2901 1193/3380/1193
f 2904/3383/2904 114/3396/114 120/3384/120
f 2843/3307/2843 2842/3306/2842 2839/3302/2839
f 1217/3388/1217 2843/3307/2843 2912/3397/2912
f 2910/3392/2910 2898/3373/2898 2911/3393/2911
f 2796/3259/2796 2911/3393/2911 2849/3313/2849
f 2849/3313/2849 2911/3393/2911 2898/3373/2898
f 2898/3373/2898 1186/3372/1186 2908/3390/2908
f 2818/3281/2818 2850/3314/2850 2909/3391/2909
f 2829/3292/2829 2859/3324/2859 2809/3272/2809
f 2906/3387/2906 2905/3386/2905 2903/3382/2903
f 1187/3374/1187 2910/3392/2910 1215/3363/1215
f 2907/3389/2907 2906/3387/2906 2903/3382/2903
f 2811/3274/2811 2865/3331/2865 2812/3275/2812
f 2845/3309/2845 2889/3360/2889 2846/3310/2846
f 2853/3318/2853 2855/3320/2855 2827/3290/2827
f 2821/3284/2821 2865/3331/2865 2811/3274/2811
f 2913/3398/2913 2914/3399/2914 2790/3253/2790
f 2795/3258/2795 2914/3399/2914 2793/3256/2793
f 2905/3386/2905 1193/3380/1193 2904/3383/2904
f 2808/3271/2808 2810/3273/2810 2794/3257/2794
f 2845/3309/2845 2813/3276/2813 2865/3331/2865
f 2797/3260/2797 2815/3278/2815 2798/3261/2798
f 2817/3280/2817 2846/3310/2846 2840/3303/2840
f 2792/3255/2792 2816/3279/2816 2790/3253/2790
f 1197/3251/1197 2908/3390/2908 1186/3372/1186
f 2797/3260/2797 2883/3354/2883 2815/3278/2815
f 2889/3360/2889 2845/3309/2845 2915/3400/2915
f 2907/3389/2907 2903/3382/2903 121/3385/121
f 123/3394/123 2904/3383/2904 1193/3380/1193
f 2862/3327/2862 2861/3326/2861 2868/3335/2868
f 2817/3280/2817 2844/3308/2844 2846/3310/2846
f 2808/3271/2808 2834/3297/2834 2828/3291/2828
f 2904/3383/2904 125/3395/125 114/3396/114
f 2825/3288/2825 2824/3287/2824 2841/3304/2841
f 2814/3277/2814 2877/3345/2877 2876/3344/2876
f 2912/3397/2912 2916/3401/2916 1217/3388/1217
f 2790/3253/2790 2914/3399/2914 2795/3258/2795
f 2870/3337/2870 2913/3398/2913 2815/3278/2815
f 2813/3276/2813 2835/3298/2835 2806/3269/2806
f 2913/3398/2913 2917/3402/2917 2914/3399/2914
f 1187/3374/1187 2898/3373/2898 2910/3392/2910
f 2917/3402/2917 2913/3398/2913 2869/3336/2869
f 2913/3398/2913 2816/3279/2816 2815/3278/2815
f 2809/3272/2809 2877/3345/2877 2814/3277/2814
f 2799/3262/2799 2889/3360/2889 2893/3366/2893
f 2811/3274/2811 2813/3276/2813 2819/3282/2819
f 2853/3318/2853 2823/3286/2823 2825/3288/2825
f 2865/3331/2865 2915/3400/2915 2845/3309/2845
f 2862/3327/2862 2870/3337/2870 2815/3278/2815
f 2825/3288/2825 2900/3377/2900 2906/3387/2906
f 2869/3336/2869 2868/3335/2868 2895/3368/2895
f 2904/3383/2904 2903/3382/2903 2905/3386/2905
f 2843/3307/2843 2892/3365/2892 2912/3397/2912
f 2817/3280/2817 2840/3303/2840 2818/3281/2818
f 2816/3279/2816 2818/3281/2818 2798/3261/2798
f 1206/3376/1206 2896/3370/2896 1207/3369/1207
f 2213/3403/2213 2907/3389/2907 121/3385/121
f 1206/3376/1206 2902/3379/2902 2899/3375/2899
f 2840/3303/2840 2846/3310/2846 2890/3361/2890
f 2837/3300/2837 2918/3404/2918 2888/3359/2888
f 2789/3250/2789 2908/3390/2908 1197/3251/1197
f 2869/3336/2869 2913/3398/2913 2870/3337/2870
f 2805/3268/2805 2802/3265/2802 2838/3301/2838
f 2835/3298/2835 2844/3308/2844 2817/3280/2817
f 2827/3290/2827 2824/3287/2824 2823/3286/2823
f 2809/3272/2809 2808/3271/2808 2829/3292/2829
f 2915/3400/2915 2821/3284/2821 2919/3405/2919
f 2869/3336/2869 2914/3399/2914 2917/3402/2917
f 2915/3400/2915 2893/3366/2893 2889/3360/2889
f 2803/3266/2803 2822/3285/2822 2877/3345/2877
f 2822/3285/2822 2791/3254/2791 2876/3344/2876
f 2855/3320/2855 2829/3292/2829 2827/3290/2827
f 2810/3273/2810 2795/3258/2795 2794/3257/2794
f 2872/3339/2872 2886/3357/2886 2873/3340/2873
f 2827/3290/2827 2823/3286/2823 2853/3318/2853
f 2876/3344/2876 2795/3258/2795 2814/3277/2814
f 2907/3389/2907 2213/3403/2213 2856/3321/2856
f 2790/3253/2790 2816/3279/2816 2913/3398/2913
f 2801/3264/2801 2800/3263/2800 2839/3302/2839
f 2804/3267/2804 2872/3339/2872 2832/3295/2832
f 2872/3339/2872 2830/3293/2830 2832/3295/2832
f 2810/3273/2810 2809/3272/2809 2814/3277/2814
f 2267/3347/2267 2851/3315/2851 2276/3353/2276
f 2821/3284/2821 2811/3274/2811 2819/3282/2819
f 2846/3310/2846 2844/3308/2844 2813/3276/2813
f 2828/3291/2828 2829/3292/2829 2808/3271/2808
f 2790/3253/2790 2876/3344/2876 2791/3254/2791
f 2869/3336/2869 2793/3256/2793 2914/3399/2914
f 2877/3345/2877 2886/3357/2886 2803/3266/2803
f 2886/3357/2886 2872/3339/2872 2804/3267/2804
f 2799/3262/2799 2890/3361/2890 2889/3360/2889
f 2888/3359/2888 2806/3269/2806 2837/3300/2837
f 2837/3300/2837 2805/3268/2805 2838/3301/2838
f 2790/3253/2790 2795/3258/2795 2876/3344/2876
f 2893/3366/2893 2915/3400/2915 2919/3405/2919
f 2801/3264/2801 2890/3361/2890 2799/3262/2799
f 2836/3299/2836 2918/3404/2918 2837/3300/2837
f 2892/3365/2892 2843/3307/2843 2839/3302/2839
f 2915/3400/2915 2865/3331/2865 2821/3284/2821
f 2912/3397/2912 2892/3365/2892 2800/3263/2800
f 2857/3322/2857 2856/3321/2856 2879/3348/2879
f 2870/3337/2870 2862/3327/2862 2868/3335/2868
f 2193/3349/2193 2856/3321/2856 2213/3403/2213
f 2883/3354/2883 2848/3312/2848 2789/3250/2789
f 2840/3303/2840 2890/3361/2890 2801/3264/2801
f 2856/3321/2856 2825/3288/2825 2907/3389/2907
f 2832/3295/2832 2831/3294/2831 2804/3267/2804
f 2920/3406/2920 2921/3407/2921 2922/3408/2922
f 2923/3409/2923 2924/3410/2924 2925/3411/2925
f 2926/3412/2926 2642/3413/2642 2657/3414/2657
f 2926/3412/2926 2927/3415/2927 2928/3416/2928
f 2771/3417/2771 2924/3410/2924 2923/3409/2923
f 2929/3418/2929 2930/3419/2930 2931/3420/2931
f 2926/3412/2926 2928/3416/2928 2932/3421/2932
f 2927/3415/2927 2926/3412/2926 2657/3414/2657
f 2757/3422/2757 2933/3423/2933 2756/3424/2756
f 2934/3425/2934 2773/3426/2773 1318/3427/1318
f 2932/3421/2932 2935/3428/2935 2936/3429/2936
f 2937/3430/2937 2935/3428/2935 2932/3421/2932
f 2763/3431/2763 2938/3432/2938 2933/3423/2933
f 2939/3433/2939 2940/3434/2940 2941/3435/2941
f 1318/3427/1318 1376/3436/1376 2942/3437/2942
f 2926/3412/2926 2932/3421/2932 2552/3438/2552
f 2577/3439/2577 2552/3438/2552 2936/3429/2936
f 2943/3440/2943 1825/3441/1825 2944/3442/2944
f 2945/3443/2945 2946/3444/2946 2922/3408/2922
f 2928/3416/2928 2937/3430/2937 2932/3421/2932
f 2947/3445/2947 2948/3446/2948 2949/3447/2949
f 2950/3448/2950 2949/3447/2949 2927/3415/2927
f 2951/3449/2951 2952/3450/2952 2953/3451/2953
f 2925/3411/2925 2954/3452/2954 2955/3453/2955
f 2956/3454/2956 2937/3430/2937 2957/3455/2957
f 2957/3455/2957 2958/3456/2958 2944/3442/2944
f 2935/3428/2935 2937/3430/2937 2956/3454/2956
f 2943/3440/2943 2959/3457/2959 1825/3441/1825
f 2750/3458/2750 2960/3459/2960 2751/3460/2751
f 2961/3461/2961 1313/3462/1313 2962/3463/2962
f 1832/3464/1832 2944/3442/2944 1825/3441/1825
f 2954/3452/2954 2925/3411/2925 2924/3410/2924
f 2944/3442/2944 1832/3464/1832 2956/3454/2956
f 2963/3465/2963 2941/3435/2941 2940/3434/2940
f 2964/3466/2964 2936/3429/2936 2935/3428/2935
f 2965/3467/2965 2966/3468/2966 1802/3469/1802
f 2959/3457/2959 1809/3470/1809 1825/3441/1825
f 1318/3427/1318 2942/3437/2942 2934/3425/2934
f 2756/3424/2756 2933/3423/2933 2924/3410/2924
f 2934/3425/2934 2940/3434/2940 2773/3426/2773
f 2967/3471/2967 2968/3472/2968 2969/3473/2969
f 2951/3449/2951 2970/3474/2970 2732/3475/2732
f 2971/3476/2971 2956/3454/2956 1832/3464/1832
f 1376/3436/1376 2972/3477/2972 2942/3437/2942
f 2971/3476/2971 2964/3466/2964 2935/3428/2935
f 2964/3466/2964 1805/3478/1805 2577/3439/2577
f 2642/3413/2642 2926/3412/2926 2552/3438/2552
f 2973/3479/2973 2974/3480/2974 2975/3481/2975
f 2763/3431/2763 2941/3435/2941 2938/3432/2938
f 2976/3482/2976 2977/3483/2977 2978/3484/2978
f 2979/3485/2979 2938/3432/2938 2972/3477/2972
f 2946/3444/2946 2925/3411/2925 2955/3453/2955
f 2980/3486/2980 2981/3487/2981 2982/3488/2982
f 2983/3489/2983 2984/3490/2984 2985/3491/2985
f 1805/3478/1805 2964/3466/2964 1804/3492/1804
f 2985/3491/2985 2986/3493/2986 2987/3494/2987
f 2988/3495/2988 2972/3477/2972 2989/3496/2989
f 2771/3417/2771 2755/3497/2755 2924/3410/2924
f 2968/3472/2968 2922/3408/2922 2990/3498/2990
f 2971/3476/2971 1804/3492/1804 2964/3466/2964
f 2922/3408/2922 2967/3471/2967 2945/3443/2945
f 2982/3488/2982 1768/3499/1768 2991/3500/2991
f 2963/3465/2963 2934/3425/2934 2942/3437/2942
f 2921/3407/2921 2979/3485/2979 2988/3495/2988
f 2992/3501/2992 2993/3502/2993 2994/3503/2994
f 2955/3453/2955 2938/3432/2938 2920/3406/2920
f 2994/3503/2994 2993/3502/2993 2983/3489/2983
f 2763/3431/2763 2933/3423/2933 2757/3422/2757
f 2995/3504/2995 2953/3451/2953 2952/3450/2952
f 2980/3486/2980 2996/3505/2996 2997/3506/2997
f 2960/3459/2960 2750/3458/2750 2997/3506/2997
f 2962/3463/2962 2978/3484/2978 2998/3507/2998
f 2999/3508/2999 2953/3451/2953 2973/3479/2973
f 3000/3509/3000 3001/3510/3001 3002/3511/3002
f 3003/3512/3003 2968/3472/2968 3004/3513/3004
f 3000/3509/3000 3002/3511/3002 3004/3513/3004
f 2943/3440/2943 2969/3473/2969 3002/3511/3002
f 3005/3514/3005 3006/3515/3006 3007/3516/3007
f 3002/3511/3002 2959/3457/2959 2943/3440/2943
f 2969/3473/2969 2968/3472/2968 3003/3512/3003
f 3004/3513/3004 3002/3511/3002 3003/3512/3003
f 3002/3511/3002 2969/3473/2969 3003/3512/3003
f 3008/3517/3008 3000/3509/3000 3007/3516/3007
f 2959/3457/2959 3009/3518/3009 1809/3470/1809
f 2968/3472/2968 3006/3515/3006 3004/3513/3004
f 3004/3513/3004 3005/3514/3005 3000/3509/3000
f 2981/3487/2981 2980/3486/2980 2997/3506/2997
f 3005/3514/3005 3004/3513/3004 3006/3515/3006
f 3002/3511/3002 3001/3510/3001 2959/3457/2959
f 3008/3517/3008 3001/3510/3001 3000/3509/3000
f 3007/3516/3007 3000/3509/3000 3005/3514/3005
f 1786/3519/1786 3001/3510/3001 3008/3517/3008
f 1786/3519/1786 3008/3517/3008 3007/3516/3007
f 2938/3432/2938 2979/3485/2979 2920/3406/2920
f 2950/3448/2950 2927/3415/2927 2970/3474/2970
f 3010/3520/3010 3011/3521/3011 2998/3507/2998
f 2963/3465/2963 2942/3437/2942 2972/3477/2972
f 2925/3411/2925 2945/3443/2945 2923/3409/2923
f 3012/3522/3012 3013/3523/3013 3014/3524/3014
f 3015/3525/3015 3012/3522/3012 1746/3526/1746
f 2999/3508/2999 2950/3448/2950 2970/3474/2970
f 2945/3443/2945 2973/3479/2973 2953/3451/2953
f 2945/3443/2945 2995/3504/2995 2923/3409/2923
f 2927/3415/2927 2717/3527/2717 2970/3474/2970
f 2965/3467/2965 1802/3469/1802 3014/3524/3014
f 2735/3528/2735 2960/3459/2960 2976/3482/2976
f 2990/3498/2990 2922/3408/2922 2921/3407/2921
f 2989/3496/2989 2972/3477/2972 1376/3436/1376
f 3016/3529/3016 2989/3496/2989 1376/3436/1376
f 1296/3530/1296 3017/3531/3017 3016/3529/3016
f 2961/3461/2961 3018/3532/3018 3019/3533/3019
f 1340/3534/1340 3017/3531/3017 1296/3530/1296
f 2963/3465/2963 2940/3434/2940 2934/3425/2934
f 2937/3430/2937 2949/3447/2949 2957/3455/2957
f 2972/3477/2972 2941/3435/2941 2963/3465/2963
f 3017/3531/3017 2989/3496/2989 3016/3529/3016
f 3017/3531/3017 1340/3534/1340 1351/3535/1351
f 3001/3510/3001 3009/3518/3009 2959/3457/2959
f 2972/3477/2972 2988/3495/2988 2979/3485/2979
f 2989/3496/2989 3020/3536/3020 2988/3495/2988
f 2998/3507/2998 2978/3484/2978 2977/3483/2977
f 2971/3476/2971 1832/3464/1832 1804/3492/1804
f 2975/3481/2975 2950/3448/2950 2999/3508/2999
f 2972/3477/2972 2938/3432/2938 2941/3435/2941
f 2958/3456/2958 2943/3440/2943 2944/3442/2944
f 2984/3490/2984 2989/3496/2989 3017/3531/3017
f 2980/3486/2980 2982/3488/2982 3010/3520/3010
f 2985/3491/2985 3017/3531/3017 1351/3535/1351
f 1853/3537/1853 2981/3487/2981 2997/3506/2997
f 2984/3490/2984 3020/3536/3020 2989/3496/2989
f 2928/3416/2928 2949/3447/2949 2937/3430/2937
f 1351/3535/1351 2986/3493/2986 2985/3491/2985
f 2763/3431/2763 2939/3433/2939 2941/3435/2941
f 2935/3428/2935 2956/3454/2956 2971/3476/2971
f 2964/3466/2964 2577/3439/2577 2936/3429/2936
f 2982/3488/2982 2981/3487/2981 1854/3538/1854
f 2921/3407/2921 2920/3406/2920 2979/3485/2979
f 3021/3539/3021 2921/3407/2921 2988/3495/2988
f 2955/3453/2955 2933/3423/2933 2938/3432/2938
f 2984/3490/2984 2993/3502/2993 3020/3536/3020
f 2986/3493/2986 1351/3535/1351 3022/3540/3022
f 2997/3506/2997 2750/3458/2750 1853/3537/1853
f 2956/3454/2956 2957/3455/2957 2944/3442/2944
f 3022/3540/3022 1351/3535/1351 1352/3541/1352
f 2552/3438/2552 2932/3421/2932 2936/3429/2936
f 2732/3475/2732 2771/3417/2771 2952/3450/2952
f 2606/3542/2606 1853/3537/1853 2750/3458/2750
f 3021/3539/3021 2992/3501/2992 2930/3419/2930
f 2931/3420/2931 2930/3419/2930 3023/3543/3023
f 2983/3489/2983 2993/3502/2993 2984/3490/2984
f 2985/3491/2985 3024/3544/3024 2983/3489/2983
f 3021/3539/3021 3020/3536/3020 2992/3501/2992
f 2960/3459/2960 2997/3506/2997 2996/3505/2996
f 2986/3493/2986 2961/3461/2961 2987/3494/2987
f 1313/3462/1313 3022/3540/3022 1352/3541/1352
f 3021/3539/3021 2930/3419/2930 3025/3545/3025
f 3025/3545/3025 3026/3546/3026 2921/3407/2921
f 2930/3419/2930 2992/3501/2992 2994/3503/2994
f 2982/3488/2982 1854/3538/1854 1769/3547/1769
f 3024/3544/3024 2985/3491/2985 3019/3533/3019
f 2994/3503/2994 2983/3489/2983 3024/3544/3024
f 3022/3540/3022 1313/3462/1313 2961/3461/2961
f 2987/3494/2987 2961/3461/2961 3019/3533/3019
f 2921/3407/2921 3026/3546/3026 2990/3498/2990
f 3013/3523/3013 3026/3546/3026 3025/3545/3025
f 2994/3503/2994 3023/3543/3023 2930/3419/2930
f 3024/3544/3024 3019/3533/3019 3018/3532/3018
f 3023/3543/3023 2994/3503/2994 3024/3544/3024
f 1312/3548/1312 2962/3463/2962 1313/3462/1313
f 3006/3515/3006 2968/3472/2968 2990/3498/2990
f 2976/3482/2976 2960/3459/2960 2977/3483/2977
f 3026/3546/3026 3027/3549/3027 2990/3498/2990
f 3013/3523/3013 3025/3545/3025 3028/3550/3028
f 3028/3550/3028 2930/3419/2930 2929/3418/2929
f 3026/3546/3026 3013/3523/3013 3027/3549/3027
f 3029/3551/3029 3024/3544/3024 3018/3532/3018
f 3014/3524/3014 3030/3552/3030 2965/3467/2965
f 3023/3543/3023 3024/3544/3024 3029/3551/3029
f 2961/3461/2961 2962/3463/2962 3018/3532/3018
f 3031/3553/3031 3028/3550/3028 2929/3418/2929
f 3012/3522/3012 3027/3549/3027 3013/3523/3013
f 2744/3554/2744 2976/3482/2976 2978/3484/2978
f 3023/3543/3023 3029/3551/3029 2931/3420/2931
f 3029/3551/3029 3018/3532/3018 3011/3521/3011
f 3018/3532/3018 2962/3463/2962 2998/3507/2998
f 3027/3549/3027 3012/3522/3012 3006/3515/3006
f 3031/3553/3031 2929/3418/2929 2931/3420/2931
f 2931/3420/2931 3029/3551/3029 3032/3555/3032
f 3029/3551/3029 3011/3521/3011 3032/3555/3032
f 3018/3532/3018 2998/3507/2998 3011/3521/3011
f 3006/3515/3006 3012/3522/3012 3015/3525/3015
f 3032/3555/3032 3033/3556/3033 3031/3553/3031
f 3013/3523/3013 3033/3556/3033 3030/3552/3030
f 2931/3420/2931 3032/3555/3032 3031/3553/3031
f 1799/3557/1799 3012/3522/3012 3014/3524/3014
f 3030/3552/3030 3014/3524/3014 3013/3523/3013
f 3032/3555/3032 3011/3521/3011 3010/3520/3010
f 2981/3487/2981 1855/3558/1855 1854/3538/1854
f 3006/3515/3006 3015/3525/3015 3007/3516/3007
f 3033/3556/3033 3032/3555/3032 2982/3488/2982
f 2976/3482/2976 2744/3554/2744 2735/3528/2735
f 3033/3556/3033 2966/3468/2966 3030/3552/3030
f 1855/3558/1855 2981/3487/2981 1853/3537/1853
f 3014/3524/3014 1802/3469/1802 1799/3557/1799
f 1799/3557/1799 1746/3526/1746 3012/3522/3012
f 3010/3520/3010 2982/3488/2982 3032/3555/3032
f 1746/3526/1746 3007/3516/3007 3015/3525/3015
f 1960/3559/1960 2744/3554/2744 2978/3484/2978
f 2991/3500/2991 3033/3556/3033 2982/3488/2982
f 2991/3500/2991 2966/3468/2966 3033/3556/3033
f 1746/3526/1746 1786/3519/1786 3007/3516/3007
f 2962/3463/2962 1312/3548/1312 2978/3484/2978
f 1768/3499/1768 2966/3468/2966 2991/3500/2991
f 2940/3434/2940 2763/3431/2763 2773/3426/2773
f 2930/3419/2930 3028/3550/3028 3025/3545/3025
f 1768/3499/1768 2982/3488/2982 1769/3547/1769
f 1802/3469/1802 2966/3468/2966 1803/3560/1803
f 1768/3499/1768 1803/3560/1803 2966/3468/2966
f 2998/3507/2998 2977/3483/2977 2996/3505/2996
f 3025/3545/3025 2921/3407/2921 3021/3539/3021
f 2948/3446/2948 2958/3456/2958 2957/3455/2957
f 3001/3510/3001 1786/3519/1786 1750/3561/1750
f 1822/3562/1822 3001/3510/3001 1750/3561/1750
f 1822/3562/1822 3009/3518/3009 3001/3510/3001
f 3034/3563/3034 2948/3446/2948 2947/3445/2947
f 2755/3497/2755 2756/3424/2756 2924/3410/2924
f 2771/3417/2771 2995/3504/2995 2952/3450/2952
f 2955/3453/2955 2920/3406/2920 2946/3444/2946
f 2939/3433/2939 2763/3431/2763 2940/3434/2940
f 2949/3447/2949 2975/3481/2975 2947/3445/2947
f 1809/3470/1809 3009/3518/3009 1822/3562/1822
f 2960/3459/2960 2996/3505/2996 2977/3483/2977
f 2933/3423/2933 2954/3452/2954 2924/3410/2924
f 2996/3505/2996 2980/3486/2980 2998/3507/2998
f 3017/3531/3017 2985/3491/2985 2984/3490/2984
f 2970/3474/2970 2951/3449/2951 2999/3508/2999
f 2717/3527/2717 2927/3415/2927 2657/3414/2657
f 2967/3471/2967 2922/3408/2922 2968/3472/2968
f 2990/3498/2990 3027/3549/3027 3006/3515/3006
f 2961/3461/2961 2986/3493/2986 3022/3540/3022
f 2735/3528/2735 2751/3460/2751 2960/3459/2960
f 2974/3480/2974 2967/3471/2967 2969/3473/2969
f 2920/3406/2920 2922/3408/2922 2946/3444/2946
f 2993/3502/2993 2992/3501/2992 3020/3536/3020
f 2985/3491/2985 2987/3494/2987 3019/3533/3019
f 3028/3550/3028 3031/3553/3031 3013/3523/3013
f 3021/3539/3021 2988/3495/2988 3020/3536/3020
f 2771/3417/2771 2923/3409/2923 2995/3504/2995
f 2966/3468/2966 2965/3467/2965 3030/3552/3030
f 2978/3484/2978 1312/3548/1312 1960/3559/1960
f 2950/3448/2950 2975/3481/2975 2949/3447/2949
f 3013/3523/3013 3031/3553/3031 3033/3556/3033
f 2974/3480/2974 2947/3445/2947 2975/3481/2975
f 3034/3563/3034 2969/3473/2969 2943/3440/2943
f 2927/3415/2927 2949/3447/2949 2928/3416/2928
f 2945/3443/2945 2925/3411/2925 2946/3444/2946
f 1376/3436/1376 1296/3530/1296 3016/3529/3016
f 2951/3449/2951 2732/3475/2732 2952/3450/2952
f 2973/3479/2973 2967/3471/2967 2974/3480/2974
f 3034/3563/3034 2947/3445/2947 2974/3480/2974
f 2945/3443/2945 2967/3471/2967 2973/3479/2973
f 2954/3452/2954 2933/3423/2933 2955/3453/2955
f 2974/3480/2974 2969/3473/2969 3034/3563/3034
f 2995/3504/2995 2945/3443/2945 2953/3451/2953
f 3034/3563/3034 2943/3440/2943 2958/3456/2958
f 2973/3479/2973 2975/3481/2975 2999/3508/2999
f 2998/3507/2998 2980/3486/2980 3010/3520/3010
f 2999/3508/2999 2951/3449/2951 2953/3451/2953
f 2732/3475/2732 2970/3474/2970 2717/3527/2717
f 2957/3455/2957 2949/3447/2949 2948/3446/2948
f 3034/3563/3034 2958/3456/2958 2948/3446/2948
f 3035/3564/3035 3036/3565/3036 3037/3566/3037
f 1901/3567/1901 3035/3564/3035 1920/3568/1920
f 3038/3569/3038 3039/3570/3039 1918/3571/1918
f 3038/3569/3038 3040/3572/3040 3037/3566/3037
f 3041/3573/3041 3042/3574/3042 3043/3575/3043
f 3042/3574/3042 3044/3576/3044 3045/3577/3045
f 1918/3571/1918 1920/3568/1920 3040/3572/3040
f 3039/3570/3039 3038/3569/3038 3046/3578/3046
f 1918/3571/1918 3040/3572/3040 3038/3569/3038
f 3041/3573/3041 3043/3575/3043 3047/3579/3047
f 3047/3579/3047 3046/3578/3046 3041/3573/3041
f 3041/3573/3041 3046/3578/3046 3048/3580/3048
f 3040/3572/3040 1920/3568/1920 3035/3564/3035
f 3048/3580/3048 3046/3578/3046 3038/3569/3038
f 3048/3580/3048 3049/3581/3049 3041/3573/3041
f 3035/3564/3035 3037/3566/3037 3040/3572/3040
f 3048/3580/3048 3038/3569/3038 3036/3565/3036
f 3037/3566/3037 3036/3565/3036 3038/3569/3038
f 3050/3582/3050 3036/3565/3036 3051/3583/3051
f 3049/3581/3049 3042/3574/3042 3041/3573/3041
f 3048/3580/3048 3050/3582/3050 3049/3581/3049
f 1901/3567/1901 3051/3583/3051 3035/3564/3035
f 3050/3582/3050 3048/3580/3048 3036/3565/3036
f 3044/3576/3044 3042/3574/3042 3049/3581/3049
f 3036/3565/3036 3035/3564/3035 3051/3583/3051
f 1949/3584/1949 3052/3585/3052 3053/3586/3053
f 3054/3587/3054 3055/3588/3055 3056/3589/3056
f 3057/3590/3057 3053/3586/3053 3058/3591/3058
f 3059/3592/3059 3060/3593/3060 3061/3594/3061
f 1306/3595/1306 3062/3596/3062 3063/3597/3063
f 3064/3598/3064 3065/3599/3065 3066/3600/3066
f 3053/3586/3053 3057/3590/3057 3067/3601/3067
f 1955/3602/1955 1949/3584/1949 3068/3603/3068
f 3052/3585/3052 3069/3604/3069 3058/3591/3058
f 3069/3604/3069 3052/3585/3052 1962/3605/1962
f 3070/3606/3070 3056/3589/3056 3059/3592/3059
f 3067/3601/3067 3060/3593/3060 3059/3592/3059
f 3057/3590/3057 3058/3591/3058 3071/3607/3071
f 1962/3605/1962 3052/3585/3052 1948/3608/1948
f 3068/3603/3068 1949/3584/1949 3072/3609/3072
f 3055/3588/3055 3054/3587/3054 3066/3600/3066
f 3053/3586/3053 3052/3585/3052 3058/3591/3058
f 3068/3603/3068 3073/3610/3073 3074/3611/3074
f 3075/3612/3075 3076/3613/3076 3071/3607/3071
f 3066/3600/3066 3065/3599/3065 3077/3614/3077
f 3078/3615/3078 3076/3613/3076 3075/3612/3075
f 3079/3616/3079 3080/3617/3080 1905/3618/1905
f 3068/3603/3068 3074/3611/3074 1955/3602/1955
f 3081/3619/3081 3082/3620/3082 3083/3621/3083
f 3060/3593/3060 3071/3607/3071 3076/3613/3076
f 3058/3591/3058 3084/3622/3084 3071/3607/3071
f 3073/3610/3073 3079/3616/3079 3074/3611/3074
f 3077/3614/3077 3055/3588/3055 3066/3600/3066
f 3071/3607/3071 3060/3593/3060 3057/3590/3057
f 3078/3615/3078 3061/3594/3061 3076/3613/3076
f 3069/3604/3069 3084/3622/3084 3058/3591/3058
f 3074/3611/3074 3079/3616/3079 1904/3623/1904
f 1904/3623/1904 3079/3616/3079 1905/3618/1905
f 1904/3623/1904 1955/3602/1955 3074/3611/3074
f 3060/3593/3060 3076/3613/3076 3061/3594/3061
f 3077/3614/3077 3085/3624/3085 3079/3616/3079
f 3073/3610/3073 3077/3614/3077 3079/3616/3079
f 3055/3588/3055 3073/3610/3073 3068/3603/3068
f 1949/3584/1949 1948/3608/1948 3052/3585/3052
f 3084/3622/3084 3069/3604/3069 1894/3625/1894
f 3053/3586/3053 3067/3601/3067 3072/3609/3072
f 3055/3588/3055 3068/3603/3068 3072/3609/3072
f 3064/3598/3064 3081/3619/3081 3065/3599/3065
f 3069/3604/3069 1962/3605/1962 1894/3625/1894
f 3086/3626/3086 3063/3597/3063 3062/3596/3062
f 1370/3627/1370 1369/3628/1369 3063/3597/3063
f 3071/3607/3071 3087/3629/3087 3075/3612/3075
f 3056/3589/3056 3055/3588/3055 3067/3601/3067
f 3087/3629/3087 3084/3622/3084 3063/3597/3063
f 3067/3601/3067 3059/3592/3059 3056/3589/3056
f 3087/3629/3087 3063/3597/3063 3086/3626/3086
f 3085/3624/3085 3080/3617/3080 3079/3616/3079
f 3084/3622/3084 1894/3625/1894 1370/3627/1370
f 3059/3592/3059 3061/3594/3061 3070/3606/3070
f 3073/3610/3073 3055/3588/3055 3077/3614/3077
f 3065/3599/3065 3085/3624/3085 3077/3614/3077
f 3080/3617/3080 1907/3630/1907 1905/3618/1905
f 3070/3606/3070 3061/3594/3061 3088/3631/3088
f 3072/3609/3072 1949/3584/1949 3053/3586/3053
f 3087/3629/3087 3086/3626/3086 3075/3612/3075
f 3067/3601/3067 3055/3588/3055 3072/3609/3072
f 3063/3597/3063 3084/3622/3084 1370/3627/1370
f 3085/3624/3085 3065/3599/3065 3080/3617/3080
f 3071/3607/3071 3084/3622/3084 3087/3629/3087
f 3065/3599/3065 3083/3621/3083 3080/3617/3080
f 3060/3593/3060 3067/3601/3067 3057/3590/3057
f 3081/3619/3081 3083/3621/3083 3065/3599/3065
f 3063/3597/3063 1369/3628/1369 1306/3595/1306
f 3082/3620/3082 1907/3630/1907 3080/3617/3080
f 3080/3617/3080 3083/3621/3083 3082/3620/3082
f 3062/3596/3062 1306/3595/1306 2370/3632/2370
f 3089/3633/3089 3090/3634/3090 3091/3635/3091
f 3092/3636/3092 3093/3637/3093 3094/3638/3094
f 3095/3639/3095 3096/3640/3096 3097/3641/3097
f 3070/3606/3070 3093/3637/3093 3098/3642/3098
f 3050/3582/3050 3099/3643/3099 3100/3644/3100
f 3101/3645/3101 3102/3646/3102 3103/3647/3103
f 3104/3648/3104 3090/3634/3090 3105/3649/3105
f 3106/3650/3106 3107/3651/3107 3108/3652/3108
f 3109/3653/3109 3110/3654/3110 3111/3655/3111
f 3112/3656/3112 3066/3600/3066 3054/3587/3054
f 3113/3657/3113 3114/3658/3114 3096/3640/3096
f 3115/3659/3115 3116/3660/3116 3090/3634/3090
f 3081/3619/3081 3064/3598/3064 3117/3661/3117
f 3118/3662/3118 3119/3663/3119 3120/3664/3120
f 3121/3665/3121 3122/3666/3122 3123/3667/3123
f 3124/3668/3124 3108/3652/3108 3125/3669/3125
f 3126/3670/3126 3121/3665/3121 3127/3671/3127
f 3128/3672/3128 3064/3598/3064 3129/3673/3129
f 3099/3643/3099 3051/3583/3051 3130/3674/3130
f 3131/3675/3131 3128/3672/3128 3129/3673/3129
f 3132/3676/3132 3094/3638/3094 3093/3637/3093
f 3125/3669/3125 3108/3652/3108 3092/3636/3092
f 3133/3677/3133 3134/3678/3134 3135/3679/3135
f 3136/3680/3136 3137/3681/3137 3138/3682/3138
f 3135/3679/3135 3139/3683/3139 3131/3675/3131
f 3140/3684/3140 3115/3659/3115 3089/3633/3089
f 3141/3685/3141 3123/3667/3123 3122/3666/3122
f 3142/3686/3142 3143/3687/3143 3115/3659/3115
f 3106/3650/3106 3108/3652/3108 3144/3688/3144
f 3141/3685/3141 3130/3674/3130 3145/3689/3145
f 3146/3690/3146 3111/3655/3111 3044/3576/3044
f 3090/3634/3090 3116/3660/3116 3105/3649/3105
f 3122/3666/3122 3130/3674/3130 3141/3685/3141
f 1907/3630/1907 3082/3620/3082 1906/3691/1906
f 3098/3642/3098 3147/3692/3147 3056/3589/3056
f 3145/3689/3145 1901/3567/1901 1900/3693/1900
f 3093/3637/3093 3088/3631/3088 3132/3676/3132
f 3050/3582/3050 3051/3583/3051 3099/3643/3099
f 3098/3642/3098 3056/3589/3056 3070/3606/3070
f 3113/3657/3113 3101/3645/3101 3103/3647/3103
f 3054/3587/3054 3147/3692/3147 3112/3656/3112
f 3143/3687/3143 3148/3694/3148 3149/3695/3149
f 3150/3696/3150 3140/3684/3140 3126/3670/3126
f 3151/3697/3151 3148/3694/3148 3143/3687/3143
f 3125/3669/3125 3092/3636/3092 3094/3638/3094
f 3149/3695/3149 3148/3694/3148 3144/3688/3144
f 3104/3648/3104 3105/3649/3105 2003/3698/2003
f 3112/3656/3112 3147/3692/3147 3152/3699/3152
f 3153/3700/3153 3154/3701/3154 3155/3702/3155
f 3156/3703/3156 3120/3664/3120 3119/3663/3119
f 3098/3642/3098 3107/3651/3107 3147/3692/3147
f 3115/3659/3115 3143/3687/3143 3149/3695/3149
f 3103/3647/3103 3102/3646/3102 3110/3654/3110
f 3157/3704/3157 3127/3671/3127 3123/3667/3123
f 3092/3636/3092 3107/3651/3107 3093/3637/3093
f 3107/3651/3107 3092/3636/3092 3108/3652/3108
f 3054/3587/3054 3056/3589/3056 3147/3692/3147
f 3121/3665/3121 3123/3667/3123 3127/3671/3127
f 3093/3637/3093 3107/3651/3107 3098/3642/3098
f 3101/3645/3101 3113/3657/3113 3096/3640/3096
f 3120/3664/3120 3137/3681/3137 3118/3662/3118
f 3091/3635/3091 3158/3705/3158 3097/3641/3097
f 3159/3706/3159 3133/3677/3133 3135/3679/3135
f 3144/3688/3144 3148/3694/3148 3106/3650/3106
f 3160/3707/3160 3149/3695/3149 3144/3688/3144
f 3110/3654/3110 3102/3646/3102 3161/3708/3161
f 3113/3657/3113 3109/3653/3109 3114/3658/3114
f 3152/3699/3152 3147/3692/3147 3107/3651/3107
f 3152/3699/3152 3106/3650/3106 3151/3697/3151
f 3151/3697/3151 3106/3650/3106 3148/3694/3148
f 3160/3707/3160 3116/3660/3116 3149/3695/3149
f 3151/3697/3151 3162/3709/3162 3152/3699/3152
f 3149/3695/3149 3116/3660/3116 3115/3659/3115
f 3113/3657/3113 3103/3647/3103 3109/3653/3109
f 3163/3710/3163 3112/3656/3112 3152/3699/3152
f 3163/3710/3163 3152/3699/3152 3162/3709/3162
f 3066/3600/3066 3112/3656/3112 3129/3673/3129
f 3159/3706/3159 3162/3709/3162 3151/3697/3151
f 3143/3687/3143 3159/3706/3159 3151/3697/3151
f 3105/3649/3105 3116/3660/3116 3164/3711/3164
f 3129/3673/3129 3112/3656/3112 3163/3710/3163
f 3163/3710/3163 3162/3709/3162 3129/3673/3129
f 3159/3706/3159 3131/3675/3131 3162/3709/3162
f 3142/3686/3142 3150/3696/3150 3133/3677/3133
f 3153/3700/3153 3165/3712/3165 3117/3661/3117
f 3090/3634/3090 3089/3633/3089 3115/3659/3115
f 3119/3663/3119 3118/3662/3118 3126/3670/3126
f 3129/3673/3129 3064/3598/3064 3066/3600/3066
f 3162/3709/3162 3131/3675/3131 3129/3673/3129
f 3131/3675/3131 3159/3706/3159 3135/3679/3135
f 3159/3706/3159 3142/3686/3142 3133/3677/3133
f 3105/3649/3105 2026/3713/2026 2003/3698/2003
f 3164/3711/3164 3116/3660/3116 3160/3707/3160
f 3090/3634/3090 3104/3648/3104 3091/3635/3091
f 3089/3633/3089 3156/3703/3156 3140/3684/3140
f 3166/3714/3166 3167/3715/3167 3141/3685/3141
f 3119/3663/3119 3126/3670/3126 3140/3684/3140
f 3089/3633/3089 3091/3635/3091 3097/3641/3097
f 3128/3672/3128 3117/3661/3117 3064/3598/3064
f 3131/3675/3131 3139/3683/3139 3128/3672/3128
f 3135/3679/3135 3167/3715/3167 3139/3683/3139
f 3140/3684/3140 3150/3696/3150 3142/3686/3142
f 3150/3696/3150 3126/3670/3126 3127/3671/3127
f 3105/3649/3105 3164/3711/3164 2026/3713/2026
f 3157/3704/3157 3133/3677/3133 3150/3696/3150
f 3104/3648/3104 3158/3705/3158 3091/3635/3091
f 3107/3651/3107 3106/3650/3106 3152/3699/3152
f 3104/3648/3104 2003/3698/2003 3158/3705/3158
f 3093/3637/3093 3070/3606/3070 3088/3631/3088
f 3168/3716/3168 3100/3644/3100 3099/3643/3099
f 3139/3683/3139 3167/3715/3167 3154/3701/3154
f 3115/3659/3115 3140/3684/3140 3142/3686/3142
f 3156/3703/3156 3119/3663/3119 3140/3684/3140
f 3156/3703/3156 3089/3633/3089 3114/3658/3114
f 3097/3641/3097 3096/3640/3096 3089/3633/3089
f 3153/3700/3153 3117/3661/3117 3128/3672/3128
f 3128/3672/3128 3139/3683/3139 3153/3700/3153
f 3121/3665/3121 3137/3681/3137 3100/3644/3100
f 3135/3679/3135 3134/3678/3134 3167/3715/3167
f 3123/3667/3123 3134/3678/3134 3133/3677/3133
f 3133/3677/3133 3157/3704/3157 3123/3667/3123
f 3157/3704/3157 3150/3696/3150 3127/3671/3127
f 3089/3633/3089 3096/3640/3096 3114/3658/3114
f 3138/3682/3138 3156/3703/3156 3114/3658/3114
f 3117/3661/3117 3165/3712/3165 3081/3619/3081
f 3159/3706/3159 3143/3687/3143 3142/3686/3142
f 3154/3701/3154 3153/3700/3153 3139/3683/3139
f 3154/3701/3154 3167/3715/3167 3166/3714/3166
f 3141/3685/3141 3167/3715/3167 3134/3678/3134
f 3124/3668/3124 3144/3688/3144 3108/3652/3108
f 3123/3667/3123 3141/3685/3141 3134/3678/3134
f 3156/3703/3156 3138/3682/3138 3120/3664/3120
f 3121/3665/3121 3100/3644/3100 3168/3716/3168
f 3109/3653/3109 3138/3682/3138 3114/3658/3114
f 3101/3645/3101 3096/3640/3096 3095/3639/3095
f 3165/3712/3165 3153/3700/3153 3155/3702/3155
f 3081/3619/3081 3165/3712/3165 3155/3702/3155
f 3110/3654/3110 3109/3653/3109 3103/3647/3103
f 3154/3701/3154 3166/3714/3166 3155/3702/3155
f 3126/3670/3126 3118/3662/3118 3121/3665/3121
f 3137/3681/3137 3120/3664/3120 3138/3682/3138
f 3109/3653/3109 3169/3717/3169 3138/3682/3138
f 3170/3718/3170 3161/3708/3161 3102/3646/3102
f 3155/3702/3155 3082/3620/3082 3081/3619/3081
f 3141/3685/3141 3145/3689/3145 3166/3714/3166
f 1900/3693/1900 3155/3702/3155 3166/3714/3166
f 3118/3662/3118 3137/3681/3137 3121/3665/3121
f 3169/3717/3169 3136/3680/3136 3138/3682/3138
f 3109/3653/3109 3111/3655/3111 3169/3717/3169
f 3082/3620/3082 3155/3702/3155 1906/3691/1906
f 1900/3693/1900 3166/3714/3166 3145/3689/3145
f 1900/3693/1900 1913/3719/1913 3155/3702/3155
f 3122/3666/3122 3121/3665/3121 3168/3716/3168
f 3122/3666/3122 3168/3716/3168 3130/3674/3130
f 3100/3644/3100 3137/3681/3137 3136/3680/3136
f 3146/3690/3146 3136/3680/3136 3169/3717/3169
f 3169/3717/3169 3111/3655/3111 3146/3690/3146
f 1906/3691/1906 3155/3702/3155 1913/3719/1913
f 3145/3689/3145 3130/3674/3130 3051/3583/3051
f 3130/3674/3130 3168/3716/3168 3099/3643/3099
f 3136/3680/3136 3146/3690/3146 3100/3644/3100
f 3044/3576/3044 3111/3655/3111 3110/3654/3110
f 3051/3583/3051 1901/3567/1901 3145/3689/3145
f 3100/3644/3100 3146/3690/3146 3049/3581/3049
f 3161/3708/3161 3044/3576/3044 3110/3654/3110
f 3146/3690/3146 3044/3576/3044 3049/3581/3049
f 3049/3581/3049 3050/3582/3050 3100/3644/3100
f 3045/3577/3045 3044/3576/3044 3161/3708/3161
f 3161/3708/3161 3170/3718/3170 3045/3577/3045
f 2005/3720/2005 3158/3705/3158 2003/3698/2003
f 2005/3720/2005 3171/3721/3171 3158/3705/3158
f 3095/3639/3095 3097/3641/3097 3171/3721/3171
f 3097/3641/3097 3158/3705/3158 3171/3721/3171
f 1308/3722/1308 2370/3632/2370 1306/3595/1306
f 2370/3632/2370 1308/3722/1308 2388/3723/2388
f 3172/3724/3172 3173/3725/3173 3174/3726/3174
f 3175/3727/3175 3176/3728/3176 3172/3724/3172
f 3177/3729/3177 3178/3730/3178 3179/3731/3179
f 3180/3732/3180 3181/3733/3181 3182/3734/3182
f 3173/3725/3173 3172/3724/3172 3176/3728/3176
f 3176/3728/3176 3177/3729/3177 3183/3735/3183
f 3184/3736/3184 3181/3733/3181 3185/3737/3185
f 3176/3728/3176 3185/3737/3185 3173/3725/3173
f 3177/3729/3177 3175/3727/3175 3186/3738/3186
f 3179/3731/3179 3187/3739/3187 3188/3740/3188
f 3176/3728/3176 3175/3727/3175 3177/3729/3177
f 3173/3725/3173 3185/3737/3185 3189/3741/3189
f 3177/3729/3177 3179/3731/3179 3183/3735/3183
f 3184/3736/3184 3185/3737/3185 3176/3728/3176
f 3176/3728/3176 3183/3735/3183 3184/3736/3184
f 3190/3742/3190 3191/3743/3191 3192/3744/3192
f 3193/3745/3193 2754/3746/2754 2752/3747/2752
f 3194/3748/3194 3195/3749/3195 3196/3750/3196
f 3197/3751/3197 3180/3732/3180 3182/3734/3182
f 2480/3752/2480 2460/3753/2460 3192/3744/3192
f 1924/3754/1924 3198/3755/3198 2752/3747/2752
f 3199/3756/3199 3197/3751/3197 3200/3757/3200
f 3201/3758/3201 3202/3759/3202 3199/3756/3199
f 3198/3755/3198 3193/3745/3193 2752/3747/2752
f 3202/3759/3202 3203/3760/3203 3199/3756/3199
f 3197/3751/3197 3204/3761/3204 3205/3762/3205
f 3201/3758/3201 3193/3745/3193 3202/3759/3202
f 1882/3763/1882 3198/3755/3198 1924/3754/1924
f 3182/3734/3182 3200/3757/3200 3197/3751/3197
f 3206/3764/3206 3200/3757/3200 3182/3734/3182
f 3202/3759/3202 3193/3745/3193 3198/3755/3198
f 3197/3751/3197 3203/3760/3203 3207/3765/3207
f 3202/3759/3202 3208/3766/3208 3203/3760/3203
f 3204/3761/3204 3207/3765/3207 3209/3767/3209
f 3198/3755/3198 3208/3766/3208 3202/3759/3202
f 3208/3766/3208 3207/3765/3207 3203/3760/3203
f 3201/3758/3201 3206/3764/3206 3210/3768/3210
f 3194/3748/3194 3211/3769/3211 3195/3749/3195
f 3212/3770/3212 3213/3771/3213 3211/3769/3211
f 3203/3760/3203 3197/3751/3197 3199/3756/3199
f 3205/3762/3205 3214/3772/3214 3215/3773/3215
f 3198/3755/3198 3195/3749/3195 3208/3766/3208
f 3213/3771/3213 3209/3767/3209 3207/3765/3207
f 3214/3772/3214 3204/3761/3204 3209/3767/3209
f 3205/3762/3205 3204/3761/3204 3214/3772/3214
f 3208/3766/3208 3195/3749/3195 3211/3769/3211
f 3212/3770/3212 3194/3748/3194 3216/3774/3216
f 3216/3774/3216 3217/3775/3217 3218/3776/3218
f 3194/3748/3194 3212/3770/3212 3211/3769/3211
f 3219/3777/3219 3220/3778/3220 2679/3779/2679
f 3186/3738/3186 3221/3780/3221 2499/3781/2499
f 3211/3769/3211 3213/3771/3213 3207/3765/3207
f 3213/3771/3213 3212/3770/3212 3218/3776/3218
f 3204/3761/3204 3197/3751/3197 3207/3765/3207
f 3215/3773/3215 3180/3732/3180 3205/3762/3205
f 3216/3774/3216 3218/3776/3218 3212/3770/3212
f 1882/3763/1882 3195/3749/3195 3198/3755/3198
f 3194/3748/3194 3196/3750/3196 3216/3774/3216
f 3199/3756/3199 3200/3757/3200 3206/3764/3206
f 3197/3751/3197 3205/3762/3205 3180/3732/3180
f 3209/3767/3209 3213/3771/3213 3218/3776/3218
f 3191/3743/3191 2480/3752/2480 3192/3744/3192
f 3201/3758/3201 3222/3782/3222 3193/3745/3193
f 3222/3782/3222 3219/3777/3219 3193/3745/3193
f 3196/3750/3196 1919/3783/1919 3217/3775/3217
f 3217/3775/3217 3216/3774/3216 3196/3750/3196
f 3223/3784/3223 3178/3730/3178 3224/3785/3224
f 2723/3786/2723 2725/3787/2725 3220/3778/3220
f 3225/3788/3225 2724/3789/2724 2723/3786/2723
f 2725/3787/2725 2679/3779/2679 3220/3778/3220
f 2728/3790/2728 2724/3789/2724 3225/3788/3225
f 3226/3791/3226 2723/3786/2723 3220/3778/3220
f 2723/3786/2723 3226/3791/3226 3225/3788/3225
f 2728/3790/2728 3225/3788/3225 3227/3792/3227
f 3227/3792/3227 2730/3793/2730 2728/3790/2728
f 3228/3794/3228 3229/3795/3229 3230/3796/3230
f 3209/3767/3209 3218/3776/3218 3230/3796/3230
f 3231/3797/3231 3232/3798/3232 3233/3799/3233
f 1322/3800/1322 3234/3801/3234 3232/3798/3232
f 3230/3796/3230 3214/3772/3214 3209/3767/3209
f 3235/3802/3235 3236/3803/3236 3237/3804/3237
f 3238/3805/3238 3236/3803/3236 3239/3806/3239
f 3231/3797/3231 3240/3807/3240 3232/3798/3232
f 3047/3808/3047 3241/3809/3241 3242/3810/3242
f 3241/3809/3241 3047/3808/3047 3174/3726/3174
f 3243/3811/3243 3244/3812/3244 3232/3798/3232
f 3228/3794/3228 3245/3813/3245 3229/3795/3229
f 3047/3808/3047 3242/3810/3242 3046/3814/3046
f 3245/3813/3245 3218/3776/3218 3217/3775/3217
f 3192/3744/3192 3246/3815/3246 3190/3742/3190
f 3174/3726/3174 3189/3741/3189 3241/3809/3241
f 3241/3809/3241 3229/3795/3229 3242/3810/3242
f 3247/3816/3247 3231/3797/3231 3227/3792/3227
f 3214/3772/3214 3241/3809/3241 3189/3741/3189
f 3245/3813/3245 1918/3817/1918 3229/3795/3229
f 1322/3800/1322 1323/3818/1323 3234/3801/3234
f 3245/3813/3245 3217/3775/3217 1919/3783/1919
f 3241/3809/3241 3230/3796/3230 3229/3795/3229
f 3227/3792/3227 3233/3799/3233 2730/3793/2730
f 3248/3819/3248 3249/3820/3249 3244/3812/3244
f 2730/3793/2730 3233/3799/3233 1323/3818/1323
f 1919/3783/1919 1918/3817/1918 3245/3813/3245
f 3241/3809/3241 3214/3772/3214 3230/3796/3230
f 3242/3810/3242 3250/3821/3250 3046/3814/3046
f 1328/3822/1328 1322/3800/1322 3249/3820/3249
f 3250/3821/3250 3039/3823/3039 3046/3814/3046
f 3251/3824/3251 3172/3724/3172 3174/3726/3174
f 3232/3798/3232 3249/3820/3249 1322/3800/1322
f 3229/3795/3229 1918/3817/1918 3039/3823/3039
f 3039/3823/3039 3250/3821/3250 3229/3795/3229
f 1323/3818/1323 3233/3799/3233 3234/3801/3234
f 1330/3825/1330 1331/3826/1331 3252/3827/3252
f 3174/3726/3174 3047/3808/3047 3251/3824/3251
f 3239/3806/3239 3240/3807/3240 3231/3797/3231
f 3233/3799/3233 3227/3792/3227 3231/3797/3231
f 3244/3812/3244 3249/3820/3249 3232/3798/3232
f 3245/3813/3245 3228/3794/3228 3218/3776/3218
f 3253/3828/3253 1325/3829/1325 3248/3819/3248
f 3252/3827/3252 1325/3829/1325 3253/3828/3253
f 3247/3816/3247 3239/3806/3239 3231/3797/3231
f 3240/3807/3240 3239/3806/3239 3235/3802/3235
f 3229/3795/3229 3250/3821/3250 3242/3810/3242
f 1331/3826/1331 1325/3829/1325 3252/3827/3252
f 3233/3799/3233 3232/3798/3232 3234/3801/3234
f 3214/3772/3214 3189/3741/3189 3215/3773/3215
f 3248/3819/3248 3244/3812/3244 3253/3828/3253
f 3243/3811/3243 3254/3830/3254 3244/3812/3244
f 3239/3806/3239 3236/3803/3236 3235/3802/3235
f 3240/3807/3240 3243/3811/3243 3232/3798/3232
f 3253/3828/3253 3244/3812/3244 3254/3830/3254
f 1328/3822/1328 3249/3820/3249 3248/3819/3248
f 3219/3777/3219 3226/3791/3226 3220/3778/3220
f 3255/3831/3255 3237/3804/3237 3236/3803/3236
f 3224/3785/3224 3178/3730/3178 3186/3738/3186
f 3255/3831/3255 3256/3832/3256 3237/3804/3237
f 2754/3746/2754 3219/3777/3219 2679/3779/2679
f 2469/3833/2469 3224/3785/3224 2499/3781/2499
f 2469/3833/2469 2476/3834/2476 3223/3784/3223
f 3193/3745/3193 3219/3777/3219 2754/3746/2754
f 3248/3819/3248 1325/3829/1325 1328/3822/1328
f 3228/3794/3228 3230/3796/3230 3218/3776/3218
f 3222/3782/3222 3201/3758/3201 3210/3768/3210
f 3207/3765/3207 3208/3766/3208 3211/3769/3211
f 3223/3784/3223 3224/3785/3224 2469/3833/2469
f 3206/3764/3206 3201/3758/3201 3199/3756/3199
f 2497/3835/2497 2499/3781/2499 3221/3780/3221
f 3222/3782/3222 3226/3791/3226 3219/3777/3219
f 3188/3740/3188 3257/3836/3257 3179/3731/3179
f 3188/3740/3188 3258/3837/3258 3257/3836/3257
f 3259/3838/3259 3258/3837/3258 3188/3740/3188
f 3210/3768/3210 3226/3791/3226 3222/3782/3222
f 3226/3791/3226 3210/3768/3210 3206/3764/3206
f 3260/3839/3260 3259/3838/3259 3188/3740/3188
f 3226/3791/3226 3261/3840/3261 3225/3788/3225
f 3257/3836/3257 3258/3837/3258 3262/3841/3262
f 3257/3836/3257 3263/3842/3263 3183/3735/3183
f 3262/3841/3262 3258/3837/3258 3259/3838/3259
f 3182/3734/3182 3264/3843/3264 3206/3764/3206
f 3265/3844/3265 3266/3845/3266 3184/3736/3184
f 3263/3842/3263 3265/3844/3265 3184/3736/3184
f 3267/3846/3267 3263/3842/3263 3268/3847/3268
f 3269/3848/3269 3192/3744/3192 2460/3753/2460
f 3261/3840/3261 3206/3764/3206 3264/3843/3264
f 3247/3816/3247 3227/3792/3227 3261/3840/3261
f 3263/3842/3263 3262/3841/3262 3268/3847/3268
f 2499/3781/2499 3224/3785/3224 3186/3738/3186
f 3238/3805/3238 3268/3847/3268 3262/3841/3262
f 3263/3842/3263 3267/3846/3267 3265/3844/3265
f 3264/3843/3264 3266/3845/3266 3270/3849/3270
f 3257/3836/3257 3262/3841/3262 3263/3842/3263
f 3238/3805/3238 3271/3850/3271 3268/3847/3268
f 3247/3816/3247 3261/3840/3261 3264/3843/3264
f 3259/3838/3259 3238/3805/3238 3262/3841/3262
f 3239/3806/3239 3271/3850/3271 3238/3805/3238
f 3267/3846/3267 3272/3851/3272 3247/3816/3247
f 3263/3842/3263 3184/3736/3184 3183/3735/3183
f 3225/3788/3225 3261/3840/3261 3227/3792/3227
f 3270/3849/3270 3265/3844/3265 3267/3846/3267
f 3239/3806/3239 3247/3816/3247 3272/3851/3272
f 3266/3845/3266 3264/3843/3264 3182/3734/3182
f 3257/3836/3257 3183/3735/3183 3179/3731/3179
f 3247/3816/3247 3264/3843/3264 3270/3849/3270
f 3265/3844/3265 3270/3849/3270 3266/3845/3266
f 3192/3744/3192 3269/3848/3269 3246/3815/3246
f 3191/3743/3191 3190/3742/3190 3273/3852/3273
f 3270/3849/3270 3267/3846/3267 3247/3816/3247
f 3267/3846/3267 3271/3850/3271 3272/3851/3272
f 3190/3742/3190 3246/3815/3246 3273/3852/3273
f 3226/3791/3226 3206/3764/3206 3261/3840/3261
f 3272/3851/3272 3271/3850/3271 3239/3806/3239
f 1330/3825/1330 3274/3853/3274 3275/3854/3275
f 3276/3855/3276 3253/3828/3253 3254/3830/3254
f 3277/3856/3277 3253/3828/3253 3276/3855/3276
f 3274/3853/3274 3277/3856/3277 3278/3857/3278
f 3278/3857/3278 3279/3858/3279 3274/3853/3274
f 3276/3855/3276 3280/3859/3280 3281/3860/3281
f 3281/3860/3281 3278/3857/3278 3276/3855/3276
f 3268/3847/3268 3271/3850/3271 3267/3846/3267
f 3278/3857/3278 3282/3861/3282 3279/3858/3279
f 3243/3811/3243 3240/3807/3240 3283/3862/3283
f 3280/3859/3280 3284/3863/3284 3281/3860/3281
f 3243/3811/3243 3283/3862/3283 3284/3863/3284
f 3278/3857/3278 3281/3860/3281 3282/3861/3282
f 3281/3860/3281 3284/3863/3284 3285/3864/3285
f 3281/3860/3281 3285/3864/3285 3286/3865/3286
f 3286/3865/3286 3282/3861/3282 3281/3860/3281
f 3284/3863/3284 3287/3866/3287 3285/3864/3285
f 3235/3802/3235 3237/3804/3237 3287/3866/3287
f 3288/3867/3288 3286/3865/3286 3289/3868/3289
f 3284/3863/3284 3283/3862/3283 3287/3866/3287
f 3290/3869/3290 3291/3870/3291 3256/3832/3256
f 3180/3732/3180 3215/3773/3215 3185/3737/3185
f 3182/3734/3182 3181/3733/3181 3266/3845/3266
f 3256/3832/3256 3292/3871/3292 3293/3872/3293
f 3283/3862/3283 3235/3802/3235 3287/3866/3287
f 3288/3867/3288 3289/3868/3289 3294/3873/3294
f 3295/3874/3295 3296/3875/3296 3297/3876/3297
f 3277/3856/3277 3274/3853/3274 3252/3827/3252
f 3288/3867/3288 3294/3873/3294 3296/3875/3296
f 3285/3864/3285 3287/3866/3287 3289/3868/3289
f 3260/3839/3260 3187/3739/3187 3298/3877/3298
f 3296/3875/3296 3295/3874/3295 3286/3865/3286
f 3278/3857/3278 3277/3856/3277 3276/3855/3276
f 3299/3878/3299 3297/3876/3297 3296/3875/3296
f 3277/3856/3277 3252/3827/3252 3253/3828/3253
f 3294/3873/3294 3237/3804/3237 3300/3879/3300
f 3294/3873/3294 3299/3878/3299 3296/3875/3296
f 3287/3866/3287 3237/3804/3237 3289/3868/3289
f 3290/3869/3290 3255/3831/3255 3238/3805/3238
f 3237/3804/3237 3256/3832/3256 3300/3879/3300
f 3274/3853/3274 1330/3825/1330 3252/3827/3252
f 3238/3805/3238 3259/3838/3259 3290/3869/3290
f 3299/3878/3299 3191/3743/3191 3273/3852/3273
f 2508/3880/2508 3191/3743/3191 3292/3871/3292
f 3293/3872/3293 3299/3878/3299 3294/3873/3294
f 3298/3877/3298 2476/3834/2476 2508/3880/2508
f 3299/3878/3299 3293/3872/3293 3191/3743/3191
f 3301/3881/3301 1919/3783/1919 3196/3750/3196
f 3280/3859/3280 3254/3830/3254 3284/3863/3284
f 3291/3870/3291 3290/3869/3290 3259/3838/3259
f 3189/3741/3189 3185/3737/3185 3215/3773/3215
f 3301/3881/3301 1869/3882/1869 1966/3883/1966
f 3173/3725/3173 3189/3741/3189 3174/3726/3174
f 3298/3877/3298 3223/3784/3223 2476/3834/2476
f 3274/3853/3274 3279/3858/3279 3275/3854/3275
f 3286/3865/3286 3285/3864/3285 3289/3868/3289
f 3291/3870/3291 3298/3877/3298 3292/3871/3292
f 3191/3743/3191 3293/3872/3293 3292/3871/3292
f 3291/3870/3291 3259/3838/3259 3260/3839/3260
f 3177/3729/3177 3186/3738/3186 3178/3730/3178
f 2480/3752/2480 3191/3743/3191 2508/3880/2508
f 3295/3874/3295 3282/3861/3282 3286/3865/3286
f 1964/3884/1964 3301/3881/3301 1966/3883/1966
f 3300/3879/3300 3293/3872/3293 3294/3873/3294
f 3187/3739/3187 3223/3784/3223 3298/3877/3298
f 3178/3730/3178 3223/3784/3223 3187/3739/3187
f 3292/3871/3292 3256/3832/3256 3291/3870/3291
f 3276/3855/3276 3254/3830/3254 3280/3859/3280
f 3296/3875/3296 3286/3865/3286 3288/3867/3288
f 3284/3863/3284 3254/3830/3254 3243/3811/3243
f 3289/3868/3289 3237/3804/3237 3294/3873/3294
f 3283/3862/3283 3240/3807/3240 3235/3802/3235
f 3260/3839/3260 3298/3877/3298 3291/3870/3291
f 3188/3740/3188 3187/3739/3187 3260/3839/3260
f 3290/3869/3290 3256/3832/3256 3255/3831/3255
f 3236/3803/3236 3238/3805/3238 3255/3831/3255
f 3298/3877/3298 2508/3880/2508 3292/3871/3292
f 3293/3872/3293 3300/3879/3300 3256/3832/3256
f 1869/3882/1869 3301/3881/3301 3302/3885/3302
f 1882/3763/1882 1876/3886/1876 3195/3749/3195
f 1964/3884/1964 1919/3783/1919 3301/3881/3301
f 3302/3885/3302 3196/3750/3196 3195/3749/3195
f 3302/3885/3302 3301/3881/3301 3196/3750/3196
f 3195/3749/3195 1876/3886/1876 3302/3885/3302
f 3178/3730/3178 3187/3739/3187 3179/3731/3179
f 3180/3732/3180 3185/3737/3185 3181/3733/3181
f 3302/3885/3302 1876/3886/1876 1869/3882/1869
f 3181/3733/3181 3184/3736/3184 3266/3845/3266
f 3303/3887/3303 3304/3888/3304 3305/3889/3305
f 231/3890/231 226/3891/226 3306/3892/3306
f 3307/3893/3307 3308/3894/3308 3306/3892/3306
f 3309/3895/3309 3306/3892/3306 3308/3894/3308
f 3310/3896/3310 3311/3897/3311 3312/3898/3312
f 3313/3899/3313 3314/3900/3314 3315/3901/3315
f 225/3902/225 3316/3903/3316 226/3891/226
f 3317/3904/3317 3318/3905/3318 3319/3906/3319
f 3320/3907/3320 3321/3908/3321 261/3909/261
f 3322/3910/3322 3323/3911/3323 3324/3912/3324
f 464/3913/464 3325/3914/3325 467/3915/467
f 3322/3910/3322 3326/3916/3326 3327/3917/3327
f 3328/3918/3328 3310/3896/3310 3312/3898/3312
f 463/3919/463 231/3890/231 3329/3920/3329
f 3330/3921/3330 3331/3922/3331 3311/3897/3311
f 3310/3896/3310 3328/3918/3328 3320/3907/3320
f 3332/3923/3332 3333/3924/3333 3334/3925/3334
f 3335/3926/3335 3336/3927/3336 3332/3923/3332
f 3337/3928/3337 3336/3927/3336 3335/3926/3335
f 225/3902/225 3335/3926/3335 3338/3929/3338
f 3320/3907/3320 3339/3930/3339 3310/3896/3310
f 473/3931/473 467/3915/467 2188/3932/2188
f 3340/3933/3340 3326/3916/3326 3322/3910/3322
f 3341/3934/3341 3342/3935/3342 3343/3936/3343
f 3344/3937/3344 3316/3903/3316 3345/3938/3345
f 3346/3939/3346 3347/3940/3347 3348/3941/3348
f 3349/3942/3349 3307/3893/3307 3316/3903/3316
f 3339/3930/3339 3350/3943/3350 3351/3944/3351
f 3317/3904/3317 3352/3945/3352 3343/3936/3343
f 3353/3946/3353 261/3909/261 253/3947/253
f 244/3948/244 261/3909/261 3321/3908/3321
f 3354/3949/3354 3355/3950/3355 3356/3951/3356
f 3338/3929/3338 3345/3938/3345 225/3902/225
f 3345/3938/3345 3316/3903/3316 225/3902/225
f 3357/3952/3357 3358/3953/3358 2831/3954/2831
f 3335/3926/3335 225/3902/225 260/3955/260
f 3359/3956/3359 3306/3892/3306 3309/3895/3309
f 3360/3957/3360 3361/3958/3361 3323/3911/3323
f 464/3913/464 3362/3959/3362 3363/3960/3363
f 3311/3897/3311 3335/3926/3335 260/3955/260
f 3364/3961/3364 3348/3941/3348 3333/3924/3333
f 3353/3946/3353 3365/3962/3365 261/3909/261
f 3325/3914/3325 464/3913/464 3363/3960/3363
f 3316/3903/3316 3344/3937/3344 3349/3942/3349
f 3366/3963/3366 231/3890/231 3306/3892/3306
f 3356/3951/3356 3340/3933/3340 3367/3964/3367
f 3364/3961/3364 3333/3924/3333 3332/3923/3332
f 3367/3964/3367 3342/3935/3342 3354/3949/3354
f 3313/3899/3313 3315/3901/3315 3368/3965/3368
f 3329/3920/3329 231/3890/231 3369/3966/3369
f 3370/3967/3370 3371/3968/3371 3372/3969/3372
f 3373/3970/3373 3374/3971/3374 3375/3972/3375
f 3369/3966/3369 3376/3973/3376 3326/3916/3326
f 3332/3923/3332 3338/3929/3338 3335/3926/3335
f 3336/3927/3336 3364/3961/3364 3332/3923/3332
f 467/3915/467 3325/3914/3325 2188/3932/2188
f 3377/3974/3377 3378/3975/3378 235/3976/235
f 3379/3977/3379 3376/3973/3376 3366/3963/3366
f 3380/3978/3380 256/3979/256 244/3948/244
f 253/3947/253 3378/3975/3378 3353/3946/3353
f 3381/3980/3381 3382/3981/3382 3383/3982/3383
f 3384/3983/3384 2831/3954/2831 3358/3953/3358
f 3385/3984/3385 3386/3985/3386 3387/3986/3387
f 3333/3924/3333 3388/3987/3388 3334/3925/3334
f 3389/3988/3389 3390/3989/3390 3391/3990/3391
f 3357/3952/3357 3392/3991/3392 3393/3992/3393
f 3394/3993/3394 3372/3969/3372 2881/3994/2881
f 3360/3957/3360 3322/3910/3322 3327/3917/3327
f 3316/3903/3316 3307/3893/3307 226/3891/226
f 3391/3990/3391 3390/3989/3390 3315/3901/3315
f 3379/3977/3379 3361/3958/3361 3376/3973/3376
f 3361/3958/3361 3327/3917/3327 3376/3973/3376
f 3395/3995/3395 3396/3996/3396 2243/3997/2243
f 3387/3986/3387 3397/3998/3397 3385/3984/3385
f 3355/3950/3355 3340/3933/3340 3356/3951/3356
f 3326/3916/3326 3376/3973/3376 3327/3917/3327
f 3351/3944/3351 3398/3999/3398 3399/4000/3399
f 3365/3962/3365 3353/3946/3353 3400/4001/3400
f 3372/3969/3372 3392/3991/3392 2830/4002/2830
f 3339/3930/3339 3393/3992/3393 3350/3943/3350
f 3401/4003/3401 3402/4004/3402 3364/3961/3364
f 3403/4005/3403 3381/3980/3381 3404/4006/3404
f 3373/3970/3373 3387/3986/3387 3405/4007/3405
f 3331/3922/3331 3398/3999/3398 3337/3928/3337
f 3406/4008/3406 3382/3981/3382 3407/4009/3407
f 3408/4010/3408 3409/4011/3409 3407/4009/3407
f 3311/3897/3311 3310/3896/3310 3330/3921/3330
f 3361/3958/3361 3409/4011/3409 3408/4010/3408
f 2243/3997/2243 3319/3906/3319 3395/3995/3395
f 3410/4012/3410 3390/3989/3390 3403/4005/3403
f 3335/3926/3335 3311/3897/3311 3331/3922/3331
f 3381/3980/3381 3403/4005/3403 3390/3989/3390
f 3408/4010/3408 3411/4013/3411 3361/3958/3361
f 3361/3958/3361 3360/3957/3360 3327/3917/3327
f 3338/3929/3338 3332/3923/3332 3334/3925/3334
f 3407/4009/3407 3409/4011/3409 3412/4014/3412
f 3390/3989/3390 3410/4012/3410 3315/3901/3315
f 3368/3965/3368 3315/3901/3315 3413/4015/3413
f 3381/3980/3381 3389/3988/3389 3382/3981/3382
f 3381/3980/3381 3383/3982/3383 3404/4006/3404
f 3363/3960/3363 3362/3959/3362 3341/3934/3341
f 3375/3972/3375 3313/3899/3313 3368/3965/3368
f 2191/4016/2191 3370/3967/3370 2880/4017/2880
f 3397/3998/3397 3414/4018/3414 3385/3984/3385
f 3408/4010/3408 3382/3981/3382 3411/4013/3411
f 3390/3989/3390 3389/3988/3389 3381/3980/3381
f 3354/3949/3354 3356/3951/3356 3367/3964/3367
f 2838/4019/2838 2831/3954/2831 3384/3983/3384
f 2881/3994/2881 2880/4017/2880 3394/3993/3394
f 3335/3926/3335 3331/3922/3331 3337/3928/3337
f 3373/3970/3373 3375/3972/3375 3368/3965/3368
f 3347/3940/3347 3333/3924/3333 3348/3941/3348
f 2191/4016/2191 3415/4020/3415 3370/3967/3370
f 463/3919/463 3369/3966/3369 3341/3934/3341
f 3411/4013/3411 3382/3981/3382 3389/3988/3389
f 3346/3939/3346 3416/4021/3416 3385/3984/3385
f 3399/4000/3399 3339/3930/3339 3351/3944/3351
f 3340/3933/3340 3324/3912/3324 3417/4022/3417
f 3394/3993/3394 2880/4017/2880 3370/3967/3370
f 3364/3961/3364 3402/4004/3402 3348/3941/3348
f 3418/4023/3418 3388/3987/3388 3347/3940/3347
f 3322/3910/3322 3360/3957/3360 3323/3911/3323
f 3396/3996/3396 3391/3990/3391 3315/3901/3315
f 3382/3981/3382 3406/4008/3406 3383/3982/3383
f 3415/4020/3415 2191/4016/2191 2214/4024/2214
f 3389/3988/3389 3391/3990/3391 3395/3995/3395
f 3355/3950/3355 3369/3966/3369 3326/3916/3326
f 3323/3911/3323 3411/4013/3411 3318/3905/3318
f 3419/4025/3419 3303/3887/3303 3305/3889/3305
f 2215/4026/2215 3374/3971/3374 2214/4024/2214
f 3323/3911/3323 3361/3958/3361 3411/4013/3411
f 3391/3990/3391 3396/3996/3396 3395/3995/3395
f 3411/4013/3411 3395/3995/3395 3319/3906/3319
f 3417/4022/3417 3342/3935/3342 3367/3964/3367
f 3371/3968/3371 3370/3967/3370 3415/4020/3415
f 3323/3911/3323 3417/4022/3417 3324/3912/3324
f 3370/3967/3370 3372/3969/3372 3394/3993/3394
f 3336/3927/3336 3337/3928/3337 3401/4003/3401
f 3399/4000/3399 3398/3999/3398 3330/3921/3330
f 3354/3949/3354 3369/3966/3369 3355/3950/3355
f 3305/3889/3305 3404/4006/3404 3419/4025/3419
f 3388/3987/3388 3333/3924/3333 3347/3940/3347
f 3352/3945/3352 3325/3914/3325 3363/3960/3363
f 3420/4027/3420 3350/3943/3350 3393/3992/3393
f 3410/4012/3410 3421/4028/3421 3413/4015/3413
f 3401/4003/3401 3364/3961/3364 3336/3927/3336
f 3342/3935/3342 3341/3934/3341 3354/3949/3354
f 3409/4011/3409 3379/3977/3379 3359/3956/3359
f 3342/3935/3342 3417/4022/3417 3343/3936/3343
f 3319/3906/3319 3318/3905/3318 3411/4013/3411
f 3341/3934/3341 3369/3966/3369 3354/3949/3354
f 3383/3982/3383 3412/4014/3412 3422/4029/3422
f 3340/3933/3340 3417/4022/3417 3367/3964/3367
f 3423/4030/3423 3358/3953/3358 3339/3930/3339
f 3424/4031/3424 3353/3946/3353 3377/3974/3377
f 3318/3905/3318 3343/3936/3343 3417/4022/3417
f 3313/3899/3313 2292/4032/2292 3314/3900/3314
f 3343/3936/3343 3363/3960/3363 3341/3934/3341
f 3355/3950/3355 3326/3916/3326 3340/3933/3340
f 3422/4029/3422 3303/3887/3303 3383/3982/3383
f 3318/3905/3318 3317/3904/3317 3343/3936/3343
f 3396/3996/3396 3314/3900/3314 2241/4033/2241
f 235/3976/235 3378/3975/3378 253/3947/253
f 3392/3991/3392 3357/3952/3357 2830/4002/2830
f 3339/3930/3339 3358/3953/3358 3393/3992/3393
f 3362/3959/3362 466/4034/466 3341/3934/3341
f 466/4034/466 463/3919/463 3341/3934/3341
f 260/3955/260 3312/3898/3312 3311/3897/3311
f 3363/3960/3363 3343/3936/3343 3352/3945/3352
f 3424/4031/3424 3425/4035/3425 3400/4001/3400
f 2243/3997/2243 3396/3996/3396 2241/4033/2241
f 3319/3906/3319 2294/4036/2294 3317/3904/3317
f 3307/3893/3307 3306/3892/3306 226/3891/226
f 3366/3963/3366 3376/3973/3376 3369/3966/3369
f 3366/3963/3366 3359/3956/3359 3379/3977/3379
f 3321/3908/3321 3380/3978/3380 244/3948/244
f 3319/3906/3319 2243/3997/2243 2293/4037/2293
f 261/3909/261 3365/3962/3365 3320/3907/3320
f 3352/3945/3352 2188/3932/2188 3325/3914/3325
f 3339/3930/3339 3320/3907/3320 3423/4030/3423
f 3417/4022/3417 3323/3911/3323 3318/3905/3318
f 3314/3900/3314 3396/3996/3396 3315/3901/3315
f 2838/4019/2838 3384/3983/3384 3426/4038/3426
f 3408/4010/3408 3407/4009/3407 3382/3981/3382
f 3320/3907/3320 3365/3962/3365 3400/4001/3400
f 3340/3933/3340 3322/3910/3322 3324/3912/3324
f 3423/4030/3423 3400/4001/3400 3426/4038/3426
f 3352/3945/3352 2294/4036/2294 2186/4039/2186
f 2293/4037/2293 2294/4036/2294 3319/3906/3319
f 2294/4036/2294 3352/3945/3352 3317/3904/3317
f 3380/3978/3380 260/3955/260 256/3979/256
f 3357/3952/3357 2831/3954/2831 2830/4002/2830
f 3377/3974/3377 3353/3946/3353 3378/3975/3378
f 3369/3966/3369 231/3890/231 3366/3963/3366
f 260/3955/260 3380/3978/3380 3312/3898/3312
f 463/3919/463 3329/3920/3329 3369/3966/3369
f 3358/3953/3358 3426/4038/3426 3384/3983/3384
f 3308/3894/3308 3422/4029/3422 3309/3895/3309
f 3307/3893/3307 3349/3942/3349 3304/3888/3304
f 3308/3894/3308 3307/3893/3307 3304/3888/3304
f 3344/3937/3344 3418/4023/3418 3427/4040/3427
f 3349/3942/3349 3427/4040/3427 3305/3889/3305
f 3305/3889/3305 3304/3888/3304 3349/3942/3349
f 3426/4038/3426 2836/4041/2836 2838/4019/2838
f 3303/3887/3303 3308/3894/3308 3304/3888/3304
f 3418/4023/3418 3305/3889/3305 3427/4040/3427
f 3358/3953/3358 3423/4030/3423 3426/4038/3426
f 3422/4029/3422 3308/3894/3308 3303/3887/3303
f 3414/4018/3414 3305/3889/3305 3418/4023/3418
f 3412/4014/3412 3309/3895/3309 3422/4029/3422
f 3395/3995/3395 3411/4013/3411 3389/3988/3389
f 3309/3895/3309 3409/4011/3409 3359/3956/3359
f 2241/4033/2241 3314/3900/3314 2292/4032/2292
f 3426/4038/3426 3400/4001/3400 3425/4035/3425
f 3320/3907/3320 3400/4001/3400 3423/4030/3423
f 3305/3889/3305 3414/4018/3414 3404/4006/3404
f 3383/3982/3383 3303/3887/3303 3419/4025/3419
f 3412/4014/3412 3409/4011/3409 3309/3895/3309
f 3404/4006/3404 3414/4018/3414 3403/4005/3403
f 3425/4035/3425 2836/4041/2836 3426/4038/3426
f 3404/4006/3404 3383/3982/3383 3419/4025/3419
f 3412/4014/3412 3383/3982/3383 3406/4008/3406
f 3345/3938/3345 3334/3925/3334 3344/3937/3344
f 3349/3942/3349 3344/3937/3344 3427/4040/3427
f 3379/3977/3379 3409/4011/3409 3361/3958/3361
f 3393/3992/3393 3358/3953/3358 3357/3952/3357
f 3415/4020/3415 3405/4007/3405 3371/3968/3371
f 2214/4024/2214 3374/3971/3374 3415/4020/3415
f 3402/4004/3402 3420/4027/3420 3416/4021/3416
f 3328/3918/3328 3312/3898/3312 3380/3978/3380
f 3415/4020/3415 3374/3971/3374 3405/4007/3405
f 3386/3985/3386 3371/3968/3371 3405/4007/3405
f 3338/3929/3338 3334/3925/3334 3345/3938/3345
f 464/3913/464 466/4034/466 3362/3959/3362
f 3398/3999/3398 3401/4003/3401 3337/3928/3337
f 3428/4042/3428 3374/3971/3374 2215/4026/2215
f 3359/3956/3359 3366/3963/3366 3306/3892/3306
f 2881/3994/2881 3372/3969/3372 2830/4002/2830
f 3410/4012/3410 3403/4005/3403 3421/4028/3421
f 3392/3991/3392 3429/4043/3429 3393/3992/3393
f 3372/3969/3372 3371/3968/3371 3386/3985/3386
f 3430/4044/3430 3403/4005/3403 3414/4018/3414
f 3344/3937/3344 3388/3987/3388 3418/4023/3418
f 3374/3971/3374 3373/3970/3373 3405/4007/3405
f 3321/3908/3321 3320/3907/3320 3328/3918/3328
f 3428/4042/3428 2215/4026/2215 2283/4045/2283
f 3375/3972/3375 3374/3971/3374 3428/4042/3428
f 3353/3946/3353 3424/4031/3424 3400/4001/3400
f 3406/4008/3406 3407/4009/3407 3412/4014/3412
f 3429/4043/3429 3372/3969/3372 3386/3985/3386
f 3431/4046/3431 3398/3999/3398 3351/3944/3351
f 2283/4045/2283 2292/4032/2292 3375/3972/3375
f 3414/4018/3414 3418/4023/3418 3347/3940/3347
f 3405/4007/3405 3387/3986/3387 3386/3985/3386
f 3428/4042/3428 2283/4045/2283 3375/3972/3375
f 3321/3908/3321 3328/3918/3328 3380/3978/3380
f 3399/4000/3399 3310/3896/3310 3339/3930/3339
f 3372/3969/3372 3429/4043/3429 3392/3991/3392
f 3386/3985/3386 3416/4021/3416 3429/4043/3429
f 3387/3986/3387 3373/3970/3373 3432/4047/3432
f 3429/4043/3429 3416/4021/3416 3420/4027/3420
f 3386/3985/3386 3385/3984/3385 3416/4021/3416
f 3432/4047/3432 3397/3998/3397 3387/3986/3387
f 3432/4047/3432 3373/3970/3373 3413/4015/3413
f 3413/4015/3413 3373/3970/3373 3368/3965/3368
f 3375/3972/3375 2292/4032/2292 3313/3899/3313
f 2188/3932/2188 3352/3945/3352 2186/4039/2186
f 3420/4027/3420 3393/3992/3393 3429/4043/3429
f 3397/3998/3397 3432/4047/3432 3430/4044/3430
f 3344/3937/3344 3334/3925/3334 3388/3987/3388
f 3413/4015/3413 3421/4028/3421 3432/4047/3432
f 3398/3999/3398 3331/3922/3331 3330/3921/3330
f 3420/4027/3420 3402/4004/3402 3431/4046/3431
f 3416/4021/3416 3346/3939/3346 3402/4004/3402
f 3399/4000/3399 3330/3921/3330 3310/3896/3310
f 3385/3984/3385 3414/4018/3414 3346/3939/3346
f 3430/4044/3430 3414/4018/3414 3397/3998/3397
f 3430/4044/3430 3432/4047/3432 3421/4028/3421
f 3315/3901/3315 3410/4012/3410 3413/4015/3413
f 3350/3943/3350 3420/4027/3420 3431/4046/3431
f 3431/4046/3431 3402/4004/3402 3401/4003/3401
f 3348/3941/3348 3402/4004/3402 3346/3939/3346
f 3347/3940/3347 3346/3939/3346 3414/4018/3414
f 3421/4028/3421 3403/4005/3403 3430/4044/3430
f 3431/4046/3431 3351/3944/3351 3350/3943/3350
f 3401/4003/3401 3398/3999/3398 3431/4046/3431
f 3433/4048/3433 3434/4049/3434 3435/4050/3435
f 3436/4051/3436 3437/4052/3437 3438/4053/3438
f 3439/4054/3439 3440/4055/3440 3441/4056/3441
f 1549/4057/1549 3442/4058/3442 1529/4059/1529
f 3442/4058/3442 1549/4057/1549 3443/4060/3443
f 3443/4060/3443 1549/4057/1549 111/4061/111
f 1549/4057/1549 112/4062/112 111/4061/111
f 111/4061/111 93/4063/93 3443/4060/3443
f 1508/4064/1508 112/4062/112 1549/4057/1549
f 1508/4064/1508 108/4065/108 112/4062/112
f 3444/4066/3444 3445/4067/3445 3446/4068/3446
f 3447/4069/3447 3448/4070/3448 3449/4071/3449
f 3449/4071/3449 3450/4072/3450 3438/4053/3438
f 3436/4051/3436 3438/4053/3438 3450/4072/3450
f 3434/4049/3434 3451/4073/3451 3435/4050/3435
f 3452/4074/3452 3453/4075/3453 3454/4076/3454
f 3455/4077/3455 3456/4078/3456 3454/4076/3454
f 3457/4079/3457 3458/4080/3458 3436/4051/3436
f 3433/4048/3433 3459/4081/3459 3434/4049/3434
f 1529/4059/1529 3442/4058/3442 1522/4082/1522
f 3449/4071/3449 3448/4070/3448 3460/4083/3460
f 3461/4084/3461 3462/4085/3462 3463/4086/3463
f 3464/4087/3464 3435/4050/3435 3465/4088/3465
f 3466/4089/3466 3467/4090/3467 3441/4056/3441
f 3433/4048/3433 3452/4074/3452 3468/4091/3468
f 3463/4086/3463 3469/4092/3469 3466/4089/3466
f 3470/4093/3470 3471/4094/3471 3472/4095/3472
f 3440/4055/3440 3439/4054/3439 3473/4096/3473
f 3474/4097/3474 3475/4098/3475 3476/4099/3476
f 3477/4100/3477 3478/4101/3478 3479/4102/3479
f 3459/4081/3459 3447/4069/3447 3473/4096/3473
f 3447/4069/3447 3468/4091/3468 3448/4070/3448
f 3449/4071/3449 3460/4083/3460 3450/4072/3450
f 3441/4056/3441 3480/4103/3480 3439/4054/3439
f 3477/4100/3477 3480/4103/3480 3478/4101/3478
f 3481/4104/3481 3439/4054/3439 3480/4103/3480
f 3457/4079/3457 3436/4051/3436 3482/4105/3482
f 3480/4103/3480 3441/4056/3441 3467/4090/3467
f 3466/4089/3466 3441/4056/3441 3463/4086/3463
f 3466/4089/3466 3469/4092/3469 3467/4090/3467
f 3439/4054/3439 3483/4106/3483 3473/4096/3473
f 3464/4087/3464 3453/4075/3453 3433/4048/3433
f 3483/4106/3483 3459/4081/3459 3473/4096/3473
f 3447/4069/3447 3459/4081/3459 3468/4091/3468
f 3452/4074/3452 3460/4083/3460 3448/4070/3448
f 3484/4107/3484 3450/4072/3450 3460/4083/3460
f 3482/4105/3482 3485/4108/3485 3457/4079/3457
f 3486/4109/3486 3487/4110/3487 3446/4068/3446
f 3488/4111/3488 3489/4112/3489 3490/4113/3490
f 3491/4114/3491 3454/4076/3454 3456/4078/3456
f 3492/4115/3492 3493/4116/3493 3494/4117/3494
f 3495/4118/3495 3467/4090/3467 3469/4092/3469
f 3496/4119/3496 3483/4106/3483 3439/4054/3439
f 3497/4120/3497 3498/4121/3498 3499/4122/3499
f 3459/4081/3459 3483/4106/3483 3434/4049/3434
f 3433/4048/3433 3468/4091/3468 3459/4081/3459
f 3499/4122/3499 3493/4116/3493 3497/4120/3497
f 3449/4071/3449 3500/4123/3500 3447/4069/3447
f 3501/4124/3501 3441/4056/3441 3440/4055/3440
f 3440/4055/3440 3447/4069/3447 3500/4123/3500
f 3479/4102/3479 3502/4125/3502 3503/4126/3503
f 3482/4105/3482 3436/4051/3436 3450/4072/3450
f 3471/4094/3471 3463/4086/3463 3472/4095/3472
f 3501/4124/3501 3440/4055/3440 3500/4123/3500
f 3504/4127/3504 3505/4128/3505 3506/4129/3506
f 3476/4099/3476 3475/4098/3475 3438/4053/3438
f 3507/4130/3507 3508/4131/3508 3464/4087/3464
f 3501/4124/3501 3509/4132/3509 3472/4095/3472
f 3480/4103/3480 3477/4100/3477 3481/4104/3481
f 3505/4128/3505 3509/4132/3509 3500/4123/3500
f 3510/4133/3510 3472/4095/3472 3509/4132/3509
f 3437/4052/3437 3436/4051/3436 3458/4080/3458
f 3509/4132/3509 3505/4128/3505 3511/4134/3511
f 3473/4096/3473 3447/4069/3447 3440/4055/3440
f 3481/4104/3481 3489/4112/3489 3496/4119/3496
f 3452/4074/3452 3448/4070/3448 3468/4091/3468
f 3501/4124/3501 3463/4086/3463 3441/4056/3441
f 3504/4127/3504 3512/4135/3512 3505/4128/3505
f 3492/4115/3492 3513/4136/3513 3514/4137/3514
f 3515/4138/3515 3516/4139/3516 3517/4140/3517
f 3517/4140/3517 3465/4088/3465 3518/4141/3518
f 3519/4142/3519 3483/4106/3483 3496/4119/3496
f 3455/4077/3455 3508/4131/3508 3507/4130/3507
f 3492/4115/3492 3488/4111/3488 3497/4120/3497
f 3519/4142/3519 3496/4119/3496 3520/4143/3520
f 3521/4144/3521 3522/4145/3522 3523/4146/3523
f 3519/4142/3519 3451/4073/3451 3434/4049/3434
f 3462/4085/3462 3469/4092/3469 3463/4086/3463
f 3510/4133/3510 3524/4147/3524 3522/4145/3522
f 3525/4148/3525 3526/4149/3526 3527/4150/3527
f 3526/4149/3526 3528/4151/3528 3527/4150/3527
f 3529/4152/3529 3510/4133/3510 3521/4144/3521
f 3530/4153/3530 3525/4148/3525 3515/4138/3515
f 3513/4136/3513 3526/4149/3526 3525/4148/3525
f 3531/4154/3531 3515/4138/3515 3525/4148/3525
f 3513/4136/3513 3525/4148/3525 3530/4153/3530
f 3532/4155/3532 3489/4112/3489 3481/4104/3481
f 3533/4156/3533 3531/4154/3531 3527/4150/3527
f 3498/4121/3498 3534/4157/3534 3535/4158/3535
f 3526/4149/3526 3513/4136/3513 3528/4151/3528
f 3536/4159/3536 3533/4156/3533 3527/4150/3527
f 3531/4154/3531 3525/4148/3525 3527/4150/3527
f 3537/4160/3537 3533/4156/3533 3536/4159/3536
f 3538/4161/3538 2502/4162/2502 3539/4163/3539
f 3540/4164/3540 3541/4165/3541 3538/4161/3538
f 3538/4161/3538 3541/4165/3541 2502/4162/2502
f 3528/4151/3528 3536/4159/3536 3527/4150/3527
f 2500/4166/2500 2502/4162/2502 3542/4167/3542
f 3537/4160/3537 3543/4168/3543 3540/4164/3540
f 3541/4165/3541 3540/4164/3540 3544/4169/3544
f 3545/4170/3545 3528/4151/3528 3494/4117/3494
f 3510/4133/3510 3509/4132/3509 3546/4171/3546
f 3543/4168/3543 3537/4160/3537 3536/4159/3536
f 2500/4166/2500 3542/4167/3542 2523/4172/2523
f 3528/4151/3528 3545/4170/3545 3543/4168/3543
f 3544/4169/3544 3540/4164/3540 3543/4168/3543
f 3506/4129/3506 3500/4123/3500 3449/4071/3449
f 3457/4079/3457 3485/4108/3485 3487/4110/3487
f 3544/4169/3544 3542/4167/3542 3541/4165/3541
f 3536/4159/3536 3528/4151/3528 3543/4168/3543
f 3509/4132/3509 3511/4134/3511 3546/4171/3546
f 3544/4169/3544 3547/4173/3547 3542/4167/3542
f 3497/4120/3497 3488/4111/3488 3534/4157/3534
f 3463/4086/3463 3471/4094/3471 3461/4084/3461
f 3474/4097/3474 3504/4127/3504 3475/4098/3475
f 3528/4151/3528 3492/4115/3492 3494/4117/3494
f 3541/4165/3541 3542/4167/3542 2502/4162/2502
f 3472/4095/3472 3463/4086/3463 3501/4124/3501
f 3510/4133/3510 3522/4145/3522 3521/4144/3521
f 3546/4171/3546 3524/4147/3524 3510/4133/3510
f 3515/4138/3515 3518/4141/3518 3530/4153/3530
f 3544/4169/3544 3543/4168/3543 3545/4170/3545
f 3530/4153/3530 3518/4141/3518 3548/4174/3548
f 3547/4173/3547 2523/4172/2523 3542/4167/3542
f 3539/4163/3539 2502/4162/2502 1547/4175/1547
f 3549/4176/3549 3444/4066/3444 3485/4108/3485
f 3467/4090/3467 3478/4101/3478 3480/4103/3480
f 1555/4177/1555 3550/4178/3550 1547/4175/1547
f 3539/4163/3539 1547/4175/1547 3550/4178/3550
f 3550/4178/3550 1535/4179/1535 3539/4163/3539
f 3539/4163/3539 1535/4179/1535 3551/4180/3551
f 3552/4181/3552 3538/4161/3538 3551/4180/3551
f 3545/4170/3545 3547/4173/3547 3544/4169/3544
f 3437/4052/3437 3476/4099/3476 3438/4053/3438
f 3528/4151/3528 3513/4136/3513 3492/4115/3492
f 3553/4182/3553 3552/4181/3552 3551/4180/3551
f 3538/4161/3538 3552/4181/3552 3540/4164/3540
f 3553/4182/3553 3554/4183/3554 3552/4181/3552
f 3484/4107/3484 3482/4105/3482 3450/4072/3450
f 1535/4179/1535 1537/4184/1537 3553/4182/3553
f 3553/4182/3553 1537/4184/1537 3555/4185/3555
f 3556/4186/3556 3540/4164/3540 3552/4181/3552
f 3552/4181/3552 3554/4183/3554 3556/4186/3556
f 3506/4129/3506 3505/4128/3505 3500/4123/3500
f 3557/4187/3557 1531/4188/1531 3558/4189/3558
f 3559/4190/3559 1537/4184/1537 1544/4191/1544
f 3560/4192/3560 3561/4193/3561 3562/4194/3562
f 3563/4195/3563 3564/4196/3564 3565/4197/3565
f 3540/4164/3540 3556/4186/3556 3537/4160/3537
f 3554/4183/3554 3555/4185/3555 3556/4186/3556
f 1537/4184/1537 3559/4190/3559 3555/4185/3555
f 1543/4198/1543 3559/4190/3559 1544/4191/1544
f 3553/4182/3553 3551/4180/3551 1535/4179/1535
f 3556/4186/3556 3555/4185/3555 3559/4190/3559
f 3537/4160/3537 3563/4195/3563 3566/4199/3566
f 1531/4188/1531 1522/4082/1522 3567/4200/3567
f 3564/4196/3564 3559/4190/3559 1550/4201/1550
f 3553/4182/3553 3555/4185/3555 3554/4183/3554
f 3561/4193/3561 3568/4202/3568 3565/4197/3565
f 3561/4193/3561 3569/4203/3569 3516/4139/3516
f 3491/4114/3491 3569/4203/3569 3560/4192/3560
f 3559/4190/3559 1543/4198/1543 1550/4201/1550
f 3481/4104/3481 3496/4119/3496 3439/4054/3439
f 3484/4107/3484 3460/4083/3460 3452/4074/3452
f 3482/4105/3482 3484/4107/3484 3549/4176/3549
f 3549/4176/3549 3485/4108/3485 3482/4105/3482
f 3570/4204/3570 78/4205/78 102/4206/102
f 3566/4199/3566 3565/4197/3565 3531/4154/3531
f 3566/4199/3566 3563/4195/3563 3565/4197/3565
f 3558/4189/3558 1531/4188/1531 3567/4200/3567
f 3487/4110/3487 3485/4108/3485 3446/4068/3446
f 3571/4207/3571 3572/4208/3572 102/4206/102
f 3516/4139/3516 3515/4138/3515 3561/4193/3561
f 3446/4068/3446 3573/4209/3573 3486/4109/3486
f 3567/4200/3567 3442/4058/3442 3558/4189/3558
f 3492/4115/3492 3497/4120/3497 3493/4116/3493
f 3557/4187/3557 3574/4210/3574 3564/4196/3564
f 3453/4075/3453 3452/4074/3452 3433/4048/3433
f 3569/4203/3569 3575/4211/3575 3516/4139/3516
f 3467/4090/3467 3495/4118/3495 3478/4101/3478
f 3477/4100/3477 3490/4113/3490 3481/4104/3481
f 3442/4058/3442 3567/4200/3567 1522/4082/1522
f 3484/4107/3484 3452/4074/3452 3454/4076/3454
f 82/4212/82 3576/4213/3576 93/4063/93
f 3549/4176/3549 3484/4107/3484 3577/4214/3577
f 3572/4208/3572 3562/4194/3562 3578/4215/3578
f 3515/4138/3515 3531/4154/3531 3568/4202/3568
f 3485/4108/3485 3444/4066/3444 3446/4068/3446
f 3579/4216/3579 3565/4197/3565 3564/4196/3564
f 3560/4192/3560 3562/4194/3562 3572/4208/3572
f 3568/4202/3568 3561/4193/3561 3515/4138/3515
f 3579/4216/3579 3564/4196/3564 3574/4210/3574
f 3445/4067/3445 3573/4209/3573 3446/4068/3446
f 3561/4193/3561 3560/4192/3560 3569/4203/3569
f 1564/4217/1564 1535/4179/1535 3550/4178/3550
f 3550/4178/3550 1555/4177/1555 1564/4217/1564
f 3443/4060/3443 3576/4213/3576 3558/4189/3558
f 3580/4218/3580 3573/4209/3573 3445/4067/3445
f 3455/4077/3455 3454/4076/3454 3453/4075/3453
f 3489/4112/3489 3520/4143/3520 3496/4119/3496
f 3503/4126/3503 3490/4113/3490 3477/4100/3477
f 3571/4207/3571 3444/4066/3444 3491/4114/3491
f 3454/4076/3454 3577/4214/3577 3484/4107/3484
f 3479/4102/3479 3503/4126/3503 3477/4100/3477
f 3548/4174/3548 3519/4142/3519 3520/4143/3520
f 3506/4129/3506 3438/4053/3438 3475/4098/3475
f 3548/4174/3548 3451/4073/3451 3519/4142/3519
f 3490/4113/3490 3489/4112/3489 3532/4155/3532
f 3561/4193/3561 3565/4197/3565 3579/4216/3579
f 3489/4112/3489 3513/4136/3513 3520/4143/3520
f 3561/4193/3561 3579/4216/3579 3562/4194/3562
f 3558/4189/3558 3576/4213/3576 3581/4219/3581
f 3582/4220/3582 3579/4216/3579 3581/4219/3581
f 3503/4126/3503 3488/4111/3488 3490/4113/3490
f 3558/4189/3558 3574/4210/3574 3557/4187/3557
f 3443/4060/3443 3558/4189/3558 3442/4058/3442
f 78/4205/78 3570/4204/3570 3578/4215/3578
f 3491/4114/3491 3560/4192/3560 3571/4207/3571
f 3498/4121/3498 3497/4120/3497 3534/4157/3534
f 3572/4208/3572 3570/4204/3570 102/4206/102
f 3531/4154/3531 3533/4156/3533 3566/4199/3566
f 3454/4076/3454 3491/4114/3491 3577/4214/3577
f 3453/4075/3453 3464/4087/3464 3508/4131/3508
f 3491/4114/3491 3444/4066/3444 3577/4214/3577
f 3520/4143/3520 3583/4221/3583 3548/4174/3548
f 3579/4216/3579 3582/4220/3582 3562/4194/3562
f 3451/4073/3451 3518/4141/3518 3435/4050/3435
f 3514/4137/3514 3513/4136/3513 3489/4112/3489
f 3520/4143/3520 3513/4136/3513 3583/4221/3583
f 3576/4213/3576 82/4212/82 3581/4219/3581
f 93/4063/93 3576/4213/3576 3443/4060/3443
f 1531/4188/1531 3557/4187/3557 1550/4201/1550
f 3503/4126/3503 3534/4157/3534 3488/4111/3488
f 3575/4211/3575 3569/4203/3569 3491/4114/3491
f 3508/4131/3508 3455/4077/3455 3453/4075/3453
f 3582/4220/3582 3581/4219/3581 81/4222/81
f 3562/4194/3562 3582/4220/3582 81/4222/81
f 3479/4102/3479 3535/4158/3535 3502/4125/3502
f 1550/4201/1550 3557/4187/3557 3564/4196/3564
f 81/4222/81 3581/4219/3581 82/4212/82
f 3572/4208/3572 3578/4215/3578 3570/4204/3570
f 3502/4125/3502 3534/4157/3534 3503/4126/3503
f 3530/4153/3530 3548/4174/3548 3583/4221/3583
f 3556/4186/3556 3563/4195/3563 3537/4160/3537
f 3574/4210/3574 3558/4189/3558 3581/4219/3581
f 3465/4088/3465 3435/4050/3435 3518/4141/3518
f 81/4222/81 3578/4215/3578 3562/4194/3562
f 81/4222/81 78/4205/78 3578/4215/3578
f 3556/4186/3556 3559/4190/3559 3563/4195/3563
f 3580/4218/3580 102/4206/102 101/4223/101
f 3566/4199/3566 3533/4156/3533 3537/4160/3537
f 3565/4197/3565 3568/4202/3568 3531/4154/3531
f 3464/4087/3464 3465/4088/3465 3507/4130/3507
f 3538/4161/3538 3539/4163/3539 3551/4180/3551
f 3580/4218/3580 3445/4067/3445 102/4206/102
f 3564/4196/3564 3563/4195/3563 3559/4190/3559
f 3579/4216/3579 3574/4210/3574 3581/4219/3581
f 3489/4112/3489 3488/4111/3488 3514/4137/3514
f 3445/4067/3445 3571/4207/3571 102/4206/102
f 3571/4207/3571 3445/4067/3445 3444/4066/3444
f 3571/4207/3571 3560/4192/3560 3572/4208/3572
f 3516/4139/3516 3507/4130/3507 3517/4140/3517
f 3515/4138/3515 3517/4140/3517 3518/4141/3518
f 3455/4077/3455 3507/4130/3507 3575/4211/3575
f 3514/4137/3514 3488/4111/3488 3492/4115/3492
f 3517/4140/3517 3507/4130/3507 3465/4088/3465
f 3504/4127/3504 3474/4097/3474 3512/4135/3512
f 3513/4136/3513 3530/4153/3530 3583/4221/3583
f 3575/4211/3575 3456/4078/3456 3455/4077/3455
f 3472/4095/3472 3510/4133/3510 3470/4093/3470
f 3438/4053/3438 3506/4129/3506 3449/4071/3449
f 3435/4050/3435 3464/4087/3464 3433/4048/3433
f 3470/4093/3470 3510/4133/3510 3529/4152/3529
f 3491/4114/3491 3456/4078/3456 3575/4211/3575
f 3534/4157/3534 3502/4125/3502 3535/4158/3535
f 3451/4073/3451 3548/4174/3548 3518/4141/3518
f 3487/4110/3487 3458/4080/3458 3457/4079/3457
f 3529/4152/3529 3471/4094/3471 3470/4093/3470
f 3577/4214/3577 3444/4066/3444 3549/4176/3549
f 3501/4124/3501 3500/4123/3500 3509/4132/3509
f 3505/4128/3505 3512/4135/3512 3511/4134/3511
f 3575/4211/3575 3507/4130/3507 3516/4139/3516
f 3458/4080/3458 3487/4110/3487 3486/4109/3486
f 3504/4127/3504 3506/4129/3506 3475/4098/3475
f 3481/4104/3481 3490/4113/3490 3532/4155/3532
f 3519/4142/3519 3434/4049/3434 3483/4106/3483
f 3584/4224/3584 3585/4225/3585 3586/4226/3586
f 3587/4227/3587 3588/4228/3588 3589/4229/3589
f 3590/4230/3590 3591/4231/3591 3592/4232/3592
f 3593/4233/3593 3594/4234/3594 3595/4235/3595
f 3596/4236/3596 3597/4237/3597 3598/4238/3598
f 3597/4237/3597 3590/4230/3590 3599/4239/3599
f 3600/4240/3600 3601/4241/3601 3584/4224/3584
f 3602/4242/3602 2225/4243/2225 3603/4244/3603
f 3604/4245/3604 2222/4246/2222 2224/4247/2224
f 3605/4248/3605 3606/4249/3606 3593/4233/3593
f 2259/4250/2259 2225/4243/2225 3602/4242/3602
f 3602/4242/3602 455/4251/455 2259/4250/2259
f 455/4251/455 3602/4242/3602 453/4252/453
f 453/4252/453 3602/4242/3602 492/4253/492
f 3607/4254/3607 3608/4255/3608 3603/4244/3603
f 3608/4255/3608 3607/4254/3607 3606/4249/3606
f 3605/4248/3605 3609/4256/3609 3608/4255/3608
f 2225/4243/2225 2222/4246/2222 3604/4245/3604
f 3610/4257/3610 3600/4240/3600 3584/4224/3584
f 3608/4255/3608 3606/4249/3606 3605/4248/3605
f 3611/4258/3611 3606/4249/3606 3607/4254/3607
f 3612/4259/3612 3613/4260/3613 3614/4261/3614
f 3604/4245/3604 3615/4262/3615 3607/4254/3607
f 3611/4258/3611 3615/4262/3615 3594/4234/3594
f 3616/4263/3616 3617/4264/3617 2197/4265/2197
f 3615/4262/3615 3604/4245/3604 2224/4247/2224
f 2225/4243/2225 3607/4254/3607 3603/4244/3603
f 3611/4258/3611 3607/4254/3607 3615/4262/3615
f 3608/4255/3608 3609/4256/3609 3603/4244/3603
f 3593/4233/3593 3606/4249/3606 3611/4258/3611
f 3607/4254/3607 2225/4243/2225 3604/4245/3604
f 3594/4234/3594 3593/4233/3593 3611/4258/3611
f 3595/4235/3595 3587/4227/3587 3618/4266/3618
f 3615/4262/3615 2224/4247/2224 3619/4267/3619
f 3619/4267/3619 2224/4247/2224 2220/4268/2220
f 3594/4234/3594 3615/4262/3615 3619/4267/3619
f 3619/4267/3619 2220/4268/2220 3617/4264/3617
f 3617/4264/3617 3594/4234/3594 3619/4267/3619
f 3617/4264/3617 2220/4268/2220 2197/4265/2197
f 2197/4265/2197 2196/4269/2196 3616/4263/3616
f 3620/4270/3620 3621/4271/3621 3588/4228/3588
f 3622/4272/3622 3623/4273/3623 3624/4274/3624
f 3614/4261/3614 3613/4260/3613 3625/4275/3625
f 3626/4276/3626 3627/4277/3627 3043/4278/3043
f 3628/4279/3628 3629/4280/3629 3630/4281/3630
f 3586/4226/3586 3588/4228/3588 3584/4224/3584
f 3631/4282/3631 3592/4232/3592 3591/4231/3591
f 3592/4232/3592 3599/4239/3599 3590/4230/3590
f 3610/4257/3610 3632/4283/3632 3600/4240/3600
f 3633/4284/3633 3632/4283/3632 3634/4285/3634
f 3633/4284/3633 3634/4285/3634 3635/4286/3635
f 3630/4281/3630 3635/4286/3635 3628/4279/3628
f 3636/4287/3636 3625/4275/3625 3613/4260/3613
f 3597/4237/3597 3599/4239/3599 3598/4238/3598
f 3637/4288/3637 3584/4224/3584 3588/4228/3588
f 3629/4280/3629 3628/4279/3628 3638/4289/3638
f 3631/4282/3631 3629/4280/3629 3638/4289/3638
f 3631/4282/3631 3599/4239/3599 3592/4232/3592
f 3610/4257/3610 3584/4224/3584 3639/4290/3639
f 3605/4248/3605 3640/4291/3640 3641/4292/3641
f 3642/4293/3642 3634/4285/3634 3632/4283/3632
f 3635/4286/3635 3643/4294/3643 3628/4279/3628
f 3587/4227/3587 3644/4295/3644 3645/4296/3645
f 3616/4263/3616 2216/4297/2216 3646/4298/3646
f 3647/4299/3647 3648/4300/3648 3645/4296/3645
f 3589/4229/3589 3621/4271/3621 3649/4301/3649
f 3613/4260/3613 3620/4270/3620 3636/4287/3636
f 3593/4233/3593 3595/4235/3595 3618/4266/3618
f 3620/4270/3620 3650/4302/3650 3621/4271/3621
f 3651/4303/3651 3648/4300/3648 3652/4304/3652
f 3653/4305/3653 3600/4240/3600 3633/4284/3633
f 3649/4301/3649 3640/4291/3640 3589/4229/3589
f 3639/4290/3639 3584/4224/3584 3637/4288/3637
f 3638/4289/3638 3628/4279/3628 3654/4306/3654
f 3631/4282/3631 3638/4289/3638 3655/4307/3655
f 3628/4279/3628 3643/4294/3643 3654/4306/3654
f 3643/4294/3643 3634/4285/3634 3642/4293/3642
f 3656/4308/3656 3657/4309/3657 3658/4310/3658
f 2216/4297/2216 3659/4311/3659 3646/4298/3646
f 3630/4281/3630 3629/4280/3629 3591/4231/3591
f 3653/4305/3653 3601/4241/3601 3600/4240/3600
f 3647/4299/3647 3644/4295/3644 3646/4298/3646
f 3648/4300/3648 3647/4299/3647 3660/4312/3660
f 3584/4224/3584 3601/4241/3601 3585/4225/3585
f 2196/4269/2196 2216/4297/2216 3616/4263/3616
f 3597/4237/3597 3661/4313/3661 3590/4230/3590
f 3621/4271/3621 3650/4302/3650 3649/4301/3649
f 3655/4307/3655 3654/4306/3654 3626/4276/3626
f 3659/4311/3659 138/4314/138 137/4315/137
f 3645/4296/3645 3644/4295/3644 3647/4299/3647
f 3645/4296/3645 3662/4316/3662 3663/4317/3663
f 3655/4307/3655 3638/4289/3638 3654/4306/3654
f 3596/4236/3596 3598/4238/3598 3664/4318/3664
f 3642/4293/3642 3654/4306/3654 3643/4294/3643
f 3596/4236/3596 3661/4313/3661 3597/4237/3597
f 3665/4319/3665 3620/4270/3620 3613/4260/3613
f 3616/4263/3616 3595/4235/3595 3617/4264/3617
f 3618/4266/3618 3587/4227/3587 3589/4229/3589
f 3657/4309/3657 3666/4320/3666 3627/4277/3627
f 3631/4282/3631 3591/4231/3591 3629/4280/3629
f 3636/4287/3636 3586/4226/3586 3625/4275/3625
f 3667/4321/3667 3650/4302/3650 3620/4270/3620
f 3668/4322/3668 3662/4316/3662 3669/4323/3669
f 3669/4323/3669 3645/4296/3645 3648/4300/3648
f 3599/4239/3599 3631/4282/3631 3670/4324/3670
f 3655/4307/3655 3626/4276/3626 3670/4324/3670
f 3660/4312/3660 3652/4304/3652 3648/4300/3648
f 3588/4228/3588 3636/4287/3636 3620/4270/3620
f 3647/4299/3647 3659/4311/3659 137/4315/137
f 3671/4325/3671 3646/4298/3646 3644/4295/3644
f 3640/4291/3640 3618/4266/3618 3589/4229/3589
f 3672/4326/3672 3673/4327/3673 3669/4323/3669
f 3668/4322/3668 3674/4328/3674 3663/4317/3663
f 3669/4323/3669 3648/4300/3648 3672/4326/3672
f 3658/4310/3658 3675/4329/3675 3663/4317/3663
f 3626/4276/3626 3654/4306/3654 3627/4277/3627
f 3101/4330/3101 3664/4318/3664 3102/4331/3102
f 3043/4278/3043 3670/4324/3670 3626/4276/3626
f 3664/4318/3664 3170/4332/3170 3102/4331/3102
f 3594/4234/3594 3617/4264/3617 3595/4235/3595
f 3654/4306/3654 3675/4329/3675 3627/4277/3627
f 3623/4273/3623 3601/4241/3601 3653/4305/3653
f 3664/4318/3664 3598/4238/3598 3170/4332/3170
f 3170/4332/3170 3598/4238/3598 3045/4333/3045
f 3585/4225/3585 3601/4241/3601 3623/4273/3623
f 3676/4334/3676 3677/4335/3677 3678/4336/3678
f 3679/4337/3679 3680/4338/3680 3681/4339/3681
f 3682/4340/3682 3683/4341/3683 3684/4342/3684
f 3685/4343/3685 2029/4344/2029 1994/4345/1994
f 3596/4236/3596 3664/4318/3664 3661/4313/3661
f 3686/4346/3686 3652/4304/3652 3687/4347/3687
f 3688/4348/3688 3689/4349/3689 3690/4350/3690
f 3625/4275/3625 3585/4225/3585 3691/4351/3691
f 3645/4296/3645 3669/4323/3669 3662/4316/3662
f 3657/4309/3657 3627/4277/3627 3675/4329/3675
f 3692/4352/3692 2010/4353/2010 3690/4350/3690
f 3635/4286/3635 3634/4285/3634 3643/4294/3643
f 3593/4233/3593 3618/4266/3618 3605/4248/3605
f 3693/4354/3693 3694/4355/3694 3695/4356/3695
f 3684/4342/3684 3696/4357/3696 3697/4358/3697
f 3680/4338/3680 3698/4359/3698 3681/4339/3681
f 3689/4349/3689 3699/4360/3699 3690/4350/3690
f 3639/4290/3639 3675/4329/3675 3642/4293/3642
f 3624/4274/3624 3623/4273/3623 3653/4305/3653
f 3585/4225/3585 3623/4273/3623 3622/4272/3622
f 500/4361/500 487/4362/487 3700/4363/3700
f 3701/4364/3701 3679/4337/3679 3681/4339/3681
f 3605/4248/3605 3618/4266/3618 3640/4291/3640
f 3616/4263/3616 3646/4298/3646 3671/4325/3671
f 3691/4351/3691 3585/4225/3585 3622/4272/3622
f 3663/4317/3663 3674/4328/3674 3658/4310/3658
f 487/4362/487 486/4365/486 3700/4363/3700
f 3702/4366/3702 3690/4350/3690 3699/4360/3699
f 3640/4291/3640 3649/4301/3649 3641/4292/3641
f 3650/4302/3650 3641/4292/3641 3649/4301/3649
f 3693/4354/3693 3690/4350/3690 3702/4366/3702
f 3703/4367/3703 3704/4368/3704 3612/4259/3612
f 3685/4343/3685 1994/4345/1994 3692/4352/3692
f 3697/4358/3697 3705/4369/3705 3661/4313/3661
f 3657/4309/3657 3675/4329/3675 3658/4310/3658
f 3693/4354/3693 3706/4370/3706 3692/4352/3692
f 3585/4225/3585 3625/4275/3625 3586/4226/3586
f 3707/4371/3707 3708/4372/3708 3709/4373/3709
f 3694/4355/3694 3693/4354/3693 3710/4374/3710
f 3678/4336/3678 3672/4326/3672 3711/4375/3711
f 3685/4343/3685 3683/4341/3683 3682/4340/3682
f 3651/4303/3651 3652/4304/3652 3686/4346/3686
f 3712/4376/3712 3709/4373/3709 3698/4359/3698
f 3713/4377/3713 3653/4305/3653 3714/4378/3714
f 3621/4271/3621 3589/4229/3589 3588/4228/3588
f 3700/4363/3700 3689/4349/3689 3688/4348/3688
f 2008/4379/2008 3688/4348/3688 2010/4353/2010
f 3045/4333/3045 3670/4324/3670 3042/4380/3042
f 3683/4341/3683 3692/4352/3692 3706/4370/3706
f 3699/4360/3699 3689/4349/3689 3709/4373/3709
f 486/4365/486 3715/4381/3715 3700/4363/3700
f 3692/4352/3692 3683/4341/3683 3685/4343/3685
f 3665/4319/3665 3667/4321/3667 3620/4270/3620
f 3674/4328/3674 3716/4382/3716 3658/4310/3658
f 3613/4260/3613 3612/4259/3612 3665/4319/3665
f 3699/4360/3699 3717/4383/3717 3702/4366/3702
f 2008/4379/2008 500/4361/500 3688/4348/3688
f 3603/4244/3603 3680/4338/3680 3679/4337/3679
f 3706/4370/3706 3693/4354/3693 3695/4356/3695
f 3625/4275/3625 3691/4351/3691 3614/4261/3614
f 3702/4366/3702 3710/4374/3710 3693/4354/3693
f 3598/4238/3598 3670/4324/3670 3045/4333/3045
f 496/4384/496 3715/4381/3715 486/4365/486
f 3713/4377/3713 3624/4274/3624 3653/4305/3653
f 3614/4261/3614 3691/4351/3691 3622/4272/3622
f 3612/4259/3612 3704/4368/3704 3712/4376/3712
f 3709/4373/3709 3712/4376/3712 3704/4368/3704
f 3704/4368/3704 3717/4383/3717 3699/4360/3699
f 3684/4342/3684 3095/4385/3095 3682/4340/3682
f 3095/4385/3095 3684/4342/3684 3697/4358/3697
f 3708/4372/3708 3681/4339/3681 3698/4359/3698
f 3633/4284/3633 3718/4386/3718 3714/4378/3714
f 3702/4366/3702 3717/4383/3717 3710/4374/3710
f 496/4384/496 3719/4387/3719 3715/4381/3715
f 3678/4336/3678 3674/4328/3674 3673/4327/3673
f 2029/4344/2029 3685/4343/3685 3682/4340/3682
f 3711/4375/3711 3672/4326/3672 3651/4303/3651
f 3709/4373/3709 3704/4368/3704 3699/4360/3699
f 3696/4357/3696 3706/4370/3706 3695/4356/3695
f 3710/4374/3710 3714/4378/3714 3694/4355/3694
f 3622/4272/3622 3624/4274/3624 3703/4367/3703
f 3605/4248/3605 3641/4292/3641 3609/4256/3609
f 3708/4372/3708 3715/4381/3715 3719/4387/3719
f 3642/4293/3642 3610/4257/3610 3639/4290/3639
f 3630/4281/3630 3694/4355/3694 3714/4378/3714
f 3641/4292/3641 3650/4302/3650 3720/4388/3720
f 3708/4372/3708 3698/4359/3698 3709/4373/3709
f 3703/4367/3703 3717/4383/3717 3704/4368/3704
f 3609/4256/3609 3680/4338/3680 3603/4244/3603
f 3706/4370/3706 3696/4357/3696 3684/4342/3684
f 3679/4337/3679 3719/4387/3719 492/4253/492
f 3650/4302/3650 3667/4321/3667 3721/4389/3721
f 3043/4278/3043 3251/4390/3251 3047/4391/3047
f 3692/4352/3692 3690/4350/3690 3693/4354/3693
f 3695/4356/3695 3694/4355/3694 3696/4357/3696
f 3707/4371/3707 3715/4381/3715 3708/4372/3708
f 3665/4319/3665 3612/4259/3612 3722/4392/3722
f 3689/4349/3689 3707/4371/3707 3709/4373/3709
f 3719/4387/3719 3701/4364/3701 3708/4372/3708
f 3696/4357/3696 3630/4281/3630 3705/4369/3705
f 3689/4349/3689 3700/4363/3700 3707/4371/3707
f 3636/4287/3636 3588/4228/3588 3586/4226/3586
f 3698/4359/3698 3612/4259/3612 3712/4376/3712
f 3721/4389/3721 3667/4321/3667 3665/4319/3665
f 3700/4363/3700 3715/4381/3715 3707/4371/3707
f 3719/4387/3719 496/4384/496 492/4253/492
f 3713/4377/3713 3714/4378/3714 3710/4374/3710
f 3663/4317/3663 3637/4288/3637 3645/4296/3645
f 3717/4383/3717 3703/4367/3703 3624/4274/3624
f 3612/4259/3612 3614/4261/3614 3703/4367/3703
f 3723/4393/3723 3651/4303/3651 3686/4346/3686
f 3711/4375/3711 3651/4303/3651 3723/4393/3723
f 3660/4312/3660 3647/4299/3647 137/4315/137
f 3724/4394/3724 3251/4390/3251 3043/4278/3043
f 3042/4380/3042 3670/4324/3670 3043/4278/3043
f 3642/4293/3642 3675/4329/3675 3654/4306/3654
f 3664/4318/3664 3101/4330/3101 3697/4358/3697
f 3696/4357/3696 3694/4355/3694 3630/4281/3630
f 3682/4340/3682 3171/4395/3171 2029/4344/2029
f 3171/4395/3171 2005/4396/2005 2029/4344/2029
f 3171/4395/3171 3682/4340/3682 3095/4385/3095
f 3719/4387/3719 3679/4337/3679 3701/4364/3701
f 3609/4256/3609 3641/4292/3641 3720/4388/3720
f 3720/4388/3720 3650/4302/3650 3721/4389/3721
f 3720/4388/3720 3680/4338/3680 3609/4256/3609
f 3681/4339/3681 3708/4372/3708 3701/4364/3701
f 3713/4377/3713 3717/4383/3717 3624/4274/3624
f 3722/4392/3722 3612/4259/3612 3698/4359/3698
f 3705/4369/3705 3697/4358/3697 3696/4357/3696
f 3679/4337/3679 492/4253/492 3602/4242/3602
f 3722/4392/3722 3698/4359/3698 3680/4338/3680
f 3661/4313/3661 3705/4369/3705 3590/4230/3590
f 3690/4350/3690 2010/4353/2010 3688/4348/3688
f 3705/4369/3705 3591/4231/3591 3590/4230/3590
f 3706/4370/3706 3684/4342/3684 3683/4341/3683
f 3653/4305/3653 3633/4284/3633 3714/4378/3714
f 3721/4389/3721 3722/4392/3722 3720/4388/3720
f 3718/4386/3718 3635/4286/3635 3630/4281/3630
f 3688/4348/3688 500/4361/500 3700/4363/3700
f 3616/4263/3616 3671/4325/3671 3595/4235/3595
f 3678/4336/3678 3716/4382/3716 3674/4328/3674
f 3661/4313/3661 3664/4318/3664 3697/4358/3697
f 3718/4386/3718 3630/4281/3630 3714/4378/3714
f 2010/4353/2010 3692/4352/3692 1994/4345/1994
f 3645/4296/3645 3637/4288/3637 3587/4227/3587
f 3101/4330/3101 3095/4385/3095 3697/4358/3697
f 3630/4281/3630 3591/4231/3591 3705/4369/3705
f 3633/4284/3633 3635/4286/3635 3718/4386/3718
f 3603/4244/3603 3679/4337/3679 3602/4242/3602
f 3595/4235/3595 3671/4325/3671 3587/4227/3587
f 3656/4308/3656 3666/4320/3666 3657/4309/3657
f 3673/4327/3673 3668/4322/3668 3669/4323/3669
f 3717/4383/3717 3713/4377/3713 3710/4374/3710
f 3631/4282/3631 3655/4307/3655 3670/4324/3670
f 3672/4326/3672 3678/4336/3678 3673/4327/3673
f 3656/4308/3656 3716/4382/3716 3677/4335/3677
f 3724/4394/3724 3666/4320/3666 3656/4308/3656
f 3633/4284/3633 3600/4240/3600 3632/4283/3632
f 3677/4335/3677 3716/4382/3716 3678/4336/3678
f 3687/4347/3687 3652/4304/3652 3660/4312/3660
f 3656/4308/3656 3658/4310/3658 3716/4382/3716
f 3651/4303/3651 3672/4326/3672 3648/4300/3648
f 3659/4311/3659 3647/4299/3647 3646/4298/3646
f 3632/4283/3632 3610/4257/3610 3642/4293/3642
f 3627/4277/3627 3666/4320/3666 3724/4394/3724
f 3676/4334/3676 3678/4336/3678 3711/4375/3711
f 3663/4317/3663 3639/4290/3639 3637/4288/3637
f 3675/4329/3675 3639/4290/3639 3663/4317/3663
f 3587/4227/3587 3637/4288/3637 3588/4228/3588
f 3703/4367/3703 3614/4261/3614 3622/4272/3622
f 3598/4238/3598 3599/4239/3599 3670/4324/3670
f 3663/4317/3663 3662/4316/3662 3668/4322/3668
f 3043/4278/3043 3627/4277/3627 3724/4394/3724
f 3671/4325/3671 3644/4295/3644 3587/4227/3587
f 3720/4388/3720 3722/4392/3722 3680/4338/3680
f 3674/4328/3674 3668/4322/3668 3673/4327/3673
f 3722/4392/3722 3721/4389/3721 3665/4319/3665
f 3659/4311/3659 2216/4297/2216 138/4314/138
f 3474/4397/3474 3476/4398/3476 3725/4399/3725
f 3726/4400/3726 3727/4401/3727 3728/4402/3728
f 3729/4403/3729 3730/4404/3730 3731/4405/3731
f 3732/4406/3732 3733/4407/3733 3734/4408/3734
f 3735/4409/3735 3736/4410/3736 3737/4411/3737
f 3738/4412/3738 3739/4413/3739 3740/4414/3740
f 3741/4415/3741 3726/4400/3726 3728/4402/3728
f 3742/4416/3742 3743/4417/3743 3744/4418/3744
f 3745/4419/3745 3746/4420/3746 3747/4421/3747
f 3745/4419/3745 3747/4421/3747 3748/4422/3748
f 3749/4423/3749 3737/4411/3737 3736/4410/3736
f 3747/4421/3747 3737/4411/3737 3748/4422/3748
f 3741/4415/3741 3728/4402/3728 3750/4424/3750
f 3751/4425/3751 3752/4426/3752 3753/4427/3753
f 3754/4428/3754 3726/4400/3726 3755/4429/3755
f 3748/4422/3748 3737/4411/3737 3756/4430/3756
f 3757/4431/3757 3758/4432/3758 3727/4401/3727
f 3759/4433/3759 3727/4401/3727 3758/4432/3758
f 3760/4434/3760 3761/4435/3761 3762/4436/3762
f 3750/4424/3750 3763/4437/3763 3741/4415/3741
f 3764/4438/3764 3733/4407/3733 3765/4439/3765
f 3766/4440/3766 3767/4441/3767 3755/4429/3755
f 3768/4442/3768 3754/4428/3754 3755/4429/3755
f 3755/4429/3755 3741/4415/3741 3766/4440/3766
f 3763/4437/3763 3769/4443/3769 3741/4415/3741
f 3768/4442/3768 3755/4429/3755 3767/4441/3767
f 3770/4444/3770 3771/4445/3771 3767/4441/3767
f 3769/4443/3769 3766/4440/3766 3741/4415/3741
f 3769/4443/3769 3772/4446/3772 3766/4440/3766
f 3734/4408/3734 3751/4425/3751 3753/4427/3753
f 3773/4447/3773 3774/4448/3774 3775/4449/3775
f 3750/4424/3750 3776/4450/3776 3763/4437/3763
f 3772/4446/3772 3769/4443/3769 3777/4451/3777
f 3778/4452/3778 3779/4453/3779 3780/4454/3780
f 3781/4455/3781 3782/4456/3782 3783/4457/3783
f 3784/4458/3784 3785/4459/3785 3786/4460/3786
f 3749/4423/3749 3787/4461/3787 3762/4436/3762
f 3766/4440/3766 3772/4446/3772 3767/4441/3767
f 3774/4448/3774 3785/4459/3785 3788/4462/3788
f 3768/4442/3768 3767/4441/3767 3771/4445/3771
f 3789/4463/3789 3790/4464/3790 3791/4465/3791
f 3792/4466/3792 3779/4453/3779 3793/4467/3793
f 3749/4423/3749 3761/4435/3761 3794/4468/3794
f 3779/4453/3779 3795/4469/3795 3793/4467/3793
f 2354/4470/2354 3796/4471/3796 2431/4472/2431
f 3795/4469/3795 3760/4434/3760 3793/4467/3793
f 3797/4473/3797 3798/4474/3798 3799/4475/3799
f 162/4476/162 3800/4477/3800 3801/4478/3801
f 3802/4479/3802 3788/4462/3788 3785/4459/3785
f 3749/4423/3749 3736/4410/3736 3803/4480/3803
f 3779/4453/3779 3764/4438/3764 3795/4469/3795
f 3752/4426/3752 3804/4481/3804 3753/4427/3753
f 3740/4414/3740 3739/4413/3739 3805/4482/3805
f 3806/4483/3806 3739/4413/3739 3738/4412/3738
f 3750/4424/3750 3807/4484/3807 3776/4450/3776
f 3733/4407/3733 3764/4438/3764 3808/4485/3808
f 162/4476/162 3801/4478/3801 3809/4486/3809
f 3778/4452/3778 3810/4487/3810 3811/4488/3811
f 3798/4474/3798 3782/4456/3782 3780/4454/3780
f 3808/4485/3808 3764/4438/3764 3812/4489/3812
f 3801/4478/3801 3763/4437/3763 3809/4486/3809
f 3747/4421/3747 3746/4420/3746 3735/4409/3735
f 3749/4423/3749 3762/4436/3762 3761/4435/3761
f 3813/4490/3813 3784/4458/3784 3786/4460/3786
f 2354/4470/2354 2353/4491/2353 3796/4471/3796
f 3794/4468/3794 3737/4411/3737 3749/4423/3749
f 3726/4400/3726 3741/4415/3741 3755/4429/3755
f 3814/4492/3814 3776/4450/3776 3807/4484/3807
f 3775/4449/3775 3736/4410/3736 3773/4447/3773
f 3760/4434/3760 3815/4493/3815 3816/4494/3816
f 3780/4454/3780 3779/4453/3779 3799/4475/3799
f 3804/4481/3804 3756/4430/3756 3765/4439/3765
f 3817/4495/3817 3751/4425/3751 3734/4408/3734
f 3818/4496/3818 3815/4493/3815 3819/4497/3819
f 3808/4485/3808 3820/4498/3820 3733/4407/3733
f 3748/4422/3748 3756/4430/3756 3804/4481/3804
f 2353/4491/2353 3821/4499/3821 3796/4471/3796
f 3745/4419/3745 3748/4422/3748 3752/4426/3752
f 3822/4500/3822 3746/4420/3746 3745/4419/3745
f 3774/4448/3774 3773/4447/3773 3823/4501/3823
f 3820/4498/3820 3817/4495/3817 3734/4408/3734
f 3813/4490/3813 3824/4502/3824 3784/4458/3784
f 3812/4489/3812 3764/4438/3764 3779/4453/3779
f 3825/4503/3825 3802/4479/3802 3784/4458/3784
f 3801/4478/3801 3777/4451/3777 3769/4443/3769
f 3818/4496/3818 3793/4467/3793 3816/4494/3816
f 3753/4427/3753 3804/4481/3804 3732/4406/3732
f 3800/4477/3800 162/4476/162 161/4504/161
f 3746/4420/3746 3823/4501/3823 3773/4447/3773
f 3826/4505/3826 3818/4496/3818 3819/4497/3819
f 3772/4446/3772 1634/4506/1634 3770/4444/3770
f 3512/4507/3512 3474/4397/3474 3827/4508/3827
f 3800/4477/3800 3828/4509/3828 3801/4478/3801
f 3798/4474/3798 3797/4473/3797 3783/4457/3783
f 3779/4453/3779 3778/4452/3778 3812/4489/3812
f 3798/4474/3798 3780/4454/3780 3799/4475/3799
f 3808/4485/3808 3811/4488/3811 3820/4498/3820
f 3801/4478/3801 3769/4443/3769 3763/4437/3763
f 3760/4434/3760 3829/4510/3829 3815/4493/3815
f 3777/4451/3777 3801/4478/3801 3828/4509/3828
f 3743/4417/3743 3757/4431/3757 3744/4418/3744
f 3820/4498/3820 3830/4511/3830 3817/4495/3817
f 3831/4512/3831 3745/4419/3745 3752/4426/3752
f 3772/4446/3772 177/4513/177 1635/4514/1635
f 3784/4458/3784 3824/4502/3824 3825/4503/3825
f 161/4504/161 3828/4509/3828 3800/4477/3800
f 3823/4501/3823 3746/4420/3746 3822/4500/3822
f 3793/4467/3793 3818/4496/3818 3792/4466/3792
f 3831/4512/3831 3752/4426/3752 3832/4515/3832
f 3811/4488/3811 3808/4485/3808 3812/4489/3812
f 3833/4516/3833 3742/4416/3742 3834/4517/3834
f 3744/4418/3744 3768/4442/3768 3771/4445/3771
f 3738/4412/3738 3825/4503/3825 3824/4502/3824
f 3835/4518/3835 3797/4473/3797 3799/4475/3799
f 3752/4426/3752 3751/4425/3751 3832/4515/3832
f 3743/4417/3743 3758/4432/3758 3757/4431/3757
f 3828/4509/3828 178/4519/178 3772/4446/3772
f 3772/4446/3772 178/4519/178 177/4513/177
f 3836/4520/3836 3837/4521/3837 3838/4522/3838
f 3832/4515/3832 3839/4523/3839 3840/4524/3840
f 3772/4446/3772 3770/4444/3770 3767/4441/3767
f 3759/4433/3759 3758/4432/3758 3841/4525/3841
f 3804/4481/3804 3752/4426/3752 3748/4422/3748
f 3734/4408/3734 3733/4407/3733 3820/4498/3820
f 3772/4446/3772 1635/4514/1635 1634/4506/1634
f 3754/4428/3754 3744/4418/3744 3757/4431/3757
f 3774/4448/3774 3842/4526/3842 3775/4449/3775
f 3799/4475/3799 3779/4453/3779 3792/4466/3792
f 3831/4512/3831 3822/4500/3822 3745/4419/3745
f 178/4519/178 3828/4509/3828 161/4504/161
f 3778/4452/3778 3811/4488/3811 3812/4489/3812
f 3772/4446/3772 3777/4451/3777 3828/4509/3828
f 3799/4475/3799 3792/4466/3792 3835/4518/3835
f 3818/4496/3818 3826/4505/3826 3759/4433/3759
f 3797/4473/3797 3834/4517/3834 3783/4457/3783
f 3780/4454/3780 3810/4487/3810 3778/4452/3778
f 3833/4516/3833 3743/4417/3743 3742/4416/3742
f 3760/4434/3760 3795/4469/3795 3761/4435/3761
f 3830/4511/3830 3811/4488/3811 3810/4487/3810
f 3819/4497/3819 3815/4493/3815 3829/4510/3829
f 3841/4525/3841 3835/4518/3835 3792/4466/3792
f 3826/4505/3826 3843/4527/3843 3814/4492/3814
f 3759/4433/3759 3841/4525/3841 3818/4496/3818
f 3763/4437/3763 3844/4528/3844 3809/4486/3809
f 3735/4409/3735 3773/4447/3773 3736/4410/3736
f 3761/4435/3761 3765/4439/3765 3756/4430/3756
f 3844/4528/3844 3763/4437/3763 3776/4450/3776
f 3845/4529/3845 3846/4530/3846 3838/4522/3838
f 3765/4439/3765 3732/4406/3732 3804/4481/3804
f 3795/4469/3795 3764/4438/3764 3761/4435/3761
f 3725/4399/3725 3847/4531/3847 3474/4397/3474
f 3753/4427/3753 3732/4406/3732 3734/4408/3734
f 3796/4471/3796 3821/4499/3821 3790/4464/3790
f 3780/4454/3780 3848/4532/3848 3810/4487/3810
f 2431/4472/2431 3789/4463/3789 3849/4533/3849
f 3833/4516/3833 3835/4518/3835 3758/4432/3758
f 3824/4502/3824 3850/4534/3850 3458/4535/3458
f 3851/4536/3851 3731/4405/3731 3836/4520/3836
f 3852/4537/3852 3823/4501/3823 3822/4500/3822
f 3829/4510/3829 3762/4436/3762 3787/4461/3787
f 3756/4430/3756 3794/4468/3794 3761/4435/3761
f 3788/4462/3788 3842/4526/3842 3774/4448/3774
f 3853/4538/3853 3791/4465/3791 3790/4464/3790
f 3854/4539/3854 3855/4540/3855 3856/4541/3856
f 3818/4496/3818 3841/4525/3841 3792/4466/3792
f 3857/4542/3857 3858/4543/3858 3859/4544/3859
f 3785/4459/3785 3784/4458/3784 3802/4479/3802
f 3860/4545/3860 3861/4546/3861 3862/4547/3862
f 3476/4398/3476 3850/4534/3850 3852/4537/3852
f 3790/4464/3790 3821/4499/3821 3863/4548/3863
f 3758/4432/3758 3835/4518/3835 3841/4525/3841
f 3813/4490/3813 3786/4460/3786 3852/4537/3852
f 3835/4518/3835 3833/4516/3833 3797/4473/3797
f 3756/4430/3756 3737/4411/3737 3794/4468/3794
f 3826/4505/3826 3807/4484/3807 3727/4401/3727
f 3817/4495/3817 3830/4511/3830 3854/4539/3854
f 3847/4531/3847 3839/4523/3839 3864/4549/3864
f 3827/4508/3827 3847/4531/3847 3857/4542/3857
f 3865/4550/3865 3849/4533/3849 3866/4551/3866
f 3854/4539/3854 3856/4541/3856 3867/4552/3867
f 3857/4542/3857 3864/4549/3864 3858/4543/3858
f 3782/4456/3782 3848/4532/3848 3780/4454/3780
f 3786/4460/3786 3774/4448/3774 3823/4501/3823
f 3833/4516/3833 3834/4517/3834 3797/4473/3797
f 3865/4550/3865 3868/4553/3868 3862/4547/3862
f 3860/4545/3860 3868/4553/3868 3791/4465/3791
f 3791/4465/3791 3868/4553/3868 3866/4551/3866
f 3546/4554/3546 3511/4555/3511 3859/4544/3859
f 3855/4540/3855 3869/4556/3869 3870/4557/3870
f 3765/4439/3765 3761/4435/3761 3764/4438/3764
f 3859/4544/3859 3858/4543/3858 3871/4558/3871
f 3870/4557/3870 3856/4541/3856 3855/4540/3855
f 3522/4559/3522 3790/4464/3790 3523/4560/3523
f 3864/4549/3864 3872/4561/3872 3867/4552/3867
f 3862/4547/3862 3861/4546/3861 3873/4562/3873
f 3862/4547/3862 3868/4553/3868 3860/4545/3860
f 3839/4523/3839 3874/4563/3874 3875/4564/3875
f 3867/4552/3867 3858/4543/3858 3864/4549/3864
f 3850/4534/3850 3824/4502/3824 3813/4490/3813
f 3876/4565/3876 3853/4538/3853 3870/4557/3870
f 3836/4520/3836 3731/4405/3731 3730/4404/3730
f 3862/4547/3862 3873/4562/3873 3865/4550/3865
f 3732/4406/3732 3765/4439/3765 3733/4407/3733
f 3846/4530/3846 3851/4536/3851 3838/4522/3838
f 3875/4564/3875 3751/4425/3751 3817/4495/3817
f 3725/4399/3725 3822/4500/3822 3847/4531/3847
f 3877/4566/3877 3871/4558/3871 3522/4559/3522
f 3458/4535/3458 3850/4534/3850 3437/4567/3437
f 3791/4465/3791 3876/4565/3876 3860/4545/3860
f 3853/4538/3853 3871/4558/3871 3870/4557/3870
f 3876/4565/3876 3861/4546/3861 3860/4545/3860
f 3877/4566/3877 3522/4559/3522 3524/4568/3524
f 3830/4511/3830 3810/4487/3810 3836/4520/3836
f 3771/4445/3771 3878/4569/3878 3744/4418/3744
f 3738/4412/3738 3824/4502/3824 3806/4483/3806
f 3823/4501/3823 3852/4537/3852 3786/4460/3786
f 3879/4570/3879 3867/4552/3867 3872/4561/3872
f 3744/4418/3744 3878/4569/3878 3742/4416/3742
f 3729/4403/3729 3880/4571/3880 3861/4546/3861
f 3783/4457/3783 3782/4456/3782 3798/4474/3798
f 3877/4566/3877 3859/4544/3859 3871/4558/3871
f 3840/4524/3840 3822/4500/3822 3831/4512/3831
f 3847/4531/3847 3840/4524/3840 3839/4523/3839
f 3853/4538/3853 3790/4464/3790 3522/4559/3522
f 3727/4401/3727 3759/4433/3759 3826/4505/3826
f 3865/4550/3865 2373/4572/2373 3849/4533/3849
f 3486/4573/3486 3824/4502/3824 3458/4535/3458
f 3864/4549/3864 3875/4564/3875 3872/4561/3872
f 3806/4483/3806 3486/4573/3486 3573/4574/3573
f 3827/4508/3827 3474/4397/3474 3847/4531/3847
f 2431/4472/2431 3849/4533/3849 2367/4575/2367
f 3787/4461/3787 3749/4423/3749 3803/4480/3803
f 3813/4490/3813 3852/4537/3852 3850/4534/3850
f 3876/4565/3876 3869/4556/3869 3729/4403/3729
f 3774/4448/3774 3786/4460/3786 3785/4459/3785
f 3818/4496/3818 3816/4494/3816 3815/4493/3815
f 3807/4484/3807 3826/4505/3826 3814/4492/3814
f 3819/4497/3819 3843/4527/3843 3826/4505/3826
f 3849/4533/3849 2373/4572/2373 2367/4575/2367
f 3881/4576/3881 3882/4577/3882 3846/4530/3846
f 3871/4558/3871 3858/4543/3858 3867/4552/3867
f 3757/4431/3757 3726/4400/3726 3754/4428/3754
f 3850/4534/3850 3476/4398/3476 3437/4567/3437
f 3822/4500/3822 3725/4399/3725 3852/4537/3852
f 3773/4447/3773 3735/4409/3735 3746/4420/3746
f 3725/4399/3725 3476/4398/3476 3852/4537/3852
f 3511/4555/3511 3512/4507/3512 3827/4508/3827
f 3805/4482/3805 3739/4413/3739 3580/4578/3580
f 3878/4569/3878 259/4579/259 3783/4457/3783
f 2373/4572/2373 3865/4550/3865 2380/4580/2380
f 3796/4471/3796 3790/4464/3790 3789/4463/3789
f 3849/4533/3849 3789/4463/3789 3866/4551/3866
f 3730/4404/3730 3729/4403/3729 3855/4540/3855
f 3881/4576/3881 259/4579/259 258/4581/258
f 3875/4564/3875 3864/4549/3864 3839/4523/3839
f 3865/4550/3865 3873/4562/3873 2380/4580/2380
f 3881/4576/3881 3873/4562/3873 3882/4577/3882
f 259/4579/259 3845/4529/3845 3883/4582/3883
f 3871/4558/3871 3853/4538/3853 3522/4559/3522
f 3836/4520/3836 3810/4487/3810 3837/4521/3837
f 3859/4544/3859 3877/4566/3877 3524/4568/3524
f 3864/4549/3864 3857/4542/3857 3847/4531/3847
f 3762/4436/3762 3829/4510/3829 3760/4434/3760
f 3791/4465/3791 3866/4551/3866 3789/4463/3789
f 3731/4405/3731 3880/4571/3880 3729/4403/3729
f 3870/4557/3870 3871/4558/3871 3856/4541/3856
f 3874/4563/3874 3751/4425/3751 3875/4564/3875
f 101/4583/101 3805/4482/3805 3580/4578/3580
f 3838/4522/3838 3851/4536/3851 3836/4520/3836
f 3727/4401/3727 3807/4484/3807 3728/4402/3728
f 3833/4516/3833 3758/4432/3758 3743/4417/3743
f 3836/4520/3836 3730/4404/3730 3830/4511/3830
f 3832/4515/3832 3874/4563/3874 3839/4523/3839
f 3790/4464/3790 3863/4548/3863 3523/4560/3523
f 259/4579/259 3883/4582/3883 3781/4455/3781
f 3524/4568/3524 3546/4554/3546 3859/4544/3859
f 3791/4465/3791 3853/4538/3853 3876/4565/3876
f 3869/4556/3869 3876/4565/3876 3870/4557/3870
f 3856/4541/3856 3871/4558/3871 3867/4552/3867
f 3846/4530/3846 3880/4571/3880 3851/4536/3851
f 3806/4483/3806 3824/4502/3824 3486/4573/3486
f 3751/4425/3751 3874/4563/3874 3832/4515/3832
f 3727/4401/3727 3726/4400/3726 3757/4431/3757
f 3816/4494/3816 3793/4467/3793 3760/4434/3760
f 3830/4511/3830 3730/4404/3730 3854/4539/3854
f 3846/4530/3846 3882/4577/3882 3880/4571/3880
f 258/4581/258 2380/4580/2380 3881/4576/3881
f 3879/4570/3879 3817/4495/3817 3854/4539/3854
f 3857/4542/3857 3511/4555/3511 3827/4508/3827
f 3830/4511/3830 3820/4498/3820 3811/4488/3811
f 3744/4418/3744 3754/4428/3754 3768/4442/3768
f 3730/4404/3730 3855/4540/3855 3854/4539/3854
f 3782/4456/3782 3883/4582/3883 3848/4532/3848
f 3872/4561/3872 3875/4564/3875 3879/4570/3879
f 3729/4403/3729 3861/4546/3861 3876/4565/3876
f 3882/4577/3882 3873/4562/3873 3861/4546/3861
f 3796/4471/3796 3789/4463/3789 2431/4472/2431
f 3869/4556/3869 3855/4540/3855 3729/4403/3729
f 3739/4413/3739 3806/4483/3806 3580/4578/3580
f 3881/4576/3881 2380/4580/2380 3873/4562/3873
f 3847/4531/3847 3822/4500/3822 3840/4524/3840
f 259/4579/259 3878/4569/3878 255/4584/255
f 3580/4578/3580 3806/4483/3806 3573/4574/3573
f 3867/4552/3867 3879/4570/3879 3854/4539/3854
f 3880/4571/3880 3882/4577/3882 3861/4546/3861
f 3883/4582/3883 3838/4522/3838 3837/4521/3837
f 3837/4521/3837 3810/4487/3810 3848/4532/3848
f 3831/4512/3831 3832/4515/3832 3840/4524/3840
f 3883/4582/3883 3837/4521/3837 3848/4532/3848
f 3875/4564/3875 3817/4495/3817 3879/4570/3879
f 3834/4517/3834 3878/4569/3878 3783/4457/3783
f 3868/4553/3868 3865/4550/3865 3866/4551/3866
f 3881/4576/3881 3846/4530/3846 3845/4529/3845
f 3857/4542/3857 3859/4544/3859 3511/4555/3511
f 3782/4456/3782 3781/4455/3781 3883/4582/3883
f 3851/4536/3851 3880/4571/3880 3731/4405/3731
f 3878/4569/3878 3834/4517/3834 3742/4416/3742
f 3807/4484/3807 3750/4424/3750 3728/4402/3728
f 3783/4457/3783 259/4579/259 3781/4455/3781
f 3735/4409/3735 3737/4411/3737 3747/4421/3747
f 3838/4522/3838 3883/4582/3883 3845/4529/3845
f 3845/4529/3845 259/4579/259 3881/4576/3881
f 255/4584/255 3771/4445/3771 3770/4444/3770
f 255/4584/255 3878/4569/3878 3771/4445/3771
f 255/4584/255 3770/4444/3770 1634/4506/1634
f 2072/4585/2072 2071/4586/2071 3884/4587/3884
f 3885/4588/3885 3886/4589/3886 3887/4590/3887
f 3888/4591/3888 3889/4592/3889 3890/4593/3890
f 3891/4594/3891 3892/4595/3892 3893/4596/3893
f 2072/4585/2072 3894/4597/3894 251/4598/251
f 3895/4599/3895 2401/4600/2401 2350/4601/2350
f 3896/4602/3896 3897/4603/3897 3898/4604/3898
f 3899/4605/3899 3900/4606/3900 3901/4607/3901
f 3902/4608/3902 3903/4609/3903 3904/4610/3904
f 3905/4611/3905 3906/4612/3906 3907/4613/3907
f 3908/4614/3908 3898/4604/3898 3909/4615/3909
f 3910/4616/3910 3911/4617/3911 3902/4608/3902
f 3912/4618/3912 3892/4595/3892 3891/4594/3891
f 3913/4619/3913 3897/4603/3897 3896/4602/3896
f 3914/4620/3914 3915/4621/3915 3916/4622/3916
f 2315/4623/2315 251/4598/251 3917/4624/3917
f 3918/4625/3918 3919/4626/3919 3920/4627/3920
f 3912/4618/3912 3921/4628/3921 3922/4629/3922
f 3895/4599/3895 3923/4630/3923 3924/4631/3924
f 3062/4632/3062 3888/4591/3888 3086/4633/3086
f 3925/4634/3925 2350/4601/2350 2391/4635/2391
f 3926/4636/3926 3927/4637/3927 3928/4638/3928
f 3888/4591/3888 3890/4593/3890 3086/4633/3086
f 3918/4625/3918 3920/4627/3920 3929/4639/3929
f 3930/4640/3930 3890/4593/3890 3931/4641/3931
f 3893/4596/3893 3892/4595/3892 3930/4640/3930
f 3913/4619/3913 3896/4602/3896 3932/4642/3932
f 3933/4643/3933 3934/4644/3934 3935/4645/3935
f 3936/4646/3936 3929/4639/3929 3937/4647/3937
f 3938/4648/3938 3892/4595/3892 3912/4618/3912
f 3938/4648/3938 3912/4618/3912 3922/4629/3922
f 3932/4642/3932 3934/4644/3934 3913/4619/3913
f 3904/4610/3904 2024/4649/2024 3939/4650/3939
f 3935/4645/3935 3940/4651/3940 3094/4652/3094
f 3918/4625/3918 3941/4653/3941 3942/4654/3942
f 3943/4655/3943 3906/4612/3906 3887/4590/3887
f 3939/4650/3939 2024/4649/2024 2018/4656/2018
f 2374/4657/2374 3917/4624/3917 3944/4658/3944
f 3889/4592/3889 3927/4637/3927 3945/4659/3945
f 3916/4622/3916 3946/4660/3946 3914/4620/3914
f 3916/4622/3916 3947/4661/3947 3946/4660/3946
f 3947/4661/3947 3948/4662/3948 3949/4663/3949
f 3918/4625/3918 3929/4639/3929 3950/4664/3950
f 3892/4595/3892 3938/4648/3938 3061/4665/3061
f 3951/4666/3951 2018/4656/2018 2017/4667/2017
f 3922/4629/3922 3088/4668/3088 3938/4648/3938
f 3909/4615/3909 3898/4604/3898 3897/4603/3897
f 3949/4663/3949 3946/4660/3946 3947/4661/3947
f 3925/4634/3925 3952/4669/3952 3953/4670/3953
f 3950/4664/3950 3954/4671/3954 3909/4615/3909
f 3955/4672/3955 3888/4591/3888 3062/4632/3062
f 3884/4587/3884 3956/4673/3956 3957/4674/3957
f 3922/4629/3922 3935/4645/3935 3088/4668/3088
f 3958/4675/3958 3905/4611/3905 3959/4676/3959
f 3909/4615/3909 3960/4677/3960 3941/4653/3941
f 3078/4678/3078 3075/4679/3075 3930/4640/3930
f 3940/4651/3940 3124/4680/3124 3125/4681/3125
f 3885/4588/3885 3943/4655/3943 3886/4589/3886
f 3933/4643/3933 3961/4682/3961 3962/4683/3962
f 3885/4588/3885 3884/4587/3884 3957/4674/3957
f 3963/4684/3963 3903/4609/3903 3902/4608/3902
f 3940/4651/3940 3934/4644/3934 3932/4642/3932
f 3964/4685/3964 3965/4686/3965 3966/4687/3966
f 3901/4607/3901 3967/4688/3967 3968/4689/3968
f 3885/4588/3885 3969/4690/3969 3884/4587/3884
f 2032/4691/2032 3904/4610/3904 3903/4609/3903
f 3945/4659/3945 3931/4641/3931 3889/4592/3889
f 3930/4640/3930 3931/4641/3931 3893/4596/3893
f 2024/4649/2024 3904/4610/3904 2032/4691/2032
f 3907/4613/3907 3970/4692/3970 3905/4611/3905
f 3943/4655/3943 3907/4613/3907 3906/4612/3906
f 3971/4693/3971 3962/4683/3962 3961/4682/3961
f 3919/4626/3919 3972/4694/3972 3948/4662/3948
f 3935/4645/3935 3934/4644/3934 3940/4651/3940
f 3950/4664/3950 3909/4615/3909 3941/4653/3941
f 3939/4650/3939 3951/4666/3951 3973/4695/3973
f 3974/4696/3974 3952/4669/3952 3925/4634/3925
f 3959/4676/3959 3905/4611/3905 3970/4692/3970
f 3942/4654/3942 3919/4626/3919 3918/4625/3918
f 3907/4613/3907 3975/4697/3975 3976/4698/3976
f 3977/4699/3977 3978/4700/3978 3979/4701/3979
f 3966/4687/3966 2343/4702/2343 3964/4685/3964
f 3980/4703/3980 3981/4704/3981 3937/4647/3937
f 3948/4662/3948 3972/4694/3972 3949/4663/3949
f 2342/4705/2342 2400/4706/2400 3967/4688/3967
f 3922/4629/3922 3933/4643/3933 3935/4645/3935
f 3957/4674/3957 3943/4655/3943 3885/4588/3885
f 2370/4707/2370 3928/4638/3928 3955/4672/3955
f 3075/4679/3075 3086/4633/3086 3890/4593/3890
f 3938/4648/3938 3088/4668/3088 3061/4665/3061
f 3960/4677/3960 3962/4683/3962 3941/4653/3941
f 3942/4654/3942 3982/4708/3982 3919/4626/3919
f 2401/4600/2401 3895/4599/3895 3983/4709/3983
f 3925/4634/3925 3953/4670/3953 3923/4630/3923
f 3925/4634/3925 3923/4630/3923 3895/4599/3895
f 3949/4663/3949 3982/4708/3982 3971/4693/3971
f 3970/4692/3970 3984/4710/3984 3985/4711/3985
f 3986/4712/3986 3164/4713/3164 3160/4714/3160
f 3987/4715/3987 3937/4647/3937 3929/4639/3929
f 3979/4701/3979 3988/4716/3988 3989/4717/3989
f 3948/4662/3948 3990/4718/3990 3991/4719/3991
f 3969/4690/3969 3885/4588/3885 3980/4703/3980
f 3919/4626/3919 3948/4662/3948 3992/4720/3992
f 3948/4662/3948 3991/4719/3991 3992/4720/3992
f 3078/4678/3078 3930/4640/3930 3892/4595/3892
f 3914/4620/3914 3993/4721/3993 3994/4722/3994
f 2342/4705/2342 3964/4685/3964 2343/4702/2343
f 3993/4721/3993 3914/4620/3914 3946/4660/3946
f 3950/4664/3950 3936/4646/3936 3954/4671/3954
f 3898/4604/3898 3908/4614/3908 3995/4723/3995
f 3985/4711/3985 3902/4608/3902 3911/4617/3911
f 3996/4724/3996 3942/4654/3942 3941/4653/3941
f 3920/4627/3920 3987/4715/3987 3929/4639/3929
f 3987/4715/3987 3997/4725/3997 3917/4624/3917
f 3936/4646/3936 3950/4664/3950 3929/4639/3929
f 3960/4677/3960 3909/4615/3909 3897/4603/3897
f 3900/4606/3900 3945/4659/3945 3965/4686/3965
f 3996/4724/3996 3982/4708/3982 3942/4654/3942
f 3976/4698/3976 3970/4692/3970 3907/4613/3907
f 3893/4596/3893 3931/4641/3931 3891/4594/3891
f 3971/4693/3971 3961/4682/3961 3993/4721/3993
f 3982/4708/3982 3996/4724/3996 3971/4693/3971
f 3943/4655/3943 3975/4697/3975 3907/4613/3907
f 3975/4697/3975 3943/4655/3943 3957/4674/3957
f 3931/4641/3931 3890/4593/3890 3889/4592/3889
f 2076/4726/2076 3956/4673/3956 3998/4727/3998
f 3972/4694/3972 3982/4708/3982 3949/4663/3949
f 3933/4643/3933 3994/4722/3994 3961/4682/3961
f 3962/4683/3962 3996/4724/3996 3941/4653/3941
f 3999/4728/3999 2017/4667/2017 3164/4713/3164
f 3917/4624/3917 251/4598/251 3987/4715/3987
f 3970/4692/3970 3976/4698/3976 3984/4710/3984
f 3962/4683/3962 3971/4693/3971 3996/4724/3996
f 3966/4687/3966 3926/4636/3926 2382/4729/2382
f 3957/4674/3957 3956/4673/3956 4000/4730/4000
f 3894/4597/3894 2072/4585/2072 3884/4587/3884
f 3937/4647/3937 3987/4715/3987 3884/4587/3884
f 4001/4731/4001 3963/4684/3963 3985/4711/3985
f 3959/4676/3959 3911/4617/3911 4002/4732/4002
f 3926/4636/3926 2370/4707/2370 2376/4733/2376
f 3911/4617/3911 4003/4734/4003 3988/4716/3988
f 3894/4597/3894 3987/4715/3987 251/4598/251
f 3891/4594/3891 3921/4628/3921 3912/4618/3912
f 3890/4593/3890 3930/4640/3930 3075/4679/3075
f 3965/4686/3965 3964/4685/3964 3900/4606/3900
f 3963/4684/3963 3902/4608/3902 3985/4711/3985
f 2076/4726/2076 4004/4735/4004 3956/4673/3956
f 3124/4680/3124 3932/4642/3932 4005/4736/4005
f 3892/4595/3892 3061/4665/3061 3078/4678/3078
f 4004/4735/4004 3975/4697/3975 3957/4674/3957
f 3888/4591/3888 3955/4672/3955 3928/4638/3928
f 4001/4731/4001 3984/4710/3984 3976/4698/3976
f 3904/4610/3904 3910/4616/3910 3902/4608/3902
f 3987/4715/3987 3990/4718/3990 3997/4725/3997
f 3934/4644/3934 3960/4677/3960 3913/4619/3913
f 3958/4675/3958 3980/4703/3980 3906/4612/3906
f 3998/4727/3998 3956/4673/3956 3884/4587/3884
f 3963/4684/3963 2032/4691/2032 3903/4609/3903
f 2343/4702/2343 3966/4687/3966 2382/4729/2382
f 2045/4737/2045 3963/4684/3963 4001/4731/4001
f 2342/4705/2342 3967/4688/3967 3964/4685/3964
f 3992/4720/3992 3991/4719/3991 3987/4715/3987
f 3910/4616/3910 3973/4695/3973 4003/4734/4003
f 4006/4738/4006 3976/4698/3976 3975/4697/3975
f 2045/4737/2045 2032/4691/2032 3963/4684/3963
f 3965/4686/3965 3927/4637/3927 3966/4687/3966
f 4004/4735/4004 2076/4726/2076 3975/4697/3975
f 3916/4622/3916 4007/4739/4007 3947/4661/3947
f 3976/4698/3976 4006/4738/4006 4008/4740/4008
f 2391/4635/2391 2390/4741/2390 3925/4634/3925
f 3986/4712/3986 3160/4714/3160 4009/4742/4009
f 4010/4743/4010 4011/4744/4011 4012/4745/4012
f 3924/4631/3924 4013/4746/4013 3968/4689/3968
f 3947/4661/3947 4014/4747/4014 3948/4662/3948
f 4015/4748/4015 4012/4745/4012 4011/4744/4011
f 3921/4628/3921 3914/4620/3914 3922/4629/3922
f 3974/4696/3974 2366/4749/2366 2374/4657/2374
f 3974/4696/3974 2430/4750/2430 2366/4749/2366
f 3925/4634/3925 3895/4599/3895 2350/4601/2350
f 3986/4712/3986 4016/4751/4016 3951/4666/3951
f 2430/4750/2430 3974/4696/3974 2390/4741/2390
f 3990/4718/3990 3948/4662/3948 4014/4747/4014
f 3925/4634/3925 2390/4741/2390 3974/4696/3974
f 4014/4747/4014 4007/4739/4007 4017/4752/4017
f 3973/4695/3973 3904/4610/3904 3939/4650/3939
f 3989/4717/3989 3936/4646/3936 3977/4699/3977
f 3976/4698/3976 4008/4740/4008 4001/4731/4001
f 2026/4753/2026 3164/4713/3164 2017/4667/2017
f 3990/4718/3990 3987/4715/3987 3991/4719/3991
f 2315/4623/2315 3917/4624/3917 2374/4657/2374
f 4018/4754/4018 4010/4743/4010 4012/4745/4012
f 4006/4738/4006 3975/4697/3975 2076/4726/2076
f 3926/4636/3926 2376/4733/2376 2382/4729/2382
f 4002/4732/4002 3979/4701/3979 4019/4755/4019
f 4007/4739/4007 4018/4754/4018 4017/4752/4017
f 3947/4661/3947 4007/4739/4007 4014/4747/4014
f 3927/4637/3927 3926/4636/3926 3966/4687/3966
f 2045/4737/2045 4001/4731/4001 2055/4756/2055
f 3985/4711/3985 3984/4710/3984 4001/4731/4001
f 3951/4666/3951 2017/4667/2017 3999/4728/3999
f 4014/4747/4014 4020/4757/4020 3990/4718/3990
f 3915/4621/3915 3914/4620/3914 3921/4628/3921
f 4001/4731/4001 4008/4740/4008 2055/4756/2055
f 3981/4704/3981 4021/4758/4021 4022/4759/4022
f 3990/4718/3990 4020/4757/4020 3997/4725/3997
f 3944/4658/3944 4020/4757/4020 4023/4760/4023
f 4015/4748/4015 4024/4761/4024 4023/4760/4023
f 4020/4757/4020 4014/4747/4014 4017/4752/4017
f 3884/4587/3884 3987/4715/3987 3894/4597/3894
f 3919/4626/3919 3987/4715/3987 3920/4627/3920
f 3939/4650/3939 2018/4656/2018 3951/4666/3951
f 4018/4754/4018 4007/4739/4007 3916/4622/3916
f 4013/4746/4013 4010/4743/4010 3968/4689/3968
f 3986/4712/3986 3999/4728/3999 3164/4713/3164
f 4022/4759/4022 3937/4647/3937 3981/4704/3981
f 3915/4621/3915 3945/4659/3945 3900/4606/3900
f 3964/4685/3964 3967/4688/3967 3901/4607/3901
f 3973/4695/3973 3951/4666/3951 4016/4751/4016
f 4017/4752/4017 4025/4762/4025 4020/4757/4020
f 4013/4746/4013 3924/4631/3924 4026/4763/4026
f 3927/4637/3927 3965/4686/3965 3945/4659/3945
f 3964/4685/3964 3901/4607/3901 3900/4606/3900
f 4003/4734/4003 3973/4695/3973 4016/4751/4016
f 4025/4762/4025 4017/4752/4017 4018/4754/4018
f 4025/4762/4025 4023/4760/4023 4020/4757/4020
f 2076/4726/2076 2051/4764/2051 4006/4738/4006
f 3923/4630/3923 3953/4670/3953 4026/4763/4026
f 3900/4606/3900 3899/4605/3899 3915/4621/3915
f 2401/4600/2401 3983/4709/3983 2400/4706/2400
f 3987/4715/3987 3919/4626/3919 3992/4720/3992
f 2400/4706/2400 3968/4689/3968 3967/4688/3967
f 4016/4751/4016 3986/4712/3986 4027/4765/4027
f 3998/4727/3998 3884/4587/3884 2071/4586/2071
f 3887/4590/3887 3886/4589/3886 4028/4766/4028
f 3932/4642/3932 3896/4602/3896 4029/4767/4029
f 3956/4673/3956 4004/4735/4004 4000/4730/4000
f 3953/4670/3953 4015/4748/4015 4026/4763/4026
f 3962/4683/3962 3960/4677/3960 3934/4644/3934
f 3953/4670/3953 3952/4669/3952 4024/4761/4024
f 3994/4722/3994 3993/4721/3993 3961/4682/3961
f 4003/4734/4003 4016/4751/4016 4027/4765/4027
f 3936/4646/3936 4022/4759/4022 3978/4700/3978
f 3997/4725/3997 4020/4757/4020 3944/4658/3944
f 3978/4700/3978 3981/4704/3981 4019/4755/4019
f 3978/4700/3978 3977/4699/3977 3936/4646/3936
f 4003/4734/4003 3995/4723/3995 3988/4716/3988
f 4025/4762/4025 4018/4754/4018 4012/4745/4012
f 3901/4607/3901 4010/4743/4010 3899/4605/3899
f 3922/4629/3922 3994/4722/3994 3933/4643/3933
f 3915/4621/3915 3899/4605/3899 3916/4622/3916
f 4023/4760/4023 4025/4762/4025 4012/4745/4012
f 3933/4643/3933 3962/4683/3962 3934/4644/3934
f 4010/4743/4010 4018/4754/4018 3899/4605/3899
f 4005/4736/4005 4027/4765/4027 4009/4742/4009
f 4005/4736/4005 4009/4742/4009 3144/4768/3144
f 3951/4666/3951 3999/4728/3999 3986/4712/3986
f 3950/4664/3950 3941/4653/3941 3918/4625/3918
f 4022/4759/4022 4021/4758/4021 3978/4700/3978
f 3953/4670/3953 4024/4761/4024 4015/4748/4015
f 3886/4589/3886 3943/4655/3943 4028/4766/4028
f 2076/4726/2076 3998/4727/3998 2063/4769/2063
f 4029/4767/4029 4027/4765/4027 3932/4642/3932
f 4015/4748/4015 4023/4760/4023 4012/4745/4012
f 3970/4692/3970 3985/4711/3985 3959/4676/3959
f 3978/4700/3978 4021/4758/4021 3981/4704/3981
f 3887/4590/3887 3980/4703/3980 3885/4588/3885
f 3998/4727/3998 2071/4586/2071 2063/4769/2063
f 4024/4761/4024 3952/4669/3952 3974/4696/3974
f 4010/4743/4010 3901/4607/3901 3968/4689/3968
f 3144/4768/3144 4009/4742/4009 3160/4714/3160
f 3949/4663/3949 3993/4721/3993 3946/4660/3946
f 3988/4716/3988 3995/4723/3995 3989/4717/3989
f 3979/4701/3979 3989/4717/3989 3977/4699/3977
f 3944/4658/3944 4023/4760/4023 4024/4761/4024
f 4019/4755/4019 3979/4701/3979 3978/4700/3978
f 3944/4658/3944 3917/4624/3917 3997/4725/3997
f 3958/4675/3958 4019/4755/4019 3981/4704/3981
f 3940/4651/3940 3125/4681/3125 3094/4652/3094
f 3944/4658/3944 4024/4761/4024 2374/4657/2374
f 3985/4711/3985 3911/4617/3911 3959/4676/3959
f 4011/4744/4011 4010/4743/4010 4013/4746/4013
f 3949/4663/3949 3971/4693/3971 3993/4721/3993
f 4008/4740/4008 4006/4738/4006 2051/4764/2051
f 3995/4723/3995 4027/4765/4027 4029/4767/4029
f 3988/4716/3988 3979/4701/3979 4002/4732/4002
f 4019/4755/4019 3958/4675/3958 4002/4732/4002
f 4028/4766/4028 3943/4655/3943 3887/4590/3887
f 4026/4763/4026 4011/4744/4011 4013/4746/4013
f 4015/4748/4015 4011/4744/4011 4026/4763/4026
f 3932/4642/3932 4027/4765/4027 4005/4736/4005
f 3957/4674/3957 4000/4730/4000 4004/4735/4004
f 3144/4768/3144 3124/4680/3124 4005/4736/4005
f 3908/4614/3908 3989/4717/3989 3995/4723/3995
f 2374/4657/2374 4024/4761/4024 3974/4696/3974
f 3958/4675/3958 3981/4704/3981 3980/4703/3980
f 3960/4677/3960 3897/4603/3897 3913/4619/3913
f 3896/4602/3896 3995/4723/3995 4029/4767/4029
f 3937/4647/3937 3884/4587/3884 3980/4703/3980
f 4002/4732/4002 3911/4617/3911 3988/4716/3988
f 3936/4646/3936 3989/4717/3989 3954/4671/3954
f 3914/4620/3914 3994/4722/3994 3922/4629/3922
f 3924/4631/3924 3968/4689/3968 3983/4709/3983
f 4027/4765/4027 3986/4712/3986 4009/4742/4009
f 3935/4645/3935 3094/4652/3094 3132/4770/3132
f 4008/4740/4008 2051/4764/2051 2055/4756/2055
f 3908/4614/3908 3954/4671/3954 3989/4717/3989
f 2400/4706/2400 3983/4709/3983 3968/4689/3968
f 3896/4602/3896 3898/4604/3898 3995/4723/3995
f 3124/4680/3124 3940/4651/3940 3932/4642/3932
f 3899/4605/3899 4018/4754/4018 3916/4622/3916
f 3936/4646/3936 3937/4647/3937 4022/4759/4022
f 3995/4723/3995 4003/4734/4003 4027/4765/4027
f 3088/4668/3088 3935/4645/3935 3132/4770/3132
f 3884/4587/3884 3969/4690/3969 3980/4703/3980
f 3924/4631/3924 3923/4630/3923 4026/4763/4026
f 3928/4638/3928 2370/4707/2370 3926/4636/3926
f 3928/4638/3928 3927/4637/3927 3889/4592/3889
f 3931/4641/3931 3945/4659/3945 3915/4621/3915
f 3911/4617/3911 3910/4616/3910 4003/4734/4003
f 3904/4610/3904 3973/4695/3973 3910/4616/3910
f 3983/4709/3983 3895/4599/3895 3924/4631/3924
f 4002/4732/4002 3958/4675/3958 3959/4676/3959
f 3931/4641/3931 3915/4621/3915 3891/4594/3891
f 3921/4628/3921 3891/4594/3891 3915/4621/3915
f 3908/4614/3908 3909/4615/3909 3954/4671/3954
f 3062/4632/3062 2370/4707/2370 3955/4672/3955
f 3889/4592/3889 3888/4591/3888 3928/4638/3928
f 3906/4612/3906 3980/4703/3980 3887/4590/3887
f 3905/4611/3905 3958/4675/3958 3906/4612/3906
f 3982/4708/3982 3972/4694/3972 3919/4626/3919
f 4030/4771/4030 242/4772/242 4031/4773/4031
f 243/4774/243 242/4772/242 4030/4771/4030
f 242/4772/242 241/4775/241 4031/4773/4031
f 2916/4776/2916 2912/4777/2912 4032/4778/4032
f 2800/4779/2800 4032/4778/4032 2912/4777/2912
f 4033/4780/4033 4034/4781/4034 4035/4782/4035
f 4035/4782/4035 4034/4781/4034 1125/4783/1125
f 4036/4784/4036 4037/4785/4037 4033/4780/4033
f 4038/4786/4038 4036/4784/4036 4039/4787/4039
f 4033/4780/4033 4037/4785/4037 4034/4781/4034
f 4040/4788/4040 4041/4789/4041 1125/4783/1125
f 1148/4790/1148 4042/4791/4042 4043/4792/4043
f 4044/4793/4044 1115/4794/1115 1114/4795/1114
f 4040/4788/4040 4034/4781/4034 4037/4785/4037
f 4040/4788/4040 4037/4785/4037 4045/4796/4045
f 4046/4797/4046 1142/4798/1142 1140/4799/1140
f 4040/4788/4040 4047/4800/4047 4048/4801/4048
f 4049/4802/4049 4050/4803/4050 4044/4793/4044
f 4051/4804/4051 4052/4805/4052 4053/4806/4053
f 4030/4771/4030 4054/4807/4054 4055/4808/4055
f 4056/4809/4056 4057/4810/4057 4058/4811/4058
f 4047/4800/4047 4040/4788/4040 4059/4812/4059
f 4058/4811/4058 4030/4771/4030 4031/4773/4031
f 4059/4812/4059 4040/4788/4040 4045/4796/4045
f 4046/4797/4046 1143/4813/1143 1142/4798/1142
f 4060/4814/4060 4038/4786/4038 4039/4787/4039
f 4061/4815/4061 4062/4816/4062 4042/4791/4042
f 4063/4817/4063 4048/4801/4048 4047/4800/4047
f 4059/4812/4059 4045/4796/4045 4064/4818/4064
f 4065/4819/4065 4066/4820/4066 4054/4807/4054
f 241/4775/241 4056/4809/4056 4031/4773/4031
f 4064/4818/4064 4067/4821/4067 4068/4822/4068
f 4046/4797/4046 4069/4823/4069 4070/4824/4070
f 4071/4825/4071 4069/4823/4069 4046/4797/4046
f 4059/4812/4059 4068/4822/4068 4072/4826/4072
f 4038/4786/4038 4037/4785/4037 4036/4784/4036
f 4073/4827/4073 4074/4828/4074 4066/4820/4066
f 4054/4807/4054 4075/4829/4075 4055/4808/4055
f 4076/4830/4076 4077/4831/4077 4078/4832/4078
f 4063/4817/4063 4072/4826/4072 4069/4823/4069
f 4079/4833/4079 4055/4808/4055 4080/4834/4080
f 4081/4835/4081 4069/4823/4069 4072/4826/4072
f 4082/4836/4082 4083/4837/4083 4084/4838/4084
f 4085/4839/4085 4083/4837/4083 4086/4840/4086
f 4087/4841/4087 4077/4831/4077 4088/4842/4088
f 4083/4837/4083 4082/4836/4082 4086/4840/4086
f 4089/4843/4089 4082/4836/4082 4084/4838/4084
f 1144/4844/1144 4090/4845/4090 4053/4806/4053
f 4078/4832/4078 4077/4831/4077 4091/4846/4091
f 4043/4792/4043 4074/4828/4074 1149/4847/1149
f 4053/4806/4053 4090/4845/4090 4078/4832/4078
f 4068/4822/4068 4092/4848/4092 4093/4849/4093
f 4093/4849/4093 4081/4835/4081 4072/4826/4072
f 4085/4839/4085 4086/4840/4086 4094/4850/4094
f 4095/4851/4095 4096/4852/4096 4097/4853/4097
f 1141/4854/1141 4041/4789/4041 4071/4825/4071
f 4038/4786/4038 4067/4821/4067 4045/4796/4045
f 4087/4841/4087 4091/4846/4091 4077/4831/4077
f 4053/4806/4053 1146/4855/1146 1144/4844/1144
f 4066/4820/4066 4043/4792/4043 4042/4791/4042
f 1141/4854/1141 1108/4856/1108 4041/4789/4041
f 4070/4824/4070 4069/4823/4069 4088/4842/4088
f 4091/4846/4091 4053/4806/4053 4078/4832/4078
f 4098/4857/4098 4093/4849/4093 4092/4848/4092
f 4081/4835/4081 4099/4858/4099 4088/4842/4088
f 4099/4858/4099 4100/4859/4100 4087/4841/4087
f 1622/4860/1622 4101/4861/4101 4102/4862/4102
f 4087/4841/4087 4097/4853/4097 4091/4846/4091
f 1125/4783/1125 4034/4781/4034 4040/4788/4040
f 4048/4801/4048 4071/4825/4071 4041/4789/4041
f 236/4863/236 4082/4836/4082 4089/4843/4089
f 1146/4855/1146 4053/4806/4053 4052/4805/4052
f 1626/4864/1626 4056/4809/4056 241/4775/241
f 4091/4846/4091 4051/4804/4051 4053/4806/4053
f 1144/4844/1144 1143/4813/1143 4090/4845/4090
f 4103/4865/4103 4098/4857/4098 4092/4848/4092
f 4081/4835/4081 4098/4857/4098 4099/4858/4099
f 4095/4851/4095 4100/4859/4100 4099/4858/4099
f 4085/4839/4085 4094/4850/4094 4092/4848/4092
f 4097/4853/4097 4087/4841/4087 4100/4859/4100
f 4104/4866/4104 4103/4865/4103 4092/4848/4092
f 4105/4867/4105 4098/4857/4098 4103/4865/4103
f 4099/4858/4099 4098/4857/4098 4095/4851/4095
f 4100/4859/4100 4095/4851/4095 4097/4853/4097
f 4106/4868/4106 4038/4786/4038 4060/4814/4060
f 4051/4804/4051 1114/4795/1114 4052/4805/4052
f 4097/4853/4097 4096/4852/4096 4107/4869/4107
f 4088/4842/4088 4077/4831/4077 4108/4870/4108
f 4040/4788/4040 4048/4801/4048 4041/4789/4041
f 1143/4813/1143 4046/4797/4046 4076/4830/4076
f 4109/4871/4109 4107/4869/4107 4110/4872/4110
f 4111/4873/4111 4112/4874/4112 4113/4875/4113
f 4104/4866/4104 4105/4867/4105 4103/4865/4103
f 4098/4857/4098 4105/4867/4105 4095/4851/4095
f 4114/4876/4114 4115/4877/4115 4116/4878/4116
f 4106/4868/4106 4067/4821/4067 4038/4786/4038
f 4078/4832/4078 4090/4845/4090 4076/4830/4076
f 4117/4879/4117 4118/4880/4118 1150/4881/1150
f 4119/4882/4119 4120/4883/4120 4121/4884/4121
f 4044/4793/4044 4050/4803/4050 4117/4879/4117
f 4122/4885/4122 4123/4886/4123 4124/4887/4124
f 1141/4854/1141 4071/4825/4071 4046/4797/4046
f 4110/4872/4110 4122/4885/4122 4109/4871/4109
f 4105/4867/4105 4104/4866/4104 4079/4833/4079
f 4096/4852/4096 4110/4872/4110 4107/4869/4107
f 1115/4794/1115 4044/4793/4044 4117/4879/4117
f 4125/4888/4125 4097/4853/4097 4109/4871/4109
f 4102/4862/4102 4057/4810/4057 4056/4809/4056
f 4126/4889/4126 4122/4885/4122 4124/4887/4124
f 4117/4879/4117 1150/4881/1150 1115/4794/1115
f 4126/4889/4126 4127/4890/4127 4118/4880/4118
f 4127/4890/4127 4124/4887/4124 4042/4791/4042
f 4095/4851/4095 4105/4867/4105 4096/4852/4096
f 4042/4791/4042 4124/4887/4124 4061/4815/4061
f 4127/4890/4127 4126/4889/4126 4124/4887/4124
f 4051/4804/4051 4044/4793/4044 1114/4795/1114
f 4128/4891/4128 4129/4892/4129 4130/4893/4130
f 4061/4815/4061 4123/4886/4123 4062/4816/4062
f 4110/4872/4110 4080/4834/4080 4123/4886/4123
f 4056/4809/4056 1626/4864/1626 4102/4862/4102
f 4063/4817/4063 4059/4812/4059 4072/4826/4072
f 4129/4892/4129 4131/4894/4131 4132/4895/4132
f 4051/4804/4051 4049/4802/4049 4044/4793/4044
f 4037/4785/4037 4038/4786/4038 4045/4796/4045
f 4118/4880/4118 1147/4896/1147 1150/4881/1150
f 4075/4829/4075 4062/4816/4062 4123/4886/4123
f 4123/4886/4123 4080/4834/4080 4075/4829/4075
f 4117/4879/4117 4050/4803/4050 4118/4880/4118
f 4081/4835/4081 4088/4842/4088 4069/4823/4069
f 4133/4897/4133 4119/4882/4119 4134/4898/4134
f 4112/4874/4112 4129/4892/4129 4113/4875/4113
f 4116/4878/4116 4039/4787/4039 4114/4876/4114
f 4042/4791/4042 4062/4816/4062 4054/4807/4054
f 1108/4856/1108 1125/4783/1125 4041/4789/4041
f 4068/4822/4068 4085/4839/4085 4092/4848/4092
f 4118/4880/4118 4127/4890/4127 1147/4896/1147
f 4135/4899/4135 4036/4784/4036 4033/4780/4033
f 4055/4808/4055 4075/4829/4075 4080/4834/4080
f 4075/4829/4075 4054/4807/4054 4062/4816/4062
f 4066/4820/4066 4042/4791/4042 4054/4807/4054
f 4098/4857/4098 4081/4835/4081 4093/4849/4093
f 1148/4790/1148 4127/4890/4127 4042/4791/4042
f 4057/4810/4057 4065/4819/4065 4058/4811/4058
f 1148/4790/1148 1147/4896/1147 4127/4890/4127
f 4126/4889/4126 4109/4871/4109 4122/4885/4122
f 4079/4833/4079 4096/4852/4096 4105/4867/4105
f 4096/4852/4096 4079/4833/4079 4080/4834/4080
f 4068/4822/4068 4093/4849/4093 4072/4826/4072
f 4101/4861/4101 1621/4900/1621 4074/4828/4074
f 4110/4872/4110 4123/4886/4123 4122/4885/4122
f 4101/4861/4101 4057/4810/4057 4102/4862/4102
f 4136/4901/4136 4134/4898/4134 4060/4814/4060
f 4066/4820/4066 4074/4828/4074 4043/4792/4043
f 4030/4771/4030 4058/4811/4058 4054/4807/4054
f 4132/4895/4132 4113/4875/4113 4129/4892/4129
f 4099/4858/4099 4087/4841/4087 4088/4842/4088
f 4109/4871/4109 4049/4802/4049 4125/4888/4125
f 4057/4810/4057 4073/4827/4073 4065/4819/4065
f 1148/4790/1148 4043/4792/4043 1149/4847/1149
f 1114/4795/1114 1146/4855/1146 4052/4805/4052
f 4074/4828/4074 4073/4827/4073 4101/4861/4101
f 4130/4893/4130 4112/4874/4112 4137/4902/4137
f 4097/4853/4097 4125/4888/4125 4091/4846/4091
f 4065/4819/4065 4073/4827/4073 4066/4820/4066
f 4046/4797/4046 4108/4870/4108 4076/4830/4076
f 1149/4847/1149 4074/4828/4074 1621/4900/1621
f 4077/4831/4077 4076/4830/4076 4108/4870/4108
f 4124/4887/4124 4123/4886/4123 4061/4815/4061
f 4063/4817/4063 4047/4800/4047 4059/4812/4059
f 4048/4801/4048 4069/4823/4069 4071/4825/4071
f 4070/4824/4070 4088/4842/4088 4108/4870/4108
f 4056/4809/4056 4058/4811/4058 4031/4773/4031
f 4067/4821/4067 4106/4868/4106 4083/4837/4083
f 4049/4802/4049 4109/4871/4109 4126/4889/4126
f 4046/4797/4046 1140/4799/1140 1141/4854/1141
f 4049/4802/4049 4126/4889/4126 4050/4803/4050
f 1621/4900/1621 4101/4861/4101 1622/4860/1622
f 4064/4818/4064 4045/4796/4045 4067/4821/4067
f 4076/4830/4076 4090/4845/4090 1143/4813/1143
f 4068/4822/4068 4067/4821/4067 4085/4839/4085
f 4050/4803/4050 4126/4889/4126 4118/4880/4118
f 1626/4864/1626 1622/4860/1622 4102/4862/4102
f 4110/4872/4110 4096/4852/4096 4080/4834/4080
f 4054/4807/4054 4058/4811/4058 4065/4819/4065
f 4138/4903/4138 783/4904/783 4132/4895/4132
f 4067/4821/4067 4083/4837/4083 4085/4839/4085
f 4108/4870/4108 4046/4797/4046 4070/4824/4070
f 4033/4780/4033 4128/4891/4128 4135/4899/4135
f 4068/4822/4068 4059/4812/4059 4064/4818/4064
f 4109/4871/4109 4097/4853/4097 4107/4869/4107
f 4057/4810/4057 4101/4861/4101 4073/4827/4073
f 4125/4888/4125 4049/4802/4049 4051/4804/4051
f 4113/4875/4113 4132/4895/4132 783/4904/783
f 4135/4899/4135 4130/4893/4130 4039/4787/4039
f 4130/4893/4130 4114/4876/4114 4039/4787/4039
f 4130/4893/4130 4129/4892/4129 4112/4874/4112
f 4069/4823/4069 4048/4801/4048 4063/4817/4063
f 4135/4899/4135 4039/4787/4039 4036/4784/4036
f 4131/4894/4131 4033/4780/4033 4035/4782/4035
f 4116/4878/4116 4115/4877/4115 4136/4901/4136
f 4131/4894/4131 4129/4892/4129 4033/4780/4033
f 4051/4804/4051 4091/4846/4091 4125/4888/4125
f 4121/4884/4121 4083/4837/4083 4106/4868/4106
f 4132/4895/4132 4131/4894/4131 4138/4903/4138
f 4128/4891/4128 4033/4780/4033 4129/4892/4129
f 4039/4787/4039 4116/4878/4116 4060/4814/4060
f 4139/4905/4139 4111/4873/4111 4113/4875/4113
f 4140/4906/4140 4084/4838/4084 4120/4883/4120
f 4060/4814/4060 4116/4878/4116 4136/4901/4136
f 4135/4899/4135 4128/4891/4128 4130/4893/4130
f 4134/4898/4134 4136/4901/4136 4133/4897/4133
f 4134/4898/4134 4106/4868/4106 4060/4814/4060
f 4121/4884/4121 4106/4868/4106 4134/4898/4134
f 4119/4882/4119 4121/4884/4121 4134/4898/4134
f 4133/4897/4133 4140/4906/4140 4119/4882/4119
f 4119/4882/4119 4140/4906/4140 4120/4883/4120
f 4083/4837/4083 4121/4884/4121 4120/4883/4120
f 4084/4838/4084 4083/4837/4083 4120/4883/4120
f 4138/4903/4138 4141/4907/4141 843/4908/843
f 4141/4907/4141 4131/4894/4131 4035/4782/4035
f 817/4909/817 4141/4907/4141 4035/4782/4035
f 4138/4903/4138 4131/4894/4131 4141/4907/4141
f 851/4910/851 817/4909/817 4035/4782/4035
f 843/4908/843 4141/4907/4141 817/4909/817
f 783/4904/783 4138/4903/4138 843/4908/843
f 851/4910/851 4035/4782/4035 1125/4783/1125
f 4104/4866/4104 4142/4911/4142 4079/4833/4079
f 4143/4912/4143 4092/4848/4092 4094/4850/4094
f 4086/4840/4086 4143/4912/4143 4094/4850/4094
f 4055/4808/4055 4144/4913/4144 4030/4771/4030
f 4104/4866/4104 4145/4914/4145 4142/4911/4142
f 4142/4911/4142 4055/4808/4055 4079/4833/4079
f 4082/4836/4082 4145/4914/4145 4086/4840/4086
f 4146/4915/4146 4147/4916/4147 4148/4917/4148
f 4144/4913/4144 243/4774/243 4030/4771/4030
f 4145/4914/4145 4055/4808/4055 4142/4911/4142
f 239/4918/239 243/4774/243 4147/4916/4147
f 4145/4914/4145 4104/4866/4104 4143/4912/4143
f 4144/4913/4144 4082/4836/4082 4148/4917/4148
f 236/4863/236 239/4918/239 4147/4916/4147
f 4144/4913/4144 4145/4914/4145 4082/4836/4082
f 4147/4916/4147 243/4774/243 4148/4917/4148
f 4092/4848/4092 4143/4912/4143 4104/4866/4104
f 4145/4914/4145 4143/4912/4143 4086/4840/4086
f 4148/4917/4148 4082/4836/4082 4146/4915/4146
f 4082/4836/4082 236/4863/236 4146/4915/4146
f 243/4774/243 4144/4913/4144 4148/4917/4148
f 4144/4913/4144 4055/4808/4055 4145/4914/4145
f 4147/4916/4147 4146/4915/4146 236/4863/236
f 4149/4919/4149 4150/4920/4150 4151/4921/4151
f 3425/4922/3425 3424/4923/3424 4152/4924/4152
f 4089/4843/4089 4153/4925/4153 4154/4926/4154
f 4155/4927/4155 4156/4928/4156 2919/4929/2919
f 4157/4930/4157 4114/4876/4114 4158/4931/4158
f 4114/4876/4114 4130/4893/4130 4158/4931/4158
f 4151/4921/4151 4150/4920/4150 4159/4932/4159
f 4160/4933/4160 4161/4934/4161 4162/4935/4162
f 4162/4935/4162 4161/4934/4161 232/4936/232
f 4137/4902/4137 4163/4937/4163 4158/4931/4158
f 4164/4938/4164 4165/4939/4165 4166/4940/4166
f 4155/4927/4155 2821/4941/2821 2820/4942/2820
f 4167/4943/4167 4157/4930/4157 4168/4944/4168
f 4159/4932/4159 783/4904/783 785/4945/785
f 4169/4946/4169 4170/4947/4170 4171/4948/4171
f 4164/4938/4164 4172/4949/4172 4165/4939/4165
f 2918/4950/2918 3425/4922/3425 4170/4947/4170
f 4137/4902/4137 4112/4874/4112 4111/4873/4111
f 4173/4951/4173 4174/4952/4174 4165/4939/4165
f 4155/4927/4155 4175/4953/4175 4176/4954/4176
f 4149/4919/4149 4177/4955/4177 2800/4779/2800
f 232/4936/232 221/4956/221 4162/4935/4162
f 2918/4950/2918 2836/4957/2836 3425/4922/3425
f 4178/4958/4178 4179/4959/4179 4180/4960/4180
f 4161/4934/4161 233/4961/233 232/4936/232
f 4152/4924/4152 4170/4947/4170 3425/4922/3425
f 4139/4905/4139 4113/4875/4113 783/4904/783
f 4165/4939/4165 4160/4933/4160 4181/4962/4181
f 4032/4778/4032 2800/4779/2800 4177/4955/4177
f 4159/4932/4159 785/4945/785 4182/4963/4182
f 4182/4963/4182 4032/4778/4032 4151/4921/4151
f 4139/4905/4139 783/4904/783 4159/4932/4159
f 238/4964/238 227/4965/227 4154/4926/4154
f 4151/4921/4151 4159/4932/4159 4182/4963/4182
f 4177/4955/4177 4151/4921/4151 4032/4778/4032
f 4169/4946/4169 2918/4950/2918 4170/4947/4170
f 4111/4873/4111 4139/4905/4139 4183/4966/4183
f 4170/4947/4170 4152/4924/4152 4180/4960/4180
f 4164/4938/4164 4166/4940/4166 4157/4930/4157
f 4154/4926/4154 227/4965/227 236/4863/236
f 4153/4925/4153 4084/4838/4084 4140/4906/4140
f 3377/4967/3377 4178/4958/4178 4152/4924/4152
f 4137/4902/4137 4158/4931/4158 4130/4893/4130
f 4171/4948/4171 4184/4968/4184 2918/4950/2918
f 4111/4873/4111 4163/4937/4163 4137/4902/4137
f 4159/4932/4159 4150/4920/4150 4183/4966/4183
f 4153/4925/4153 4140/4906/4140 4162/4935/4162
f 2800/4779/2800 2893/4969/2893 4149/4919/4149
f 4183/4966/4183 4150/4920/4150 4185/4970/4185
f 4162/4935/4162 223/4971/223 238/4964/238
f 4140/4906/4140 4160/4933/4160 4162/4935/4162
f 4181/4962/4181 4160/4933/4160 4140/4906/4140
f 4140/4906/4140 4133/4897/4133 4181/4962/4181
f 238/4964/238 4153/4925/4153 4162/4935/4162
f 4166/4940/4166 4133/4897/4133 4136/4901/4136
f 2918/4950/2918 4169/4946/4169 4171/4948/4171
f 4184/4968/4184 2847/4972/2847 2888/4973/2888
f 4139/4905/4139 4159/4932/4159 4183/4966/4183
f 4136/4901/4136 4115/4877/4115 4166/4940/4166
f 4186/4974/4186 4176/4954/4176 4175/4953/4175
f 4149/4919/4149 4156/4928/4156 4150/4920/4150
f 2893/4969/2893 2919/4929/2919 4149/4919/4149
f 4185/4970/4185 4168/4944/4168 4163/4937/4163
f 3424/4923/3424 3377/4967/3377 4152/4924/4152
f 223/4971/223 4162/4935/4162 221/4956/221
f 4181/4962/4181 4133/4897/4133 4166/4940/4166
f 4170/4947/4170 4186/4974/4186 4171/4948/4171
f 4160/4933/4160 4165/4939/4165 4174/4952/4174
f 4158/4931/4158 4168/4944/4168 4157/4930/4157
f 4185/4970/4185 4167/4943/4167 4168/4944/4168
f 4187/4975/4187 4185/4970/4185 4156/4928/4156
f 4188/4976/4188 4170/4947/4170 4180/4960/4180
f 4155/4927/4155 4176/4954/4176 4156/4928/4156
f 4187/4975/4187 4156/4928/4156 4176/4954/4176
f 4184/4968/4184 2888/4973/2888 2918/4950/2918
f 4174/4952/4174 4179/4959/4179 4161/4934/4161
f 4154/4926/4154 4153/4925/4153 238/4964/238
f 4172/4949/4172 4173/4951/4173 4165/4939/4165
f 4156/4928/4156 4185/4970/4185 4150/4920/4150
f 2919/4929/2919 4156/4928/4156 4149/4919/4149
f 4178/4958/4178 233/4961/233 4179/4959/4179
f 4167/4943/4167 4187/4975/4187 4189/4977/4189
f 4176/4954/4176 4186/4974/4186 4187/4975/4187
f 4179/4959/4179 233/4961/233 4161/4934/4161
f 4111/4873/4111 4183/4966/4183 4163/4937/4163
f 4153/4925/4153 4089/4843/4089 4084/4838/4084
f 4167/4943/4167 4189/4977/4189 4164/4938/4164
f 4167/4943/4167 4164/4938/4164 4157/4930/4157
f 4173/4951/4173 4179/4959/4179 4174/4952/4174
f 4184/4968/4184 4171/4948/4171 4175/4953/4175
f 4163/4937/4163 4168/4944/4168 4158/4931/4158
f 4187/4975/4187 4186/4974/4186 4189/4977/4189
f 4175/4953/4175 4155/4927/4155 2820/4942/2820
f 4164/4938/4164 4188/4976/4188 4172/4949/4172
f 4157/4930/4157 4115/4877/4115 4114/4876/4114
f 4180/4960/4180 4179/4959/4179 4172/4949/4172
f 4189/4977/4189 4188/4976/4188 4164/4938/4164
f 235/4978/235 233/4961/233 4190/4979/4190
f 4166/4940/4166 4115/4877/4115 4157/4930/4157
f 4178/4958/4178 3377/4967/3377 4190/4979/4190
f 4170/4947/4170 4189/4977/4189 4186/4974/4186
f 2847/4972/2847 4175/4953/4175 2820/4942/2820
f 4160/4933/4160 4174/4952/4174 4161/4934/4161
f 4175/4953/4175 4171/4948/4171 4186/4974/4186
f 4185/4970/4185 4187/4975/4187 4167/4943/4167
f 4166/4940/4166 4165/4939/4165 4181/4962/4181
f 4190/4979/4190 233/4961/233 4178/4958/4178
f 4180/4960/4180 4172/4949/4172 4188/4976/4188
f 4172/4949/4172 4179/4959/4179 4173/4951/4173
f 4189/4977/4189 4170/4947/4170 4188/4976/4188
f 235/4978/235 4190/4979/4190 3377/4967/3377
f 4155/4927/4155 2919/4929/2919 2821/4941/2821
f 4185/4970/4185 4163/4937/4163 4183/4966/4183
f 4184/4968/4184 4175/4953/4175 2847/4972/2847
f 4154/4926/4154 236/4863/236 4089/4843/4089
f 4177/4955/4177 4149/4919/4149 4151/4921/4151
f 4180/4960/4180 4152/4924/4152 4178/4958/4178
f 4191/4980/4191 4192/4981/4192 4193/4982/4193
f 4194/4983/4194 4195/4984/4195 4196/4985/4196
f 4197/4986/4197 4198/4987/4198 4199/4988/4199
f 4200/4989/4200 4193/4982/4193 4192/4981/4192
f 4196/4985/4196 4201/4990/4201 4194/4983/4194
f 4202/4991/4202 4203/4992/4203 4204/4993/4204
f 4205/4994/4205 4206/4995/4206 4207/4996/4207
f 4208/4997/4208 1300/4998/1300 1267/4999/1267
f 4209/5000/4209 4210/5001/4210 4211/5002/4211
f 3523/5003/3523 4212/5004/4212 3521/5005/3521
f 3523/5003/3523 3863/5006/3863 4212/5004/4212
f 4213/5007/4213 4205/4994/4205 4214/5008/4214
f 4215/5009/4215 4216/5010/4216 4208/4997/4208
f 4194/4983/4194 4217/5011/4217 4192/4981/4192
f 4218/5012/4218 4213/5007/4213 4219/5013/4219
f 4220/5014/4220 1287/5015/1287 4221/5016/4221
f 4214/5008/4214 4205/4994/4205 4222/5017/4222
f 4215/5009/4215 4223/5018/4223 4216/5010/4216
f 4224/5019/4224 4225/5020/4225 4226/5021/4226
f 4196/4985/4196 4227/5022/4227 4201/4990/4201
f 4210/5001/4210 4228/5023/4228 4229/5024/4229
f 4230/5025/4230 4231/5026/4231 4232/5027/4232
f 3521/5005/3521 4233/5028/4233 3529/5029/3529
f 4234/5030/4234 4227/5022/4227 4235/5031/4235
f 3479/5032/3479 3478/5033/3478 4236/5034/4236
f 4200/4989/4200 4192/4981/4192 4237/5035/4237
f 4217/5011/4217 4238/5036/4238 4192/4981/4192
f 4239/5037/4239 4237/5035/4237 4240/5038/4240
f 4241/5039/4241 4242/5040/4242 4243/5041/4243
f 4221/5016/4221 4224/5019/4224 4244/5042/4244
f 4234/5030/4234 4235/5031/4235 4245/5043/4245
f 3471/5044/3471 4246/5045/4246 3461/5046/3461
f 4238/5036/4238 4217/5011/4217 4201/4990/4201
f 4247/5047/4247 4210/5001/4210 4229/5024/4229
f 4227/5022/4227 4196/4985/4196 4235/5031/4235
f 4245/5043/4245 4248/5048/4248 4197/4986/4197
f 4249/5049/4249 4198/4987/4198 4250/5050/4250
f 4251/5051/4251 4232/5027/4232 4252/5052/4252
f 4253/5053/4253 4254/5054/4254 4191/4980/4191
f 4255/5055/4255 4238/5036/4238 4201/4990/4201
f 4256/5056/4256 4257/5057/4257 4246/5045/4246
f 4234/5030/4234 4258/5058/4258 4259/5059/4259
f 4260/5060/4260 4261/5061/4261 2397/5062/2397
f 4237/5035/4237 4238/5036/4238 4255/5055/4255
f 4262/5063/4262 4263/5064/4263 4264/5065/4264
f 4231/5026/4231 4230/5025/4230 4265/5066/4265
f 4236/5034/4236 3535/5067/3535 3479/5032/3479
f 4229/5024/4229 4228/5023/4228 4220/5014/4220
f 4266/5068/4266 4214/5008/4214 4251/5051/4251
f 4236/5034/4236 3495/5069/3495 4267/5070/4267
f 4237/5035/4237 4255/5055/4255 4259/5059/4259
f 4207/4996/4207 4265/5066/4265 4230/5025/4230
f 4268/5071/4268 4269/5072/4269 4256/5056/4256
f 4210/5001/4210 4247/5047/4247 4270/5073/4270
f 4199/4988/4199 4245/5043/4245 4197/4986/4197
f 4271/5074/4271 4272/5075/4272 4249/5049/4249
f 4273/5076/4273 4246/5045/4246 3471/5044/3471
f 4225/5020/4225 4274/5077/4274 4226/5021/4226
f 4234/5030/4234 4199/4988/4199 4258/5058/4258
f 4269/5072/4269 4275/5078/4275 4276/5079/4276
f 4277/5080/4277 4263/5064/4263 4278/5081/4278
f 4258/5058/4258 4277/5080/4277 4259/5059/4259
f 4279/5082/4279 4207/4996/4207 4206/4995/4206
f 4208/4997/4208 4216/5010/4216 1300/4998/1300
f 4213/5007/4213 4206/4995/4206 4205/4994/4205
f 4280/5083/4280 4266/5068/4266 4251/5051/4251
f 4281/5084/4281 4249/5049/4249 4282/5085/4282
f 4219/5013/4219 2368/5086/2368 4218/5012/4218
f 4258/5058/4258 4264/5065/4264 4277/5080/4277
f 4259/5059/4259 4277/5080/4277 4240/5038/4240
f 4278/5081/4278 4231/5026/4231 4239/5037/4239
f 4283/5087/4283 4239/5037/4239 4240/5038/4240
f 4284/5088/4284 4252/5052/4252 4232/5027/4232
f 4270/5073/4270 4247/5047/4247 4285/5089/4285
f 4286/5090/4286 4287/5091/4287 4252/5052/4252
f 4217/5011/4217 4194/4983/4194 4201/4990/4201
f 4198/4987/4198 4288/5092/4288 4199/4988/4199
f 4197/4986/4197 4248/5048/4248 4250/5050/4250
f 4232/5027/4232 4289/5093/4289 4284/5088/4284
f 4290/5094/4290 4229/5024/4229 4254/5054/4254
f 4291/5095/4291 4289/5093/4289 4231/5026/4231
f 4259/5059/4259 4255/5055/4255 4227/5022/4227
f 4283/5087/4283 4278/5081/4278 4239/5037/4239
f 4291/5095/4291 4231/5026/4231 4278/5081/4278
f 4252/5052/4252 4284/5088/4284 4286/5090/4286
f 4288/5092/4288 4198/4987/4198 4281/5084/4281
f 4289/5093/4289 4204/4993/4204 4284/5088/4284
f 4289/5093/4289 4291/5095/4291 4292/5096/4292
f 4293/5097/4293 4203/4992/4203 4202/4991/4202
f 4204/4993/4204 4242/5040/4242 4294/5098/4294
f 4286/5090/4286 4295/5099/4295 4261/5061/4261
f 4245/5043/4245 4296/5100/4296 4297/5101/4297
f 4282/5085/4282 4272/5075/4272 4298/5102/4298
f 4272/5075/4272 4293/5097/4293 4298/5102/4298
f 4299/5103/4299 2372/5104/2372 4214/5008/4214
f 4202/4991/4202 4298/5102/4298 4293/5097/4293
f 4281/5084/4281 4263/5064/4263 4262/5063/4262
f 2396/5105/2396 4261/5061/4261 4295/5099/4295
f 4300/5106/4300 4295/5099/4295 4241/5039/4241
f 4299/5103/4299 2406/5107/2406 2405/5108/2405
f 2397/5062/2397 4261/5061/4261 2396/5105/2396
f 1276/5109/1276 1275/5110/1275 4301/5111/4301
f 4299/5103/4299 4214/5008/4214 4266/5068/4266
f 4199/4988/4199 4288/5092/4288 4264/5065/4264
f 4260/5060/4260 2406/5107/2406 4287/5091/4287
f 2397/5062/2397 2384/5112/2384 4302/5113/4302
f 4287/5091/4287 4266/5068/4266 4280/5083/4280
f 4260/5060/4260 4303/5114/4303 4261/5061/4261
f 4299/5103/4299 2405/5108/2405 2372/5104/2372
f 4260/5060/4260 2397/5062/2397 4302/5113/4302
f 4218/5012/4218 2388/5115/2388 4285/5089/4285
f 2406/5107/2406 4266/5068/4266 4287/5091/4287
f 2406/5107/2406 4302/5113/4302 2384/5112/2384
f 2406/5107/2406 4260/5060/4260 4302/5113/4302
f 4299/5103/4299 4266/5068/4266 2406/5107/2406
f 1334/5116/1334 4270/5073/4270 4285/5089/4285
f 4296/5100/4296 4235/5031/4235 3246/5117/3246
f 4297/5101/4297 2460/5118/2460 2517/5119/2517
f 3297/5120/3297 3299/5121/3299 4304/5122/4304
f 4293/5097/4293 4272/5075/4272 4271/5074/4271
f 3299/5121/3299 3273/5123/3273 4235/5031/4235
f 4226/5021/4226 4304/5122/4304 4235/5031/4235
f 3269/5124/3269 2460/5118/2460 4297/5101/4297
f 4305/5125/4305 4291/5095/4291 4278/5081/4278
f 4294/5098/4294 4286/5090/4286 4284/5088/4284
f 3246/5117/3246 4235/5031/4235 3273/5123/3273
f 4204/4993/4204 4294/5098/4294 4284/5088/4284
f 4304/5122/4304 4226/5021/4226 3297/5120/3297
f 4297/5101/4297 4296/5100/4296 3269/5124/3269
f 4304/5122/4304 3299/5121/3299 4235/5031/4235
f 3269/5124/3269 4296/5100/4296 3246/5117/3246
f 4289/5093/4289 4292/5096/4292 4202/4991/4202
f 4291/5095/4291 4305/5125/4305 4292/5096/4292
f 4303/5114/4303 4287/5091/4287 4286/5090/4286
f 4242/5040/4242 4286/5090/4286 4294/5098/4294
f 3535/5067/3535 4236/5034/4236 4306/5126/4306
f 4307/5127/4307 4308/5128/4308 4275/5078/4275
f 4309/5129/4309 4310/5130/4310 4311/5131/4311
f 4300/5106/4300 2356/5132/2356 4312/5133/4312
f 4313/5134/4313 4311/5131/4311 4314/5135/4314
f 3821/5136/3821 2353/5137/2353 2395/5138/2395
f 4236/5034/4236 4267/5070/4267 4315/5139/4315
f 3498/5140/3498 4316/5141/4316 3499/5142/3499
f 4314/5135/4314 4308/5128/4308 4313/5134/4313
f 4275/5078/4275 3821/5136/3821 2395/5138/2395
f 4317/5143/4317 4318/5144/4318 4319/5145/4319
f 4320/5146/4320 4321/5147/4321 4318/5144/4318
f 3495/5069/3495 4236/5034/4236 3478/5033/3478
f 2356/5132/2356 2381/5148/2381 4312/5133/4312
f 2395/5138/2395 4307/5127/4307 4275/5078/4275
f 4309/5129/4309 4322/5149/4322 4256/5056/4256
f 4323/5150/4323 4324/5151/4324 4325/5152/4325
f 4321/5147/4321 3499/5142/3499 4326/5153/4326
f 4327/5154/4327 4328/5155/4328 4329/5156/4329
f 4322/5149/4322 4267/5070/4267 3495/5069/3495
f 4276/5079/4276 4275/5078/4275 4314/5135/4314
f 4330/5157/4330 4309/5129/4309 4331/5158/4331
f 3469/5159/3469 4257/5057/4257 3495/5069/3495
f 4310/5130/4310 4276/5079/4276 4314/5135/4314
f 4332/5160/4332 2423/5161/2423 4333/5162/4333
f 2423/5161/2423 4334/5163/4334 2424/5164/2424
f 2307/5165/2307 2305/5166/2305 4308/5128/4308
f 2411/5167/2411 2356/5132/2356 4300/5106/4300
f 4335/5168/4335 4336/5169/4336 4243/5041/4243
f 4311/5131/4311 4332/5160/4332 4331/5158/4331
f 2381/5148/2381 4295/5099/4295 4312/5133/4312
f 4320/5146/4320 4317/5143/4317 4328/5155/4328
f 4337/5170/4337 4333/5162/4333 2411/5167/2411
f 4276/5079/4276 4310/5130/4310 4256/5056/4256
f 4305/5125/4305 4282/5085/4282 4298/5102/4298
f 4265/5066/4265 4239/5037/4239 4231/5026/4231
f 3498/5140/3498 3535/5067/3535 4306/5126/4306
f 4269/5072/4269 4233/5028/4233 4212/5004/4212
f 4315/5139/4315 4306/5126/4306 4236/5034/4236
f 4338/5171/4338 3821/5136/3821 4275/5078/4275
f 4305/5125/4305 4263/5064/4263 4282/5085/4282
f 4269/5072/4269 4268/5071/4268 4273/5076/4273
f 4202/4991/4202 4204/4993/4204 4289/5093/4289
f 4212/5004/4212 4338/5171/4338 4269/5072/4269
f 4246/5045/4246 4268/5071/4268 4256/5056/4256
f 4195/4984/4195 4244/5042/4244 4339/5172/4339
f 4339/5172/4339 4226/5021/4226 4235/5031/4235
f 4225/5020/4225 1336/5173/1336 4340/5174/4340
f 4292/5096/4292 4305/5125/4305 4202/4991/4202
f 4211/5002/4211 1334/5116/1334 1283/5175/1283
f 4269/5072/4269 4273/5076/4273 4233/5028/4233
f 4287/5091/4287 4341/5176/4341 4260/5060/4260
f 4275/5078/4275 4269/5072/4269 4338/5171/4338
f 4262/5063/4262 4264/5065/4264 4288/5092/4288
f 4282/5085/4282 4263/5064/4263 4281/5084/4281
f 4264/5065/4264 4263/5064/4263 4277/5080/4277
f 4222/5017/4222 4230/5025/4230 4232/5027/4232
f 4319/5145/4319 4342/5177/4342 4343/5178/4343
f 4308/5128/4308 4314/5135/4314 4275/5078/4275
f 3521/5005/3521 4212/5004/4212 4233/5028/4233
f 3863/5006/3863 4338/5171/4338 4212/5004/4212
f 4311/5131/4311 4310/5130/4310 4314/5135/4314
f 4295/5099/4295 4300/5106/4300 4312/5133/4312
f 4315/5139/4315 4267/5070/4267 4323/5150/4323
f 2305/5166/2305 2424/5164/2424 4313/5134/4313
f 4344/5179/4344 4315/5139/4315 4336/5169/4336
f 4313/5134/4313 2424/5164/2424 4334/5163/4334
f 4336/5169/4336 4342/5177/4342 4344/5179/4344
f 4273/5076/4273 3529/5029/3529 4233/5028/4233
f 4332/5160/4332 4333/5162/4333 4324/5151/4324
f 4313/5134/4313 4308/5128/4308 2305/5166/2305
f 4306/5126/4306 4315/5139/4315 4344/5179/4344
f 4322/5149/4322 4309/5129/4309 4330/5157/4330
f 3529/5029/3529 4273/5076/4273 3471/5044/3471
f 4203/4992/4203 4335/5168/4335 4243/5041/4243
f 4332/5160/4332 4311/5131/4311 4334/5163/4334
f 3494/5180/3494 4320/5146/4320 4345/5181/4345
f 4333/5162/4333 2423/5161/2423 2312/5182/2312
f 4321/5147/4321 3494/5180/3494 3493/5183/3493
f 4246/5045/4246 4273/5076/4273 4268/5071/4268
f 3821/5136/3821 4338/5171/4338 3863/5006/3863
f 4256/5056/4256 4269/5072/4269 4276/5079/4276
f 4342/5177/4342 4316/5141/4316 4306/5126/4306
f 4334/5163/4334 2423/5161/2423 4332/5160/4332
f 4335/5168/4335 4343/5178/4343 4342/5177/4342
f 4309/5129/4309 4256/5056/4256 4310/5130/4310
f 4257/5057/4257 3469/5159/3469 3462/5184/3462
f 4324/5151/4324 4331/5158/4331 4332/5160/4332
f 4331/5158/4331 4309/5129/4309 4311/5131/4311
f 2307/5165/2307 4307/5127/4307 2395/5138/2395
f 4331/5158/4331 4324/5151/4324 4323/5150/4323
f 4342/5177/4342 4319/5145/4319 4318/5144/4318
f 4337/5170/4337 4324/5151/4324 4333/5162/4333
f 2411/5167/2411 4333/5162/4333 2312/5182/2312
f 4325/5152/4325 4337/5170/4337 4241/5039/4241
f 4330/5157/4330 4267/5070/4267 4322/5149/4322
f 4311/5131/4311 4313/5134/4313 4334/5163/4334
f 4323/5150/4323 4267/5070/4267 4330/5157/4330
f 4325/5152/4325 4324/5151/4324 4337/5170/4337
f 4344/5179/4344 4342/5177/4342 4306/5126/4306
f 4325/5152/4325 4336/5169/4336 4323/5150/4323
f 4300/5106/4300 4337/5170/4337 2411/5167/2411
f 4323/5150/4323 4336/5169/4336 4315/5139/4315
f 4325/5152/4325 4243/5041/4243 4336/5169/4336
f 4325/5152/4325 4241/5039/4241 4243/5041/4243
f 4337/5170/4337 4300/5106/4300 4241/5039/4241
f 4336/5169/4336 4335/5168/4335 4342/5177/4342
f 4317/5143/4317 4329/5156/4329 4328/5155/4328
f 4203/4992/4203 4293/5097/4293 4343/5178/4343
f 2307/5165/2307 4308/5128/4308 4307/5127/4307
f 2381/5148/2381 2396/5105/2396 4295/5099/4295
f 4323/5150/4323 4330/5157/4330 4331/5158/4331
f 4318/5144/4318 4316/5141/4316 4342/5177/4342
f 4316/5141/4316 3498/5140/3498 4306/5126/4306
f 4293/5097/4293 4319/5145/4319 4343/5178/4343
f 4326/5153/4326 4316/5141/4316 4318/5144/4318
f 4329/5156/4329 4319/5145/4319 4293/5097/4293
f 4321/5147/4321 4326/5153/4326 4318/5144/4318
f 3499/5142/3499 4316/5141/4316 4326/5153/4326
f 4317/5143/4317 4319/5145/4319 4329/5156/4329
f 4320/5146/4320 4318/5144/4318 4317/5143/4317
f 4257/5057/4257 4322/5149/4322 3495/5069/3495
f 4335/5168/4335 4203/4992/4203 4343/5178/4343
f 4223/5018/4223 3282/5185/3282 3295/5186/3295
f 3275/5187/3275 4301/5111/4301 1275/5110/1275
f 4223/5018/4223 4215/5009/4215 3282/5185/3282
f 3279/5188/3279 4301/5111/4301 3275/5187/3275
f 3279/5188/3279 3282/5185/3282 4215/5009/4215
f 1330/5189/1330 3275/5187/3275 1275/5110/1275
f 3297/5120/3297 4223/5018/4223 3295/5186/3295
f 4301/5111/4301 3279/5188/3279 4215/5009/4215
f 3494/5180/3494 4321/5147/4321 4320/5146/4320
f 4321/5147/4321 3493/5183/3493 3499/5142/3499
f 4345/5181/4345 4320/5146/4320 4328/5155/4328
f 4346/5190/4346 4328/5155/4328 4327/5154/4327
f 4346/5190/4346 4345/5181/4345 4328/5155/4328
f 4277/5080/4277 4283/5087/4283 4240/5038/4240
f 4261/5061/4261 4303/5114/4303 4286/5090/4286
f 4340/5174/4340 1336/5173/1336 4216/5010/4216
f 4214/5008/4214 4219/5013/4219 4213/5007/4213
f 4246/5045/4246 4257/5057/4257 3462/5184/3462
f 4327/5154/4327 4329/5156/4329 4271/5074/4271
f 4203/4992/4203 4243/5041/4243 4204/4993/4204
f 4222/5017/4222 4205/4994/4205 4230/5025/4230
f 4341/5176/4341 4287/5091/4287 4303/5114/4303
f 4220/5014/4220 4244/5042/4244 4254/5054/4254
f 4347/5191/4347 4225/5020/4225 4221/5016/4221
f 4258/5058/4258 4199/4988/4199 4264/5065/4264
f 4295/5099/4295 4286/5090/4286 4242/5040/4242
f 4247/5047/4247 4213/5007/4213 4285/5089/4285
f 4272/5075/4272 4282/5085/4282 4249/5049/4249
f 4237/5035/4237 4259/5059/4259 4240/5038/4240
f 4192/4981/4192 4238/5036/4238 4237/5035/4237
f 4198/4987/4198 4249/5049/4249 4281/5084/4281
f 4206/4995/4206 4247/5047/4247 4290/5094/4290
f 1276/5109/1276 4215/5009/4215 4208/4997/4208
f 4348/5192/4348 4271/5074/4271 4250/5050/4250
f 4349/5193/4349 4350/5194/4350 4351/5195/4351
f 4260/5060/4260 4341/5176/4341 4303/5114/4303
f 4237/5035/4237 4265/5066/4265 4200/4989/4200
f 4211/5002/4211 4270/5073/4270 1334/5116/1334
f 4283/5087/4283 4277/5080/4277 4278/5081/4278
f 4228/5023/4228 4210/5001/4210 4209/5000/4209
f 4348/5192/4348 4250/5050/4250 4351/5195/4351
f 4195/4984/4195 4339/5172/4339 4235/5031/4235
f 4327/5154/4327 4352/5196/4352 4346/5190/4346
f 4347/5191/4347 1288/5197/1288 1336/5173/1336
f 1283/5175/1283 4228/5023/4228 4209/5000/4209
f 2517/5119/2517 2510/5198/2510 4353/5199/4353
f 4223/5018/4223 4340/5174/4340 4216/5010/4216
f 3547/5200/3547 4349/5193/4349 2522/5201/2522
f 4265/5066/4265 4237/5035/4237 4239/5037/4239
f 4227/5022/4227 4234/5030/4234 4259/5059/4259
f 4255/5055/4255 4201/4990/4201 4227/5022/4227
f 4327/5154/4327 4271/5074/4271 4348/5192/4348
f 1287/5015/1287 1288/5197/1288 4347/5191/4347
f 4340/5174/4340 4223/5018/4223 4274/5077/4274
f 1308/5202/1308 1334/5116/1334 2388/5115/2388
f 4200/4989/4200 4265/5066/4265 4207/4996/4207
f 4257/5057/4257 4256/5056/4256 4322/5149/4322
f 4345/5181/4345 4346/5190/4346 4354/5203/4354
f 2517/5119/2517 4248/5048/4248 4297/5101/4297
f 2517/5119/2517 4353/5199/4353 4248/5048/4248
f 4220/5014/4220 4228/5023/4228 1287/5015/1287
f 4247/5047/4247 4206/4995/4206 4213/5007/4213
f 4351/5195/4351 4352/5196/4352 4348/5192/4348
f 4350/5194/4350 4349/5193/4349 3547/5200/3547
f 4251/5051/4251 4214/5008/4214 4222/5017/4222
f 4280/5083/4280 4251/5051/4251 4252/5052/4252
f 4353/5199/4353 2510/5198/2510 4355/5204/4355
f 4229/5024/4229 4220/5014/4220 4254/5054/4254
f 4350/5194/4350 4354/5203/4354 4351/5195/4351
f 4224/5019/4224 4339/5172/4339 4244/5042/4244
f 3494/5180/3494 4345/5181/4345 3545/5205/3545
f 4327/5154/4327 4348/5192/4348 4352/5196/4352
f 4350/5194/4350 3545/5205/3545 4354/5203/4354
f 4262/5063/4262 4288/5092/4288 4281/5084/4281
f 2522/5201/2522 4355/5204/4355 2510/5198/2510
f 4253/5053/4253 4191/4980/4191 4193/4982/4193
f 4247/5047/4247 4229/5024/4229 4290/5094/4290
f 4271/5074/4271 4329/5156/4329 4293/5097/4293
f 4248/5048/4248 4353/5199/4353 4351/5195/4351
f 4225/5020/4225 4347/5191/4347 1336/5173/1336
f 4351/5195/4351 4353/5199/4353 4349/5193/4349
f 4352/5196/4352 4354/5203/4354 4346/5190/4346
f 4353/5199/4353 4355/5204/4355 4349/5193/4349
f 2522/5201/2522 4349/5193/4349 4355/5204/4355
f 4253/5053/4253 4290/5094/4290 4254/5054/4254
f 4350/5194/4350 3547/5200/3547 3545/5205/3545
f 4242/5040/4242 4204/4993/4204 4243/5041/4243
f 3547/5200/3547 2522/5201/2522 2523/5206/2523
f 4248/5048/4248 4245/5043/4245 4297/5101/4297
f 4351/5195/4351 4250/5050/4250 4248/5048/4248
f 4351/5195/4351 4354/5203/4354 4352/5196/4352
f 4274/5077/4274 4223/5018/4223 3297/5120/3297
f 4354/5203/4354 3545/5205/3545 4345/5181/4345
f 4226/5021/4226 4339/5172/4339 4224/5019/4224
f 4250/5050/4250 4271/5074/4271 4249/5049/4249
f 4231/5026/4231 4289/5093/4289 4232/5027/4232
f 1287/5015/1287 4347/5191/4347 4221/5016/4221
f 4290/5094/4290 4279/5082/4279 4206/4995/4206
f 4232/5027/4232 4251/5051/4251 4222/5017/4222
f 4226/5021/4226 4274/5077/4274 3297/5120/3297
f 4287/5091/4287 4280/5083/4280 4252/5052/4252
f 4254/5054/4254 4195/4984/4195 4191/4980/4191
f 1276/5109/1276 4208/4997/4208 1267/4999/1267
f 4221/5016/4221 4225/5020/4225 4224/5019/4224
f 4285/5089/4285 2388/5115/2388 1334/5116/1334
f 4202/4991/4202 4305/5125/4305 4298/5102/4298
f 4214/5008/4214 2372/5104/2372 4219/5013/4219
f 4253/5053/4253 4193/4982/4193 4290/5094/4290
f 1283/5175/1283 4209/5000/4209 4211/5002/4211
f 4274/5077/4274 4225/5020/4225 4340/5174/4340
f 4254/5054/4254 4244/5042/4244 4195/4984/4195
f 4194/4983/4194 4191/4980/4191 4195/4984/4195
f 4234/5030/4234 4245/5043/4245 4199/4988/4199
f 4290/5094/4290 4193/4982/4193 4279/5082/4279
f 4246/5045/4246 3462/5184/3462 3461/5046/3461
f 4215/5009/4215 1276/5109/1276 4301/5111/4301
f 1287/5015/1287 4228/5023/4228 1283/5175/1283
f 4278/5081/4278 4263/5064/4263 4305/5125/4305
f 4221/5016/4221 4244/5042/4244 4220/5014/4220
f 4296/5100/4296 4245/5043/4245 4235/5031/4235
f 4295/5099/4295 4242/5040/4242 4241/5039/4241
f 4235/5031/4235 4196/4985/4196 4195/4984/4195
f 4191/4980/4191 4194/4983/4194 4192/4981/4192
f 4218/5012/4218 4285/5089/4285 4213/5007/4213
f 4218/5012/4218 2368/5086/2368 2388/5115/2388
f 4216/5010/4216 1336/5173/1336 1300/4998/1300
f 2372/5104/2372 2368/5086/2368 4219/5013/4219
f 4207/4996/4207 4279/5082/4279 4200/4989/4200
f 4210/5001/4210 4270/5073/4270 4211/5002/4211
f 4279/5082/4279 4193/4982/4193 4200/4989/4200
f 4230/5025/4230 4205/4994/4205 4207/4996/4207
f 4250/5050/4250 4198/4987/4198 4197/4986/4197
f 4356/5207/4356 4357/5208/4357 4358/5209/4358
f 4356/5207/4356 4359/5210/4359 4357/5208/4357
f 4360/5211/4360 4356/5207/4356 4358/5209/4358
f 4359/5210/4359 4361/5212/4361 4362/5213/4362
f 4362/5213/4362 4361/5212/4361 4363/5214/4363
f 4356/5207/4356 4364/5215/4364 4361/5212/4361
f 4363/5214/4363 4365/5216/4365 4366/5217/4366
f 4367/5218/4367 4368/5219/4368 4369/5220/4369
f 4370/5221/4370 4366/5217/4366 4365/5216/4365
f 4364/5215/4364 4371/5222/4371 4363/5214/4363
f 4364/5215/4364 4368/5219/4368 4371/5222/4371
f 4365/5216/4365 4372/5223/4372 4370/5221/4370
f 4373/5224/4373 4374/5225/4374 4375/5226/4375
f 4369/5220/4369 4368/5219/4368 4364/5215/4364
f 4376/5227/4376 4377/5228/4377 4378/5229/4378
f 4371/5222/4371 4368/5219/4368 4379/5230/4379
f 4380/5231/4380 4375/5226/4375 4374/5225/4374
f 4368/5219/4368 90/5232/90 4379/5230/4379
f 4381/5233/4381 4378/5229/4378 4377/5228/4377
f 4377/5228/4377 4376/5227/4376 4382/5234/4382
f 4383/5235/4383 4384/5236/4384 4385/5237/4385
f 4386/5238/4386 4387/5239/4387 4388/5240/4388
f 3788/5241/3788 4389/5242/4389 4390/5243/4390
f 4391/5244/4391 4392/5245/4392 4393/5246/4393
f 4383/5235/4383 4385/5237/4385 3825/5247/3825
f 4394/5248/4394 3736/5249/3736 3775/5250/3775
f 4388/5240/4388 4395/5251/4395 4396/5252/4396
f 4397/5253/4397 4392/5245/4392 4391/5244/4391
f 3788/5241/3788 3802/5254/3802 4389/5242/4389
f 4398/5255/4398 4394/5248/4394 3775/5250/3775
f 4394/5248/4394 4399/5256/4399 4400/5257/4400
f 4401/5258/4401 3788/5241/3788 4390/5243/4390
f 4396/5252/4396 4402/5259/4402 4403/5260/4403
f 4398/5255/4398 4396/5252/4396 4394/5248/4394
f 4404/5261/4404 4405/5262/4405 4392/5245/4392
f 4392/5245/4392 4397/5253/4397 4399/5256/4399
f 4399/5256/4399 4394/5248/4394 4404/5261/4404
f 3788/5241/3788 4398/5255/4398 3842/5263/3842
f 4394/5248/4394 4396/5252/4396 4404/5261/4404
f 4396/5252/4396 4398/5255/4398 4402/5259/4402
f 4406/5264/4406 4383/5235/4383 4407/5265/4407
f 4399/5256/4399 4397/5253/4397 3787/5266/3787
f 3736/5249/3736 4394/5248/4394 4400/5257/4400
f 4397/5253/4397 3829/5267/3829 3787/5266/3787
f 4398/5255/4398 3788/5241/3788 4401/5258/4401
f 4399/5256/4399 3803/5268/3803 4400/5257/4400
f 4401/5258/4401 4402/5259/4402 4398/5255/4398
f 4397/5253/4397 4391/5244/4391 3829/5267/3829
f 4396/5252/4396 4405/5262/4405 4404/5261/4404
f 3829/5267/3829 4391/5244/4391 3819/5269/3819
f 3787/5266/3787 3803/5268/3803 4399/5256/4399
f 4402/5259/4402 4401/5258/4401 4408/5270/4408
f 3842/5263/3842 4398/5255/4398 3775/5250/3775
f 4400/5257/4400 3803/5268/3803 3736/5249/3736
f 4405/5262/4405 4393/5246/4393 4392/5245/4392
f 4409/5271/4409 4405/5262/4405 4395/5251/4395
f 4408/5270/4408 4401/5258/4401 4390/5243/4390
f 4402/5259/4402 4408/5270/4408 4410/5272/4410
f 4407/5265/4407 4390/5243/4390 4406/5264/4406
f 4411/5273/4411 4393/5246/4393 4405/5262/4405
f 3802/5254/3802 4385/5237/4385 4384/5236/4384
f 4390/5243/4390 4389/5242/4389 4384/5236/4384
f 4385/5237/4385 3802/5254/3802 3825/5247/3825
f 4395/5251/4395 4405/5262/4405 4396/5252/4396
f 4407/5265/4407 4408/5270/4408 4390/5243/4390
f 4411/5273/4411 4405/5262/4405 4409/5271/4409
f 4395/5251/4395 4388/5240/4388 4387/5239/4387
f 4403/5260/4403 4388/5240/4388 4396/5252/4396
f 4384/5236/4384 4406/5264/4406 4390/5243/4390
f 4386/5238/4386 4388/5240/4388 4403/5260/4403
f 3825/5247/3825 3738/5274/3738 4383/5235/4383
f 3802/5254/3802 4384/5236/4384 4389/5242/4389
f 4384/5236/4384 4383/5235/4383 4406/5264/4406
f 3740/5275/3740 4383/5235/4383 3738/5274/3738
f 4402/5259/4402 4386/5238/4386 4403/5260/4403
f 4395/5251/4395 4387/5239/4387 4409/5271/4409
f 4392/5245/4392 4399/5256/4399 4404/5261/4404
f 4386/5238/4386 4402/5259/4402 4410/5272/4410
f 4372/5223/4372 4371/5222/4371 4412/5276/4412
f 4379/5230/4379 90/5232/90 2159/5277/2159
f 4380/5231/4380 4382/5234/4382 4375/5226/4375
f 4377/5228/4377 4382/5234/4382 4413/5278/4413
f 4414/5279/4414 4415/5280/4415 4381/5233/4381
f 4416/5281/4416 4417/5282/4417 4418/5283/4418
f 4417/5282/4417 4419/5284/4419 4418/5283/4418
f 4420/5285/4420 4421/5286/4421 4422/5287/4422
f 4423/5288/4423 4422/5287/4422 4421/5286/4421
f 4424/5289/4424 4425/5290/4425 4360/5211/4360
f 4425/5290/4425 4424/5289/4424 4426/5291/4426
f 4393/5246/4393 4411/5273/4411 4427/5292/4427
f 4426/5291/4426 4421/5286/4421 4420/5285/4420
f 4423/5288/4423 4421/5286/4421 4428/5293/4428
f 4423/5288/4423 4428/5293/4428 4429/5294/4429
f 4430/5295/4430 4426/5291/4426 4424/5289/4424
f 4431/5296/4431 4432/5297/4432 3819/5269/3819
f 4424/5289/4424 4357/5208/4357 4430/5295/4430
f 4433/5298/4433 3814/5299/3814 4434/5300/4434
f 4435/5301/4435 3776/5302/3776 4433/5298/4433
f 4436/5303/4436 4437/5304/4437 4428/5293/4428
f 4438/5305/4438 4439/5306/4439 4440/5307/4440
f 4441/5308/4441 3843/5309/3843 4432/5297/4432
f 4431/5296/4431 4442/5310/4442 4441/5308/4441
f 4443/5311/4443 4433/5298/4433 4434/5300/4434
f 3814/5299/3814 3843/5309/3843 4434/5300/4434
f 4433/5298/4433 4443/5311/4443 4435/5301/4435
f 4428/5293/4428 4444/5312/4444 4436/5303/4436
f 4430/5295/4430 4445/5313/4445 4446/5314/4446
f 4438/5305/4438 4446/5314/4446 4439/5306/4439
f 3843/5309/3843 4441/5308/4441 4434/5300/4434
f 4447/5315/4447 4448/5316/4448 4435/5301/4435
f 4439/5306/4439 4436/5303/4436 4444/5312/4444
f 4445/5313/4445 4449/5317/4449 4446/5314/4446
f 4450/5318/4450 4451/5319/4451 4452/5320/4452
f 4443/5311/4443 4448/5316/4448 4447/5315/4447
f 4450/5318/4450 4452/5320/4452 4453/5321/4453
f 4451/5319/4451 4454/5322/4454 4443/5311/4443
f 4450/5318/4450 4455/5323/4455 4451/5319/4451
f 4454/5322/4454 4448/5316/4448 4443/5311/4443
f 4439/5306/4439 4456/5324/4456 4457/5325/4457
f 4370/5221/4370 4373/5224/4373 4458/5326/4458
f 4459/5327/4459 4453/5321/4453 4460/5328/4460
f 4461/5329/4461 4455/5323/4455 4450/5318/4450
f 4454/5322/4454 4451/5319/4451 4455/5323/4455
f 4366/5217/4366 4462/5330/4462 4362/5213/4362
f 4463/5331/4463 4448/5316/4448 4454/5322/4454
f 4457/5325/4457 4456/5324/4456 4464/5332/4464
f 4458/5326/4458 4373/5224/4373 4465/5333/4465
f 4459/5327/4459 4461/5329/4461 4450/5318/4450
f 4466/5334/4466 4467/5335/4467 4460/5328/4460
f 4464/5332/4464 4456/5324/4456 4468/5336/4468
f 4433/5298/4433 3776/5302/3776 3814/5299/3814
f 4469/5337/4469 4456/5324/4456 4462/5330/4462
f 4458/5326/4458 4469/5337/4469 4462/5330/4462
f 4459/5327/4459 4470/5338/4470 4461/5329/4461
f 4466/5334/4466 4471/5339/4471 4467/5335/4467
f 4472/5340/4472 4473/5341/4473 4474/5342/4474
f 4475/5343/4475 4476/5344/4476 4465/5333/4465
f 4477/5345/4477 170/5346/170 4478/5347/4478
f 4469/5337/4469 4468/5336/4468 4456/5324/4456
f 4458/5326/4458 4476/5344/4476 4469/5337/4469
f 4479/5348/4479 4461/5329/4461 4470/5338/4470
f 4472/5340/4472 4480/5349/4480 4471/5339/4471
f 4468/5336/4468 4474/5342/4474 4473/5341/4473
f 4481/5350/4481 4476/5344/4476 4475/5343/4475
f 4477/5345/4477 4482/5351/4482 4483/5352/4483
f 170/5346/170 4477/5345/4477 179/5353/179
f 4468/5336/4468 4469/5337/4469 4484/5354/4484
f 4419/5284/4419 4417/5282/4417 4423/5288/4423
f 4470/5338/4470 4485/5355/4485 4479/5348/4479
f 4486/5356/4486 4471/5339/4471 4480/5349/4480
f 4481/5350/4481 4475/5343/4475 4487/5357/4487
f 4482/5351/4482 4479/5348/4479 4483/5352/4483
f 4469/5337/4469 4481/5350/4481 4484/5354/4484
f 3819/5269/3819 4391/5244/4391 4431/5296/4431
f 4488/5358/4488 4474/5342/4474 4489/5359/4489
f 217/5360/217 189/5361/189 4490/5362/4490
f 4491/5363/4491 4492/5364/4492 4378/5229/4378
f 4493/5365/4493 4481/5350/4481 4494/5366/4494
f 4484/5354/4484 4481/5350/4481 4495/5367/4495
f 4418/5283/4418 4419/5284/4419 4496/5368/4496
f 4497/5369/4497 4498/5370/4498 4479/5348/4479
f 4486/5356/4486 4488/5358/4488 4489/5359/4489
f 4494/5366/4494 4487/5357/4487 4499/5371/4499
f 4492/5364/4492 4491/5363/4491 189/5361/189
f 4488/5358/4488 4480/5349/4480 4474/5342/4474
f 4500/5372/4500 4501/5373/4501 4457/5325/4457
f 4502/5374/4502 4493/5365/4493 4494/5366/4494
f 4498/5370/4498 4497/5369/4497 4503/5375/4503
f 4489/5359/4489 4503/5375/4503 4486/5356/4486
f 4465/5333/4465 4476/5344/4476 4458/5326/4458
f 4499/5371/4499 4504/5376/4504 4492/5364/4492
f 4494/5366/4494 4499/5371/4499 4502/5374/4502
f 4492/5364/4492 189/5361/189 4505/5377/4505
f 4360/5211/4360 4425/5290/4425 4420/5285/4420
f 207/5378/207 4493/5365/4493 4502/5374/4502
f 4506/5379/4506 4503/5375/4503 4489/5359/4489
f 4442/5310/4442 4507/5380/4507 4441/5308/4441
f 4463/5331/4463 4478/5347/4478 4508/5381/4508
f 4499/5371/4499 4492/5364/4492 4509/5382/4509
f 4502/5374/4502 4499/5371/4499 207/5378/207
f 4492/5364/4492 4505/5377/4505 4509/5382/4509
f 205/5383/205 4505/5377/4505 189/5361/189
f 4423/5288/4423 4510/5384/4510 4419/5284/4419
f 4456/5324/4456 4439/5306/4439 4449/5317/4449
f 4511/5385/4511 4436/5303/4436 4501/5373/4501
f 4426/5291/4426 4420/5285/4420 4425/5290/4425
f 4511/5385/4511 4423/5288/4423 4429/5294/4429
f 4482/5351/4482 4455/5323/4455 4479/5348/4479
f 4510/5384/4510 4496/5368/4496 4419/5284/4419
f 209/5386/209 4503/5375/4503 4506/5379/4506
f 207/5378/207 4499/5371/4499 4509/5382/4509
f 4505/5377/4505 205/5383/205 4509/5382/4509
f 4491/5363/4491 4378/5229/4378 4381/5233/4381
f 4457/5325/4457 4464/5332/4464 4466/5334/4466
f 4486/5356/4486 4503/5375/4503 4497/5369/4497
f 4485/5355/4485 4470/5338/4470 4467/5335/4467
f 4479/5348/4479 4455/5323/4455 4461/5329/4461
f 4422/5287/4422 4417/5282/4417 4420/5285/4420
f 209/5386/209 4506/5379/4506 207/5378/207
f 205/5383/205 207/5378/207 4509/5382/4509
f 4466/5334/4466 4464/5332/4464 4471/5339/4471
f 4452/5320/4452 4443/5311/4443 4434/5300/4434
f 4431/5296/4431 4391/5244/4391 4442/5310/4442
f 4508/5381/4508 4448/5316/4448 4463/5331/4463
f 166/5387/166 4478/5347/4478 170/5346/170
f 4501/5373/4501 4500/5372/4500 4507/5380/4507
f 4512/5388/4512 166/5387/166 162/5389/162
f 4512/5388/4512 162/5389/162 3809/5390/3809
f 4508/5381/4508 4513/5391/4513 4512/5388/4512
f 4412/5276/4412 4514/5392/4514 4372/5223/4372
f 4377/5228/4377 4413/5278/4413 4414/5279/4414
f 4414/5279/4414 2134/5393/2134 4415/5280/4415
f 4413/5278/4413 4380/5231/4380 4514/5392/4514
f 2134/5393/2134 2113/5394/2113 4490/5362/4490
f 4357/5208/4357 4360/5211/4360 4358/5209/4358
f 2159/5277/2159 4412/5276/4412 4379/5230/4379
f 4472/5340/4472 4474/5342/4474 4480/5349/4480
f 4453/5321/4453 4452/5320/4452 4434/5300/4434
f 4414/5279/4414 4381/5233/4381 4377/5228/4377
f 217/5360/217 2113/5394/2113 212/5395/212
f 4512/5388/4512 4513/5391/4513 166/5387/166
f 166/5387/166 4513/5391/4513 4478/5347/4478
f 4413/5278/4413 4382/5234/4382 4380/5231/4380
f 4510/5384/4510 4423/5288/4423 4511/5385/4511
f 4441/5308/4441 4500/5372/4500 4460/5328/4460
f 4490/5362/4490 2113/5394/2113 217/5360/217
f 4485/5355/4485 4467/5335/4467 4471/5339/4471
f 2120/5396/2120 4514/5392/4514 2181/5397/2181
f 4478/5347/4478 4463/5331/4463 4477/5345/4477
f 4362/5213/4362 4462/5330/4462 4515/5398/4515
f 4478/5347/4478 4513/5391/4513 4508/5381/4508
f 4382/5234/4382 4376/5227/4376 4516/5399/4516
f 4423/5288/4423 4417/5282/4417 4422/5287/4422
f 4485/5355/4485 4471/5339/4471 4486/5356/4486
f 4500/5372/4500 4441/5308/4441 4507/5380/4507
f 4437/5304/4437 4511/5385/4511 4429/5294/4429
f 4362/5213/4362 4363/5214/4363 4366/5217/4366
f 4362/5213/4362 4515/5398/4515 4517/5400/4517
f 4474/5342/4474 4495/5367/4495 4489/5359/4489
f 4501/5373/4501 4436/5303/4436 4457/5325/4457
f 4518/5401/4518 4511/5385/4511 4501/5373/4501
f 4493/5365/4493 4506/5379/4506 4495/5367/4495
f 4444/5312/4444 4440/5307/4440 4439/5306/4439
f 4378/5229/4378 4504/5376/4504 4475/5343/4475
f 4519/5402/4519 4408/5270/4408 4407/5265/4407
f 4520/5403/4520 4521/5404/4521 4519/5402/4519
f 4500/5372/4500 4457/5325/4457 4466/5334/4466
f 4521/5404/4521 4410/5272/4410 4408/5270/4408
f 4506/5379/4506 4493/5365/4493 207/5378/207
f 4520/5403/4520 4522/5405/4522 4521/5404/4521
f 4523/5406/4523 4524/5407/4524 4522/5405/4522
f 4519/5402/4519 4407/5265/4407 4523/5406/4523
f 4431/5296/4431 4441/5308/4441 4432/5297/4432
f 4519/5402/4519 4521/5404/4521 4408/5270/4408
f 4525/5408/4525 4387/5239/4387 4386/5238/4386
f 4521/5404/4521 4386/5238/4386 4410/5272/4410
f 4526/5409/4526 4418/5283/4418 4409/5271/4409
f 4387/5239/4387 4527/5410/4527 4409/5271/4409
f 4496/5368/4496 4411/5273/4411 4418/5283/4418
f 4467/5335/4467 4459/5327/4459 4460/5328/4460
f 4523/5406/4523 4520/5403/4520 4519/5402/4519
f 4520/5403/4520 4523/5406/4523 4522/5405/4522
f 4494/5366/4494 4481/5350/4481 4487/5357/4487
f 4386/5238/4386 4521/5404/4521 4522/5405/4522
f 4516/5399/4516 4475/5343/4475 4465/5333/4465
f 4418/5283/4418 4526/5409/4526 4528/5411/4528
f 4515/5398/4515 4445/5313/4445 4517/5400/4517
f 4491/5363/4491 4415/5280/4415 4490/5362/4490
f 4527/5410/4527 4524/5407/4524 4528/5411/4528
f 4357/5208/4357 4424/5289/4424 4360/5211/4360
f 4514/5392/4514 2120/5396/2120 4413/5278/4413
f 4435/5301/4435 4443/5311/4443 4447/5315/4447
f 4517/5400/4517 4445/5313/4445 4357/5208/4357
f 4438/5305/4438 4440/5307/4440 4444/5312/4444
f 4427/5292/4427 4510/5384/4510 4518/5401/4518
f 4445/5313/4445 4430/5295/4430 4357/5208/4357
f 4465/5333/4465 4373/5224/4373 4375/5226/4375
f 4464/5332/4464 4468/5336/4468 4473/5341/4473
f 4477/5345/4477 4483/5352/4483 179/5353/179
f 4500/5372/4500 4466/5334/4466 4460/5328/4460
f 4415/5280/4415 2134/5393/2134 4490/5362/4490
f 4372/5223/4372 4514/5392/4514 4380/5231/4380
f 4378/5229/4378 4492/5364/4492 4504/5376/4504
f 4489/5359/4489 4495/5367/4495 4506/5379/4506
f 4482/5351/4482 4454/5322/4454 4455/5323/4455
f 4454/5322/4454 4482/5351/4482 4477/5345/4477
f 4529/5412/4529 4420/5285/4420 4530/5413/4530
f 4531/5414/4531 4383/5235/4383 3740/5275/3740
f 4524/5407/4524 4532/5415/4532 4533/5416/4533
f 4464/5332/4464 4473/5341/4473 4472/5340/4472
f 4534/5417/4534 4407/5265/4407 4383/5235/4383
f 4531/5414/4531 3805/5418/3805 100/5419/100
f 4454/5322/4454 4477/5345/4477 4463/5331/4463
f 4535/5420/4535 4534/5417/4534 79/5421/79
f 4533/5416/4533 4536/5422/4536 99/5423/99
f 4532/5415/4532 4523/5406/4523 4535/5420/4535
f 4420/5285/4420 4529/5412/4529 4537/5424/4537
f 4534/5417/4534 4383/5235/4383 4531/5414/4531
f 2120/5396/2120 2134/5393/2134 4413/5278/4413
f 4367/5218/4367 4538/5425/4538 86/5426/86
f 91/5427/91 90/5232/90 4367/5218/4367
f 764/5428/764 4498/5370/4498 209/5386/209
f 4427/5292/4427 4411/5273/4411 4496/5368/4496
f 4487/5357/4487 4475/5343/4475 4504/5376/4504
f 4476/5344/4476 4481/5350/4481 4469/5337/4469
f 4518/5401/4518 4510/5384/4510 4511/5385/4511
f 80/5429/80 4531/5414/4531 100/5419/100
f 4515/5398/4515 4449/5317/4449 4445/5313/4445
f 4536/5422/4536 4535/5420/4535 83/5430/83
f 4539/5431/4539 86/5426/86 4538/5425/4538
f 4540/5432/4540 4537/5424/4537 4369/5220/4369
f 4536/5422/4536 98/5433/98 99/5423/99
f 4529/5412/4529 4528/5411/4528 4533/5416/4533
f 99/5423/99 4529/5412/4529 4533/5416/4533
f 4541/5434/4541 4527/5410/4527 4525/5408/4525
f 4374/5225/4374 4372/5223/4372 4380/5231/4380
f 4504/5376/4504 4499/5371/4499 4487/5357/4487
f 3819/5269/3819 4432/5297/4432 3843/5309/3843
f 4393/5246/4393 4427/5292/4427 4518/5401/4518
f 4537/5424/4537 4539/5431/4539 4542/5435/4542
f 4453/5321/4453 4441/5308/4441 4460/5328/4460
f 4530/5413/4530 4420/5285/4420 4416/5281/4416
f 4441/5308/4441 4453/5321/4453 4434/5300/4434
f 4534/5417/4534 4535/5420/4535 4523/5406/4523
f 4523/5406/4523 4532/5415/4532 4524/5407/4524
f 4360/5211/4360 4420/5285/4420 4540/5432/4540
f 83/5430/83 98/5433/98 4536/5422/4536
f 4374/5225/4374 4370/5221/4370 4372/5223/4372
f 4426/5291/4426 4430/5295/4430 4438/5305/4438
f 80/5429/80 4534/5417/4534 4531/5414/4531
f 4442/5310/4442 4518/5401/4518 4507/5380/4507
f 4536/5422/4536 4533/5416/4533 4535/5420/4535
f 4528/5411/4528 4529/5412/4529 4530/5413/4530
f 4523/5406/4523 4407/5265/4407 4534/5417/4534
f 4538/5425/4538 4367/5218/4367 4542/5435/4542
f 4528/5411/4528 4530/5413/4530 4416/5281/4416
f 4539/5431/4539 99/5423/99 86/5426/86
f 79/5421/79 83/5430/83 4535/5420/4535
f 4539/5431/4539 4537/5424/4537 4529/5412/4529
f 80/5429/80 79/5421/79 4534/5417/4534
f 3740/5275/3740 3805/5418/3805 4531/5414/4531
f 4459/5327/4459 4467/5335/4467 4470/5338/4470
f 4516/5399/4516 4378/5229/4378 4475/5343/4475
f 4529/5412/4529 99/5423/99 4539/5431/4539
f 4359/5210/4359 4362/5213/4362 4517/5400/4517
f 4540/5432/4540 4420/5285/4420 4537/5424/4537
f 4539/5431/4539 4538/5425/4538 4542/5435/4542
f 4537/5424/4537 4542/5435/4542 4369/5220/4369
f 4532/5415/4532 4535/5420/4535 4533/5416/4533
f 91/5427/91 4367/5218/4367 86/5426/86
f 4367/5218/4367 4369/5220/4369 4542/5435/4542
f 4371/5222/4371 4372/5223/4372 4363/5214/4363
f 4360/5211/4360 4540/5432/4540 4369/5220/4369
f 4418/5283/4418 4411/5273/4411 4409/5271/4409
f 4361/5212/4361 4359/5210/4359 4356/5207/4356
f 4451/5319/4451 4443/5311/4443 4452/5320/4452
f 4462/5330/4462 4370/5221/4370 4458/5326/4458
f 189/5361/189 4491/5363/4491 4490/5362/4490
f 4437/5304/4437 4436/5303/4436 4511/5385/4511
f 4483/5352/4483 4479/5348/4479 4498/5370/4498
f 764/5428/764 179/5353/179 4483/5352/4483
f 100/5419/100 3805/5418/3805 101/5436/101
f 4515/5398/4515 4462/5330/4462 4456/5324/4456
f 4381/5233/4381 4415/5280/4415 4491/5363/4491
f 4503/5375/4503 209/5386/209 4498/5370/4498
f 4375/5226/4375 4516/5399/4516 4465/5333/4465
f 4468/5336/4468 4484/5354/4484 4474/5342/4474
f 4495/5367/4495 4474/5342/4474 4484/5354/4484
f 4449/5317/4449 4439/5306/4439 4446/5314/4446
f 4524/5407/4524 4533/5416/4533 4528/5411/4528
f 4442/5310/4442 4391/5244/4391 4393/5246/4393
f 4497/5369/4497 4485/5355/4485 4486/5356/4486
f 4453/5321/4453 4459/5327/4459 4450/5318/4450
f 4370/5221/4370 4462/5330/4462 4366/5217/4366
f 4456/5324/4456 4449/5317/4449 4515/5398/4515
f 4501/5373/4501 4507/5380/4507 4518/5401/4518
f 4483/5352/4483 4498/5370/4498 764/5428/764
f 4438/5305/4438 4430/5295/4430 4446/5314/4446
f 4436/5303/4436 4439/5306/4439 4457/5325/4457
f 4416/5281/4416 4420/5285/4420 4417/5282/4417
f 4427/5292/4427 4496/5368/4496 4510/5384/4510
f 4522/5405/4522 4541/5434/4541 4386/5238/4386
f 4421/5286/4421 4426/5291/4426 4428/5293/4428
f 4472/5340/4472 4471/5339/4471 4464/5332/4464
f 4480/5349/4480 4488/5358/4488 4486/5356/4486
f 4426/5291/4426 4438/5305/4438 4444/5312/4444
f 4444/5312/4444 4428/5293/4428 4426/5291/4426
f 4481/5350/4481 4493/5365/4493 4495/5367/4495
f 4518/5401/4518 4442/5310/4442 4393/5246/4393
f 4479/5348/4479 4485/5355/4485 4497/5369/4497
f 4437/5304/4437 4429/5294/4429 4428/5293/4428
f 4365/5216/4365 4363/5214/4363 4372/5223/4372
f 4448/5316/4448 4543/5437/4543 4435/5301/4435
f 3809/5390/3809 3844/5438/3844 4543/5437/4543
f 3776/5302/3776 4435/5301/4435 3844/5438/3844
f 3844/5438/3844 4435/5301/4435 4543/5437/4543
f 4543/5437/4543 4512/5388/4512 3809/5390/3809
f 4543/5437/4543 4508/5381/4508 4512/5388/4512
f 4508/5381/4508 4543/5437/4543 4448/5316/4448
f 4416/5281/4416 4418/5283/4418 4528/5411/4528
f 4541/5434/4541 4524/5407/4524 4527/5410/4527
f 4526/5409/4526 4527/5410/4527 4528/5411/4528
f 4524/5407/4524 4541/5434/4541 4522/5405/4522
f 4409/5271/4409 4527/5410/4527 4526/5409/4526
f 4386/5238/4386 4541/5434/4541 4525/5408/4525
f 4387/5239/4387 4525/5408/4525 4527/5410/4527
f 2134/5393/2134 4414/5279/4414 4413/5278/4413
f 4360/5211/4360 4369/5220/4369 4364/5215/4364
f 4371/5222/4371 4379/5230/4379 4412/5276/4412
f 4375/5226/4375 4382/5234/4382 4516/5399/4516
f 4364/5215/4364 4363/5214/4363 4361/5212/4361
f 4373/5224/4373 4370/5221/4370 4374/5225/4374
f 2181/5397/2181 4514/5392/4514 2159/5277/2159
f 4367/5218/4367 90/5232/90 4368/5219/4368
f 4378/5229/4378 4516/5399/4516 4376/5227/4376
f 4357/5208/4357 4359/5210/4359 4517/5400/4517
f 4364/5215/4364 4356/5207/4356 4360/5211/4360
f 4514/5392/4514 4412/5276/4412 2159/5277/2159
f 4544/5439/4544 4545/5440/4545 4546/5441/4546
f 4547/5442/4547 4548/5443/4548 4549/5444/4549
f 4550/5445/4550 4551/5446/4551 4552/5447/4552
f 4549/5444/4549 4553/5448/4553 4554/5449/4554
f 4555/5450/4555 4556/5451/4556 4552/5447/4552
f 4557/5452/4557 2125/5453/2125 4558/5454/4558
f 4559/5455/4559 4560/5456/4560 4561/5457/4561
f 19/5458/19 4554/5449/4554 20/5459/20
f 4562/5460/4562 4563/5461/4563 4564/5462/4564
f 15/5463/15 23/5464/23 4565/5465/4565
f 4546/5441/4546 4563/5461/4563 4544/5439/4544
f 4550/5445/4550 4566/5466/4566 4567/5467/4567
f 4559/5455/4559 4568/5468/4568 4560/5456/4560
f 4569/5469/4569 4570/5470/4570 1218/5471/1218
f 4571/5472/4571 4572/5473/4572 4560/5456/4560
f 4573/5474/4573 4574/5475/4574 4575/5476/4575
f 4576/5477/4576 631/5478/631 617/5479/617
f 4565/5465/4565 19/5458/19 15/5463/15
f 4577/5480/4577 4566/5466/4566 4572/5473/4572
f 4547/5442/4547 4578/5481/4578 631/5478/631
f 4563/5461/4563 4546/5441/4546 4564/5462/4564
f 4567/5467/4567 4579/5482/4579 4546/5441/4546
f 4580/5483/4580 4577/5480/4577 4572/5473/4572
f 4565/5465/4565 4554/5449/4554 19/5458/19
f 4581/5484/4581 4575/5476/4575 4574/5475/4574
f 4571/5472/4571 4560/5456/4560 4568/5468/4568
f 4550/5445/4550 4561/5457/4561 4566/5466/4566
f 4582/5485/4582 4583/5486/4583 4584/5487/4584
f 631/5478/631 4585/5488/4585 4547/5442/4547
f 4586/5489/4586 4572/5473/4572 4571/5472/4571
f 4587/5490/4587 4588/5491/4588 4589/5492/4589
f 4590/5493/4590 4564/5462/4564 4591/5494/4591
f 4592/5495/4592 2173/5496/2173 4593/5497/4593
f 2132/5498/2132 4594/5499/4594 4595/5500/4595
f 4596/5501/4596 4566/5466/4566 4577/5480/4577
f 4583/5486/4583 4597/5502/4597 4598/5503/4598
f 4567/5467/4567 4596/5501/4596 4579/5482/4579
f 4599/5504/4599 4577/5480/4577 4580/5483/4580
f 4574/5475/4574 4573/5474/4573 4600/5505/4600
f 4601/5506/4601 1230/5507/1230 4602/5508/4602
f 4603/5509/4603 4604/5510/4604 4605/5511/4605
f 4547/5442/4547 4585/5488/4585 4606/5512/4606
f 4607/5513/4607 20/5459/20 4553/5448/4553
f 4577/5480/4577 4599/5504/4599 4596/5501/4596
f 4608/5514/4608 4609/5515/4609 4610/5516/4610
f 4611/5517/4611 4579/5482/4579 4596/5501/4596
f 4612/5518/4612 4613/5519/4613 4614/5520/4614
f 4615/5521/4615 4616/5522/4616 4617/5523/4617
f 4618/5524/4618 4580/5483/4580 4619/5525/4619
f 4618/5524/4618 4599/5504/4599 4580/5483/4580
f 4620/5526/4620 4621/5527/4621 4605/5511/4605
f 4622/5528/4622 4623/5529/4623 4586/5489/4586
f 4580/5483/4580 4572/5473/4572 4619/5525/4619
f 4611/5517/4611 4596/5501/4596 4599/5504/4599
f 4624/5530/4624 4618/5524/4618 4619/5525/4619
f 4576/5477/4576 4552/5447/4552 4606/5512/4606
f 4605/5511/4605 4625/5531/4625 4626/5532/4626
f 4622/5528/4622 4627/5533/4627 4628/5534/4628
f 4629/5535/4629 4627/5533/4627 4622/5528/4622
f 4552/5447/4552 4556/5451/4556 4550/5445/4550
f 4572/5473/4572 4586/5489/4586 4619/5525/4619
f 4584/5487/4584 4583/5486/4583 4630/5536/4630
f 4631/5537/4631 4632/5538/4632 4633/5539/4633
f 4554/5449/4554 4553/5448/4553 20/5459/20
f 4623/5529/4623 4622/5528/4622 4628/5534/4628
f 1184/5540/1184 4634/5541/4634 4604/5510/4604
f 4616/5522/4616 4620/5526/4620 2535/5542/2535
f 4624/5530/4624 4619/5525/4619 4635/5543/4635
f 4553/5448/4553 4549/5444/4549 4607/5513/4607
f 4636/5544/4636 4637/5545/4637 4616/5522/4616
f 4638/5546/4638 4609/5515/4609 4639/5547/4639
f 4611/5517/4611 4609/5515/4609 4638/5546/4638
f 4640/5548/4640 4599/5504/4599 4641/5549/4641
f 4548/5443/4548 4547/5442/4547 4606/5512/4606
f 4641/5549/4641 4618/5524/4618 4624/5530/4624
f 4549/5444/4549 4562/5460/4562 4607/5513/4607
f 4559/5455/4559 4561/5457/4561 4642/5550/4642
f 4643/5551/4643 4644/5552/4644 4645/5553/4645
f 1233/5554/1233 4646/5555/4646 1238/5556/1238
f 617/5479/617 619/5557/619 4647/5558/4647
f 1390/5559/1390 4648/5560/4648 4649/5561/4649
f 617/5479/617 4647/5558/4647 4650/5562/4650
f 4647/5558/4647 4645/5553/4645 4650/5562/4650
f 4651/5563/4651 4647/5558/4647 4652/5564/4652
f 4653/5565/4653 4639/5547/4639 4609/5515/4609
f 4654/5566/4654 4652/5564/4652 626/5567/626
f 4649/5561/4649 1440/5568/1440 1390/5559/1390
f 4655/5569/4655 4552/5447/4552 4576/5477/4576
f 617/5479/617 4650/5562/4650 4576/5477/4576
f 4590/5493/4590 4656/5570/4656 4562/5460/4562
f 4647/5558/4647 4657/5571/4657 4645/5553/4645
f 626/5567/626 1386/5572/1386 4654/5566/4654
f 4650/5562/4650 4645/5553/4645 4655/5569/4655
f 4591/5494/4591 4638/5546/4638 4639/5547/4639
f 4651/5563/4651 4649/5561/4649 4648/5560/4648
f 4655/5569/4655 4576/5477/4576 4650/5562/4650
f 2125/5453/2125 2107/5573/2107 4558/5454/4558
f 619/5557/619 626/5567/626 4652/5564/4652
f 4658/5574/4658 4659/5575/4659 4660/5576/4660
f 4651/5563/4651 4648/5560/4648 4657/5571/4657
f 4649/5561/4649 4651/5563/4651 4654/5566/4654
f 4591/5494/4591 4639/5547/4639 4661/5577/4661
f 4654/5566/4654 4651/5563/4651 4652/5564/4652
f 4651/5563/4651 4657/5571/4657 4647/5558/4647
f 4590/5493/4590 4562/5460/4562 4564/5462/4564
f 4652/5564/4652 4647/5558/4647 619/5557/619
f 4645/5553/4645 4555/5450/4555 4655/5569/4655
f 4623/5529/4623 4628/5534/4628 4662/5578/4662
f 4571/5472/4571 4568/5468/4568 4622/5528/4622
f 4649/5561/4649 4654/5566/4654 1386/5572/1386
f 4555/5450/4555 4552/5447/4552 4655/5569/4655
f 1390/5559/1390 4663/5579/4663 4648/5560/4648
f 1386/5572/1386 1440/5568/1440 4649/5561/4649
f 4602/5508/4602 4664/5580/4664 4601/5506/4601
f 4663/5579/4663 1390/5559/1390 1389/5581/1389
f 4601/5506/4601 4631/5537/4631 4665/5582/4665
f 1261/5583/1261 4665/5582/4665 4666/5584/4666
f 4657/5571/4657 4667/5585/4667 4643/5551/4643
f 1259/5586/1259 4666/5584/4666 4668/5587/4668
f 4667/5585/4667 1437/5588/1437 4633/5539/4633
f 1218/5471/1218 4669/5589/4669 4612/5518/4612
f 4633/5539/4633 4643/5551/4643 4667/5585/4667
f 4667/5585/4667 4663/5579/4663 1389/5581/1389
f 4639/5547/4639 4653/5565/4653 4670/5590/4670
f 2916/5591/2916 4032/5592/4032 4671/5593/4671
f 854/5594/854 4672/5595/4672 786/5596/786
f 4639/5547/4639 4670/5590/4670 4661/5577/4661
f 4673/5597/4673 4581/5484/4581 4674/5598/4674
f 2916/5591/2916 4675/5599/4675 1217/5600/1217
f 4676/5601/4676 4677/5602/4677 4678/5603/4678
f 4679/5604/4679 4612/5518/4612 4614/5520/4614
f 4680/5605/4680 4591/5494/4591 4661/5577/4661
f 4680/5605/4680 4590/5493/4590 4591/5494/4591
f 4609/5515/4609 4608/5514/4608 4653/5565/4653
f 4598/5503/4598 4681/5606/4681 4600/5505/4600
f 4554/5449/4554 4578/5481/4578 4547/5442/4547
f 4682/5607/4682 4683/5608/4683 4684/5609/4684
f 4685/5610/4685 4659/5575/4659 4658/5574/4658
f 4686/5611/4686 4679/5604/4679 4687/5612/4687
f 1199/5613/1199 4604/5510/4604 1156/5614/1156
f 4597/5502/4597 4682/5607/4682 4688/5615/4688
f 4689/5616/4689 4674/5598/4674 4690/5617/4690
f 4690/5617/4690 4674/5598/4674 4691/5618/4691
f 4582/5485/4582 4692/5619/4692 4693/5620/4693
f 4694/5621/4694 4695/5622/4695 4696/5623/4696
f 4697/5624/4697 1184/5540/1184 1213/5625/1213
f 1213/5625/1213 1214/5626/1214 4679/5604/4679
f 4589/5492/4589 4588/5491/4588 4675/5599/4675
f 4604/5510/4604 1154/5627/1154 1156/5614/1156
f 2169/5628/2169 2535/5542/2535 2170/5629/2170
f 854/5594/854 2173/5496/2173 4592/5495/4592
f 4546/5441/4546 4579/5482/4579 4564/5462/4564
f 4629/5535/4629 4628/5534/4628 4627/5533/4627
f 4640/5548/4640 4698/5630/4698 4611/5517/4611
f 4607/5513/4607 4562/5460/4562 4656/5570/4656
f 1199/5613/1199 1184/5540/1184 4604/5510/4604
f 4699/5631/4699 4700/5632/4700 4682/5607/4682
f 4595/5500/4595 4685/5610/4685 4658/5574/4658
f 1184/5540/1184 4697/5624/4697 4634/5541/4634
f 4682/5607/4682 4684/5609/4684 4699/5631/4699
f 4701/5633/4701 4702/5634/4702 4595/5500/4595
f 4544/5439/4544 4548/5443/4548 4551/5446/4551
f 194/5635/194 2173/5496/2173 854/5594/854
f 4634/5541/4634 4697/5624/4697 4703/5636/4703
f 4611/5517/4611 4704/5637/4704 4609/5515/4609
f 4663/5579/4663 4667/5585/4667 4657/5571/4657
f 4705/5638/4705 4629/5535/4629 4706/5639/4706
f 4640/5548/4640 4707/5640/4707 4698/5630/4698
f 4644/5552/4644 4555/5450/4555 4645/5553/4645
f 4624/5530/4624 4708/5641/4708 4641/5549/4641
f 4566/5466/4566 4560/5456/4560 4572/5473/4572
f 1213/5625/1213 4679/5604/4679 4686/5611/4686
f 1218/5471/1218 4570/5470/4570 4669/5589/4669
f 4657/5571/4657 4648/5560/4648 4663/5579/4663
f 4644/5552/4644 4633/5539/4633 4555/5450/4555
f 4563/5461/4563 4549/5444/4549 4548/5443/4548
f 4667/5585/4667 1389/5581/1389 1437/5588/1437
f 4672/5595/4672 4678/5603/4678 787/5642/787
f 4561/5457/4561 4556/5451/4556 4709/5643/4709
f 4555/5450/4555 4709/5643/4709 4556/5451/4556
f 4632/5538/4632 4555/5450/4555 4633/5539/4633
f 1260/5644/1260 4664/5580/4664 4602/5508/4602
f 4584/5487/4584 4630/5536/4630 4658/5574/4658
f 4705/5638/4705 4710/5645/4710 4711/5646/4711
f 4662/5578/4662 4628/5534/4628 4629/5535/4629
f 4645/5553/4645 4657/5571/4657 4643/5551/4643
f 2131/5647/2131 4594/5499/4594 2132/5498/2132
f 4568/5468/4568 4629/5535/4629 4622/5528/4622
f 4642/5550/4642 1260/5644/1260 1238/5556/1238
f 4631/5537/4631 4664/5580/4664 4632/5538/4632
f 4555/5450/4555 4632/5538/4632 4709/5643/4709
f 4606/5512/4606 4585/5488/4585 4576/5477/4576
f 4712/5648/4712 4713/5649/4713 4714/5650/4714
f 4715/5651/4715 4609/5515/4609 4704/5637/4704
f 4598/5503/4598 4630/5536/4630 4583/5486/4583
f 4713/5649/4713 4706/5639/4706 4629/5535/4629
f 4568/5468/4568 1232/5652/1232 4716/5653/4716
f 1437/5588/1437 4666/5584/4666 4633/5539/4633
f 786/5596/786 4672/5595/4672 787/5642/787
f 4182/5654/4182 785/5655/785 787/5642/787
f 4707/5640/4707 4641/5549/4641 4708/5641/4708
f 4703/5636/4703 4697/5624/4697 4659/5575/4659
f 4601/5506/4601 4664/5580/4664 4631/5537/4631
f 4709/5643/4709 4632/5538/4632 4642/5550/4642
f 4668/5587/4668 1437/5588/1437 4717/5656/4717
f 4633/5539/4633 4666/5584/4666 4665/5582/4665
f 4683/5608/4683 4682/5607/4682 4597/5502/4597
f 4705/5638/4705 4662/5578/4662 4629/5535/4629
f 4559/5455/4559 4646/5555/4646 1232/5652/1232
f 4642/5550/4642 4646/5555/4646 4559/5455/4559
f 1203/5657/1203 1202/5658/1202 4612/5518/4612
f 4554/5449/4554 4565/5465/4565 4578/5481/4578
f 4710/5645/4710 1254/5659/1254 1164/5660/1164
f 4701/5633/4701 4630/5536/4630 4573/5474/4573
f 4595/5500/4595 4702/5634/4702 2106/5661/2106
f 1203/5657/1203 4679/5604/4679 1214/5626/1214
f 4718/5662/4718 4636/5544/4636 4719/5663/4719
f 4686/5611/4686 4687/5612/4687 4659/5575/4659
f 1251/5664/1251 4713/5649/4713 4712/5648/4712
f 1232/5652/1232 1250/5665/1250 4712/5648/4712
f 1250/5665/1250 1251/5664/1251 4712/5648/4712
f 4659/5575/4659 4697/5624/4697 4686/5611/4686
f 4679/5604/4679 1203/5657/1203 4612/5518/4612
f 4687/5612/4687 4692/5619/4692 4659/5575/4659
f 4584/5487/4584 4692/5619/4692 4582/5485/4582
f 4679/5604/4679 4614/5520/4614 4687/5612/4687
f 4720/5666/4720 4588/5491/4588 4613/5519/4613
f 2122/5667/2122 2125/5453/2125 4690/5617/4690
f 4597/5502/4597 4693/5620/4693 4683/5608/4683
f 1254/5659/1254 4710/5645/4710 1253/5668/1253
f 4638/5546/4638 4564/5462/4564 4579/5482/4579
f 4716/5653/4716 4712/5648/4712 4714/5650/4714
f 1253/5668/1253 4706/5639/4706 4713/5649/4713
f 4692/5619/4692 4660/5576/4660 4659/5575/4659
f 4614/5520/4614 4613/5519/4613 4721/5669/4721
f 4688/5615/4688 4700/5632/4700 4598/5503/4598
f 4687/5612/4687 4614/5520/4614 4721/5669/4721
f 4716/5653/4716 1232/5652/1232 4712/5648/4712
f 1251/5664/1251 1253/5668/1253 4713/5649/4713
f 4597/5502/4597 4583/5486/4583 4582/5485/4582
f 4612/5518/4612 1202/5658/1202 1218/5471/1218
f 4630/5536/4630 4595/5500/4595 4658/5574/4658
f 4554/5449/4554 4547/5442/4547 4549/5444/4549
f 4690/5617/4690 4722/5670/4722 2122/5667/2122
f 4584/5487/4584 4658/5574/4658 4660/5576/4660
f 4584/5487/4584 4660/5576/4660 4692/5619/4692
f 4613/5519/4613 4612/5518/4612 4669/5589/4669
f 4708/5641/4708 4719/5663/4719 4707/5640/4707
f 1253/5668/1253 4710/5645/4710 4706/5639/4706
f 4629/5535/4629 4714/5650/4714 4713/5649/4713
f 4587/5490/4587 4693/5620/4693 4721/5669/4721
f 4559/5455/4559 1232/5652/1232 4568/5468/4568
f 4587/5490/4587 4721/5669/4721 4613/5519/4613
f 4716/5653/4716 4714/5650/4714 4568/5468/4568
f 4692/5619/4692 4687/5612/4687 4721/5669/4721
f 4701/5633/4701 4581/5484/4581 4702/5634/4702
f 4710/5645/4710 1164/5660/1164 1154/5627/1154
f 4702/5634/4702 4723/5671/4723 4558/5454/4558
f 4595/5500/4595 4630/5536/4630 4701/5633/4701
f 4570/5470/4570 4613/5519/4613 4669/5589/4669
f 4570/5470/4570 4720/5666/4720 4613/5519/4613
f 4683/5608/4683 4587/5490/4587 4589/5492/4589
f 4629/5535/4629 4568/5468/4568 4714/5650/4714
f 4550/5445/4550 4545/5440/4545 4551/5446/4551
f 4566/5466/4566 4561/5457/4561 4560/5456/4560
f 4579/5482/4579 4611/5517/4611 4638/5546/4638
f 4596/5501/4596 4567/5467/4567 4566/5466/4566
f 4675/5599/4675 4569/5469/4569 1217/5600/1217
f 4720/5666/4720 4570/5470/4570 4569/5469/4569
f 4704/5637/4704 4636/5544/4636 4715/5651/4715
f 4683/5608/4683 4589/5492/4589 4684/5609/4684
f 4720/5666/4720 4569/5469/4569 4588/5491/4588
f 4615/5521/4615 4610/5516/4610 4636/5544/4636
f 4603/5509/4603 4605/5511/4605 4621/5527/4621
f 4724/5672/4724 4603/5509/4603 4621/5527/4621
f 4608/5514/4608 4610/5516/4610 4615/5521/4615
f 4715/5651/4715 4636/5544/4636 4610/5516/4610
f 4698/5630/4698 4719/5663/4719 4704/5637/4704
f 629/5673/629 631/5478/631 4578/5481/4578
f 4573/5474/4573 4598/5503/4598 4600/5505/4600
f 4662/5578/4662 4705/5638/4705 4725/5674/4725
f 4701/5633/4701 4575/5476/4575 4581/5484/4581
f 4706/5639/4706 4710/5645/4710 4705/5638/4705
f 4707/5640/4707 4640/5548/4640 4641/5549/4641
f 4719/5663/4719 4698/5630/4698 4707/5640/4707
f 4623/5529/4623 4619/5525/4619 4586/5489/4586
f 4702/5634/4702 4581/5484/4581 4673/5597/4673
f 4726/5675/4726 4727/5676/4727 4600/5505/4600
f 4675/5599/4675 4588/5491/4588 4569/5469/4569
f 1232/5652/1232 4646/5555/4646 1233/5554/1233
f 4595/5500/4595 2106/5661/2106 2132/5498/2132
f 4708/5641/4708 4718/5662/4718 4719/5663/4719
f 2535/5542/2535 2169/5628/2169 2172/5677/2172
f 1154/5627/1154 4711/5646/4711 4710/5645/4710
f 4590/5493/4590 4680/5605/4680 4656/5570/4656
f 4725/5674/4725 4705/5638/4705 4711/5646/4711
f 4598/5503/4598 4597/5502/4597 4688/5615/4688
f 4633/5539/4633 4644/5552/4644 4643/5551/4643
f 4637/5545/4637 4621/5527/4621 4620/5526/4620
f 4620/5526/4620 4605/5511/4605 4626/5532/4626
f 4684/5609/4684 4589/5492/4589 4695/5622/4695
f 4565/5465/4565 610/5678/610 629/5673/629
f 4695/5622/4695 4589/5492/4589 4675/5599/4675
f 4673/5597/4673 4723/5671/4723 4702/5634/4702
f 4558/5454/4558 2107/5573/2107 2106/5661/2106
f 4675/5599/4675 2916/5591/2916 4671/5593/4671
f 4682/5607/4682 4700/5632/4700 4688/5615/4688
f 1437/5588/1437 4668/5587/4668 4666/5584/4666
f 4672/5595/4672 854/5594/854 4592/5495/4592
f 2123/5679/2123 2122/5667/2122 4722/5670/4722
f 4684/5609/4684 4695/5622/4695 4694/5621/4694
f 4695/5622/4695 4675/5599/4675 4696/5623/4696
f 4727/5676/4727 4574/5475/4574 4600/5505/4600
f 4681/5606/4681 4726/5675/4726 4600/5505/4600
f 4598/5503/4598 4700/5632/4700 4681/5606/4681
f 4574/5475/4574 4674/5598/4674 4581/5484/4581
f 4674/5598/4674 4689/5616/4689 4673/5597/4673
f 1218/5471/1218 1217/5600/1217 4569/5469/4569
f 4689/5616/4689 4723/5671/4723 4673/5597/4673
f 1437/5588/1437 1262/5680/1262 4717/5656/4717
f 4723/5671/4723 4557/5452/4557 4558/5454/4558
f 4671/5593/4671 4032/5592/4032 4696/5623/4696
f 4675/5599/4675 4671/5593/4671 4696/5623/4696
f 4699/5631/4699 4684/5609/4684 4694/5621/4694
f 4708/5641/4708 4725/5674/4725 4718/5662/4718
f 4598/5503/4598 4573/5474/4573 4630/5536/4630
f 4574/5475/4574 4727/5676/4727 4593/5497/4593
f 4726/5675/4726 4681/5606/4681 4676/5601/4676
f 1258/5681/1258 1228/5682/1228 4665/5582/4665
f 4699/5631/4699 4681/5606/4681 4700/5632/4700
f 1228/5682/1228 1230/5507/1230 4601/5506/4601
f 4674/5598/4674 4574/5475/4574 4593/5497/4593
f 4689/5616/4689 4557/5452/4557 4723/5671/4723
f 4699/5631/4699 4694/5621/4694 4677/5602/4677
f 4696/5623/4696 4728/5683/4728 4694/5621/4694
f 1230/5507/1230 1260/5644/1260 4602/5508/4602
f 4727/5676/4727 4726/5675/4726 4592/5495/4592
f 4565/5465/4565 23/5464/23 610/5678/610
f 4717/5656/4717 1255/5684/1255 1259/5586/1259
f 1261/5583/1261 4666/5584/4666 1259/5586/1259
f 4592/5495/4592 4593/5497/4593 4727/5676/4727
f 4576/5477/4576 4585/5488/4585 631/5478/631
f 4182/5654/4182 787/5642/787 4678/5603/4678
f 4558/5454/4558 2106/5661/2106 4702/5634/4702
f 4672/5595/4672 4726/5675/4726 4676/5601/4676
f 4631/5537/4631 4633/5539/4633 4665/5582/4665
f 4681/5606/4681 4677/5602/4677 4676/5601/4676
f 4681/5606/4681 4699/5631/4699 4677/5602/4677
f 4595/5500/4595 4594/5499/4594 4685/5610/4685
f 4640/5548/4640 4611/5517/4611 4599/5504/4599
f 629/5673/629 4578/5481/4578 4565/5465/4565
f 4665/5582/4665 1261/5583/1261 1258/5681/1258
f 1262/5680/1262 1255/5684/1255 4717/5656/4717
f 4674/5598/4674 4593/5497/4593 4691/5618/4691
f 4632/5538/4632 4664/5580/4664 1260/5644/1260
f 1260/5644/1260 4642/5550/4642 4632/5538/4632
f 4711/5646/4711 4724/5672/4724 4725/5674/4725
f 4619/5525/4619 4623/5529/4623 4635/5543/4635
f 4718/5662/4718 4725/5674/4725 4724/5672/4724
f 4668/5587/4668 4717/5656/4717 1259/5586/1259
f 4646/5555/4646 4642/5550/4642 1238/5556/1238
f 4689/5616/4689 4690/5617/4690 4557/5452/4557
f 4561/5457/4561 4709/5643/4709 4642/5550/4642
f 4601/5506/4601 4665/5582/4665 1228/5682/1228
f 4557/5452/4557 4690/5617/4690 2125/5453/2125
f 4696/5623/4696 4032/5592/4032 4182/5654/4182
f 4694/5621/4694 4728/5683/4728 4677/5602/4677
f 4728/5683/4728 4696/5623/4696 4182/5654/4182
f 4692/5619/4692 4721/5669/4721 4693/5620/4693
f 4592/5495/4592 4726/5675/4726 4672/5595/4672
f 4548/5443/4548 4606/5512/4606 4551/5446/4551
f 4672/5595/4672 4676/5601/4676 4678/5603/4678
f 4593/5497/4593 2173/5496/2173 4691/5618/4691
f 4722/5670/4722 4690/5617/4690 4691/5618/4691
f 4677/5602/4677 4728/5683/4728 4182/5654/4182
f 4594/5499/4594 2131/5647/2131 4625/5531/4625
f 4550/5445/4550 4556/5451/4556 4561/5457/4561
f 4624/5530/4624 4635/5543/4635 4729/5685/4729
f 2137/5686/2137 4626/5532/4626 2131/5647/2131
f 4678/5603/4678 4677/5602/4677 4182/5654/4182
f 4599/5504/4599 4618/5524/4618 4641/5549/4641
f 4611/5517/4611 4698/5630/4698 4704/5637/4704
f 2173/5496/2173 4722/5670/4722 4691/5618/4691
f 4605/5511/4605 4703/5636/4703 4625/5531/4625
f 2123/5679/2123 4722/5670/4722 2173/5496/2173
f 2137/5686/2137 2170/5629/2170 4620/5526/4620
f 4626/5532/4626 2137/5686/2137 4620/5526/4620
f 4552/5447/4552 4551/5446/4551 4606/5512/4606
f 1213/5625/1213 4686/5611/4686 4697/5624/4697
f 4637/5545/4637 4718/5662/4718 4621/5527/4621
f 4703/5636/4703 4605/5511/4605 4634/5541/4634
f 4637/5545/4637 4636/5544/4636 4718/5662/4718
f 4588/5491/4588 4587/5490/4587 4613/5519/4613
f 4591/5494/4591 4564/5462/4564 4638/5546/4638
f 4729/5685/4729 4662/5578/4662 4708/5641/4708
f 4623/5529/4623 4662/5578/4662 4635/5543/4635
f 4683/5608/4683 4693/5620/4693 4587/5490/4587
f 4620/5526/4620 4616/5522/4616 4637/5545/4637
f 4626/5532/4626 4625/5531/4625 2131/5647/2131
f 1154/5627/1154 4604/5510/4604 4603/5509/4603
f 4615/5521/4615 4636/5544/4636 4616/5522/4616
f 4620/5526/4620 2170/5629/2170 2535/5542/2535
f 4551/5446/4551 4545/5440/4545 4544/5439/4544
f 4604/5510/4604 4634/5541/4634 4605/5511/4605
f 4625/5531/4625 4703/5636/4703 4685/5610/4685
f 4662/5578/4662 4729/5685/4729 4635/5543/4635
f 4586/5489/4586 4571/5472/4571 4622/5528/4622
f 4718/5662/4718 4724/5672/4724 4621/5527/4621
f 4610/5516/4610 4609/5515/4609 4715/5651/4715
f 4693/5620/4693 4597/5502/4597 4582/5485/4582
f 4603/5509/4603 4724/5672/4724 4711/5646/4711
f 4546/5441/4546 4545/5440/4545 4567/5467/4567
f 4685/5610/4685 4594/5499/4594 4625/5531/4625
f 4573/5474/4573 4575/5476/4575 4701/5633/4701
f 4659/5575/4659 4685/5610/4685 4703/5636/4703
f 4708/5641/4708 4662/5578/4662 4725/5674/4725
f 4624/5530/4624 4729/5685/4729 4708/5641/4708
f 4549/5444/4549 4563/5461/4563 4562/5460/4562
f 4711/5646/4711 1154/5627/1154 4603/5509/4603
f 4719/5663/4719 4636/5544/4636 4704/5637/4704
f 2535/5542/2535 4617/5523/4617 4616/5522/4616
f 4548/5443/4548 4544/5439/4544 4563/5461/4563
f 4567/5467/4567 4545/5440/4545 4550/5445/4550
f 4680/5687/4680 4730/5688/4730 4656/5689/4656
f 2537/5690/2537 2504/5691/2504 4731/5692/4731
f 4608/5693/4608 4732/5694/4732 4733/5695/4733
f 3221/5696/3221 4734/5697/4734 2497/5698/2497
f 4735/5699/4735 4736/5700/4736 4737/5701/4737
f 4738/5702/4738 4739/5703/4739 4740/5704/4740
f 3172/5705/3172 3724/5706/3724 3175/5707/3175
f 4741/5708/4741 4742/5709/4742 4743/5710/4743
f 3686/5711/3686 3687/5712/3687 4744/5713/4744
f 3251/5714/3251 3724/5706/3724 3172/5705/3172
f 4745/5715/4745 4746/5716/4746 4734/5697/4734
f 4747/5717/4747 4748/5718/4748 4749/5719/4749
f 4750/5720/4750 4751/5721/4751 4752/5722/4752
f 4753/5723/4753 4754/5724/4754 4747/5717/4747
f 2534/5725/2534 4617/5726/4617 2535/5727/2535
f 4755/5728/4755 4746/5716/4746 4745/5715/4745
f 4747/5717/4747 4756/5729/4756 4753/5723/4753
f 4743/5710/4743 4747/5717/4747 4749/5719/4749
f 4757/5730/4757 4758/5731/4758 4759/5732/4759
f 4754/5724/4754 4753/5723/4753 4760/5733/4760
f 4761/5734/4761 4754/5724/4754 4760/5733/4760
f 4762/5735/4762 4763/5736/4763 4761/5734/4761
f 4762/5735/4762 4764/5737/4764 4763/5736/4763
f 4760/5733/4760 4762/5735/4762 4761/5734/4761
f 4736/5700/4736 4758/5731/4758 4765/5738/4765
f 4766/5739/4766 4756/5729/4756 4743/5710/4743
f 4742/5709/4742 4767/5740/4767 4743/5710/4743
f 4732/5694/4732 4615/5741/4615 4617/5726/4617
f 4768/5742/4768 4764/5737/4764 4769/5743/4769
f 4770/5744/4770 4771/5745/4771 4772/5746/4772
f 4762/5735/4762 4760/5733/4760 4773/5747/4773
f 4774/5748/4774 4767/5740/4767 4742/5709/4742
f 4775/5749/4775 4769/5743/4769 4764/5737/4764
f 4759/5732/4759 4776/5750/4776 4771/5745/4771
f 4777/5751/4777 4778/5752/4778 4779/5753/4779
f 4780/5754/4780 4779/5753/4779 4771/5745/4771
f 4781/5755/4781 4782/5756/4782 4770/5744/4770
f 4732/5694/4732 2534/5725/2534 4783/5757/4783
f 4769/5743/4769 4775/5749/4775 4784/5758/4784
f 4778/5752/4778 4772/5746/4772 4779/5753/4779
f 4731/5692/4731 2504/5691/2504 4785/5759/4785
f 4772/5746/4772 4786/5760/4786 4787/5761/4787
f 4780/5754/4780 4777/5751/4777 4779/5753/4779
f 4737/5701/4737 4788/5762/4788 4767/5740/4767
f 4789/5763/4789 4790/5764/4790 4784/5758/4784
f 4784/5758/4784 4790/5764/4790 4769/5743/4769
f 4791/5765/4791 4778/5752/4778 4792/5766/4792
f 4787/5761/4787 4786/5760/4786 4793/5767/4793
f 4792/5766/4792 4777/5751/4777 4794/5768/4794
f 4795/5769/4795 4773/5747/4773 4788/5762/4788
f 4795/5769/4795 4790/5764/4790 4789/5763/4789
f 4791/5765/4791 4792/5766/4792 4796/5770/4796
f 4791/5765/4791 4797/5771/4797 4772/5746/4772
f 4608/5693/4608 4615/5741/4615 4732/5694/4732
f 4772/5746/4772 4778/5752/4778 4791/5765/4791
f 4798/5772/4798 1231/5773/1231 1245/5774/1245
f 4777/5751/4777 4798/5772/4798 4794/5768/4794
f 4799/5775/4799 4800/5776/4800 4801/5777/4801
f 4778/5752/4778 4777/5751/4777 4792/5766/4792
f 4802/5778/4802 4788/5762/4788 4781/5755/4781
f 4795/5769/4795 4803/5779/4803 4790/5764/4790
f 4790/5764/4790 4801/5777/4801 4800/5776/4800
f 4804/5780/4804 4794/5768/4794 4805/5781/4805
f 4793/5767/4793 4797/5771/4797 4802/5778/4802
f 4798/5772/4798 4806/5782/4806 4794/5768/4794
f 4799/5775/4799 4801/5777/4801 4807/5783/4807
f 4803/5779/4803 4795/5769/4795 4808/5784/4808
f 4802/5778/4802 4808/5784/4808 4788/5762/4788
f 4782/5756/4782 4737/5701/4737 4736/5700/4736
f 4803/5779/4803 4801/5777/4801 4790/5764/4790
f 4809/5785/4809 4804/5780/4804 4810/5786/4810
f 4779/5753/4779 4772/5746/4772 4771/5745/4771
f 4811/5787/4811 4812/5788/4812 4809/5785/4809
f 4780/5754/4780 4798/5772/4798 4777/5751/4777
f 4783/5757/4783 2534/5725/2534 2537/5690/2537
f 4813/5789/4813 4732/5694/4732 4783/5757/4783
f 4814/5790/4814 4791/5765/4791 4812/5788/4812
f 1191/5791/1191 4806/5782/4806 1245/5774/1245
f 4768/5742/4768 4815/5792/4815 4764/5737/4764
f 4816/5793/4816 4817/5794/4817 4818/5795/4818
f 4818/5795/4818 4815/5792/4815 4768/5742/4768
f 4815/5792/4815 4818/5795/4818 4819/5796/4819
f 4820/5797/4820 4821/5798/4821 4822/5799/4822
f 4763/5736/4763 4815/5792/4815 4823/5800/4823
f 4819/5796/4819 4824/5801/4824 4823/5800/4823
f 4819/5796/4819 4821/5798/4821 4820/5797/4820
f 4822/5799/4822 4821/5798/4821 4817/5794/4817
f 4733/5695/4733 4825/5802/4825 4820/5797/4820
f 4824/5801/4824 4825/5802/4825 4813/5789/4813
f 4815/5792/4815 4819/5796/4819 4823/5800/4823
f 4813/5789/4813 4825/5802/4825 4733/5695/4733
f 4739/5703/4739 4823/5800/4823 4826/5803/4826
f 4763/5736/4763 4764/5737/4764 4815/5792/4815
f 4819/5796/4819 4817/5794/4817 4821/5798/4821
f 4826/5803/4826 4823/5800/4823 4824/5801/4824
f 4819/5796/4819 4818/5795/4818 4817/5794/4817
f 4825/5802/4825 4824/5801/4824 4820/5797/4820
f 4813/5789/4813 4826/5803/4826 4824/5801/4824
f 4818/5795/4818 4768/5742/4768 4816/5793/4816
f 4820/5797/4820 4824/5801/4824 4819/5796/4819
f 4799/5775/4799 4807/5783/4807 4827/5804/4827
f 4828/5805/4828 4807/5783/4807 4801/5777/4801
f 4803/5779/4803 4828/5805/4828 4801/5777/4801
f 4829/5806/4829 4802/5778/4802 4814/5790/4814
f 2534/5725/2534 4732/5694/4732 4617/5726/4617
f 4830/5807/4830 4806/5782/4806 1191/5791/1191
f 4830/5807/4830 4831/5808/4831 4806/5782/4806
f 4799/5775/4799 4827/5804/4827 4832/5809/4832
f 4833/5810/4833 4827/5804/4827 4807/5783/4807
f 4810/5786/4810 4831/5808/4831 4834/5811/4834
f 4811/5787/4811 4829/5806/4829 4814/5790/4814
f 4835/5812/4835 4836/5813/4836 4837/5814/4837
f 4783/5757/4783 2537/5690/2537 4731/5692/4731
f 4838/5815/4838 4839/5816/4839 4835/5812/4835
f 1382/5817/1382 396/5818/396 392/5819/392
f 4840/5820/4840 4841/5821/4841 4842/5822/4842
f 4837/5814/4837 12/5823/12 4832/5809/4832
f 4748/5718/4748 4747/5717/4747 4754/5724/4754
f 4789/5763/4789 4773/5747/4773 4795/5769/4795
f 4843/5824/4843 4844/5825/4844 4845/5826/4845
f 4846/5827/4846 4833/5810/4833 4807/5783/4807
f 4847/5828/4847 4848/5829/4848 4830/5807/4830
f 4832/5809/4832 4849/5830/4849 4837/5814/4837
f 4781/5755/4781 4793/5767/4793 4802/5778/4802
f 4831/5808/4831 4805/5781/4805 4794/5768/4794
f 4811/5787/4811 4810/5786/4810 4834/5811/4834
f 4832/5809/4832 4827/5804/4827 4849/5830/4849
f 4850/5831/4850 4851/5832/4851 4834/5811/4834
f 4834/5811/4834 4848/5829/4848 4850/5831/4850
f 4834/5811/4834 4851/5832/4851 4829/5806/4829
f 4751/5721/4751 4750/5720/4750 4741/5708/4741
f 4852/5833/4852 4750/5720/4750 4752/5722/4752
f 4853/5834/4853 4854/5835/4854 4855/5836/4855
f 4831/5808/4831 4830/5807/4830 4848/5829/4848
f 4856/5837/4856 4738/5702/4738 4734/5697/4734
f 4751/5721/4751 4741/5708/4741 4743/5710/4743
f 4857/5838/4857 4848/5829/4848 4847/5828/4847
f 4858/5839/4858 4859/5840/4859 4860/5841/4860
f 4861/5842/4861 4758/5731/4758 4862/5843/4862
f 134/5844/134 4863/5845/4863 4852/5833/4852
f 4759/5732/4759 4861/5842/4861 4864/5846/4864
f 4865/5847/4865 1236/5848/1236 1210/5849/1210
f 4780/5754/4780 1231/5773/1231 4798/5772/4798
f 134/5844/134 4852/5833/4852 4866/5850/4866
f 4867/5851/4867 1442/5852/1442 4868/5853/4868
f 4855/5836/4855 4741/5708/4741 4750/5720/4750
f 4741/5708/4741 4869/5854/4869 4742/5709/4742
f 4750/5720/4750 4852/5833/4852 4863/5845/4863
f 4763/5736/4763 4870/5855/4870 4761/5734/4761
f 4838/5815/4838 4846/5827/4846 4871/5856/4871
f 4786/5760/4786 4772/5746/4772 4797/5771/4797
f 4872/5857/4872 4873/5858/4873 4847/5828/4847
f 4837/5814/4837 4874/5859/4874 12/5823/12
f 4753/5723/4753 4756/5729/4756 4875/5860/4875
f 4857/5838/4857 4847/5828/4847 4876/5861/4876
f 386/5862/386 4868/5853/4868 391/5863/391
f 4763/5736/4763 4823/5800/4823 4870/5855/4870
f 4838/5815/4838 4871/5856/4871 4877/5864/4877
f 4871/5856/4871 4851/5832/4851 4878/5865/4878
f 4753/5723/4753 4875/5860/4875 4760/5733/4760
f 4835/5812/4835 4839/5816/4839 4836/5813/4836
f 4876/5861/4876 4847/5828/4847 4873/5858/4873
f 4871/5856/4871 4829/5806/4829 4851/5832/4851
f 4879/5866/4879 4868/5853/4868 386/5862/386
f 4754/5724/4754 4761/5734/4761 4870/5855/4870
f 4809/5785/4809 4812/5788/4812 4796/5770/4796
f 1191/5791/1191 4880/5867/4880 4830/5807/4830
f 4881/5868/4881 4882/5869/4882 4840/5820/4840
f 4733/5695/4733 4732/5694/4732 4813/5789/4813
f 1426/5870/1426 1393/5871/1393 4867/5851/4867
f 4765/5738/4765 4758/5731/4758 4757/5730/4757
f 4850/5831/4850 4878/5865/4878 4851/5832/4851
f 4812/5788/4812 4811/5787/4811 4814/5790/4814
f 4746/5716/4746 4856/5837/4856 4734/5697/4734
f 4876/5861/4876 4873/5858/4873 4883/5872/4883
f 1426/5870/1426 4867/5851/4867 4879/5866/4879
f 4813/5789/4813 4783/5757/4783 4785/5759/4785
f 4770/5744/4770 4782/5756/4782 4765/5738/4765
f 4838/5815/4838 4877/5864/4877 4839/5816/4839
f 4774/5748/4774 4737/5701/4737 4767/5740/4767
f 4878/5865/4878 4877/5864/4877 4871/5856/4871
f 4878/5865/4878 4850/5831/4850 4884/5873/4884
f 4861/5842/4861 4759/5732/4759 4758/5731/4758
f 4752/5722/4752 4866/5850/4866 4852/5833/4852
f 4839/5816/4839 4885/5874/4885 4836/5813/4836
f 1166/5875/1166 4776/5750/4776 1194/5876/1194
f 4886/5877/4886 4887/5878/4887 4876/5861/4876
f 4796/5770/4796 4812/5788/4812 4791/5765/4791
f 4854/5835/4854 4735/5699/4735 4888/5879/4888
f 4889/5880/4889 3686/5711/3686 4744/5713/4744
f 4890/5881/4890 2497/5698/2497 4740/5704/4740
f 3687/5712/3687 4891/5882/4891 4744/5713/4744
f 4887/5878/4887 4857/5838/4857 4876/5861/4876
f 4883/5872/4883 4873/5858/4873 4892/5883/4892
f 4780/5754/4780 4776/5750/4776 1231/5773/1231
f 4893/5884/4893 4752/5722/4752 4751/5721/4751
f 1438/5885/1438 4894/5886/4894 4892/5883/4892
f 4836/5813/4836 4885/5874/4885 4874/5859/4874
f 4872/5857/4872 1190/5887/1190 1438/5885/1438
f 4748/5718/4748 4754/5724/4754 4870/5855/4870
f 4773/5747/4773 4766/5739/4766 4788/5762/4788
f 4869/5854/4869 4888/5879/4888 4774/5748/4774
f 385/5888/385 4879/5866/4879 386/5862/386
f 4765/5738/4765 4782/5756/4782 4736/5700/4736
f 4846/5827/4846 4838/5815/4838 4833/5810/4833
f 4850/5831/4850 4848/5829/4848 4857/5838/4857
f 4895/5889/4895 4896/5890/4896 4897/5891/4897
f 2497/5698/2497 4734/5697/4734 4740/5704/4740
f 4874/5859/4874 4885/5874/4885 645/5892/645
f 4855/5836/4855 4869/5854/4869 4741/5708/4741
f 4770/5744/4770 4757/5730/4757 4771/5745/4771
f 4886/5877/4886 4884/5873/4884 4887/5878/4887
f 4731/5692/4731 4785/5759/4785 4783/5757/4783
f 4869/5854/4869 4774/5748/4774 4742/5709/4742
f 4884/5873/4884 4877/5864/4877 4878/5865/4878
f 4866/5850/4866 4898/5893/4898 137/5894/137
f 4735/5699/4735 4862/5843/4862 4736/5700/4736
f 4899/5895/4899 20/5896/20 4607/5897/4607
f 4900/5898/4900 4859/5840/4859 4858/5839/4858
f 4901/5899/4901 4863/5845/4863 133/5900/133
f 4902/5901/4902 4841/5821/4841 4840/5820/4840
f 4875/5860/4875 4766/5739/4766 4760/5733/4760
f 4903/5902/4903 4839/5816/4839 4904/5903/4904
f 4796/5770/4796 4804/5780/4804 4809/5785/4809
f 4876/5861/4876 4883/5872/4883 4886/5877/4886
f 4892/5883/4892 4894/5886/4894 4883/5872/4883
f 4762/5735/4762 4775/5749/4775 4764/5737/4764
f 4889/5880/4889 3723/5904/3723 3686/5711/3686
f 4874/5859/4874 4837/5814/4837 4836/5813/4836
f 4905/5905/4905 4879/5866/4879 4906/5906/4906
f 4882/5869/4882 411/5907/411 4907/5908/4907
f 4845/5826/4845 1426/5870/1426 4905/5905/4905
f 4859/5840/4859 4886/5877/4886 4860/5841/4860
f 4886/5877/4886 4859/5840/4859 4884/5873/4884
f 4877/5864/4877 4884/5873/4884 4900/5898/4900
f 4788/5762/4788 4808/5784/4808 4795/5769/4795
f 4855/5836/4855 4888/5879/4888 4869/5854/4869
f 4903/5902/4903 4904/5903/4904 4900/5898/4900
f 4897/5891/4897 4883/5872/4883 4894/5886/4894
f 4773/5747/4773 4784/5758/4784 4775/5749/4775
f 645/5892/645 4885/5874/4885 4908/5909/4908
f 4871/5856/4871 4846/5827/4846 4829/5806/4829
f 4849/5830/4849 4833/5810/4833 4835/5812/4835
f 621/5910/621 645/5892/645 4909/5911/4909
f 1439/5912/1439 4910/5913/4910 4894/5886/4894
f 4833/5810/4833 4849/5830/4849 4827/5804/4827
f 4870/5855/4870 4739/5703/4739 4748/5718/4748
f 4884/5873/4884 4859/5840/4859 4900/5898/4900
f 4906/5906/4906 4879/5866/4879 385/5888/385
f 4829/5806/4829 4803/5779/4803 4802/5778/4802
f 4855/5836/4855 4854/5835/4854 4888/5879/4888
f 4907/5908/4907 411/5907/411 432/5914/432
f 4882/5869/4882 4911/5915/4911 4902/5901/4902
f 1432/5916/1432 1439/5912/1439 4894/5886/4894
f 4900/5898/4900 4908/5909/4908 4903/5902/4903
f 4886/5877/4886 4897/5891/4897 4896/5890/4896
f 390/5917/390 4906/5906/4906 385/5888/385
f 391/5863/391 4868/5853/4868 392/5819/392
f 4845/5826/4845 4912/5918/4912 1416/5919/1416
f 4898/5893/4898 3660/5920/3660 137/5894/137
f 4854/5835/4854 4853/5834/4853 4861/5842/4861
f 4831/5808/4831 4810/5786/4810 4805/5781/4805
f 4845/5826/4845 4905/5905/4905 4913/5921/4913
f 4906/5906/4906 390/5917/390 4913/5921/4913
f 4837/5814/4837 4849/5830/4849 4835/5812/4835
f 4781/5755/4781 4788/5762/4788 4737/5701/4737
f 4804/5780/4804 4792/5766/4792 4794/5768/4794
f 1432/5916/1432 4894/5886/4894 1438/5885/1438
f 390/5917/390 409/5922/409 4914/5923/4914
f 4913/5921/4913 4843/5824/4843 4845/5826/4845
f 4771/5745/4771 4776/5750/4776 4780/5754/4780
f 4838/5815/4838 4835/5812/4835 4833/5810/4833
f 4915/5924/4915 4909/5911/4909 4908/5909/4908
f 645/5892/645 4908/5909/4908 4909/5911/4909
f 4913/5921/4913 390/5917/390 4914/5923/4914
f 4828/5805/4828 4803/5779/4803 4846/5827/4846
f 3677/5925/3677 3676/5926/3676 4755/5728/4755
f 4896/5890/4896 4895/5889/4895 4916/5927/4916
f 1236/5848/1236 133/5900/133 1219/5928/1219
f 1219/5928/1219 133/5900/133 142/5929/142
f 4901/5899/4901 1236/5848/1236 4865/5847/4865
f 4861/5842/4861 4853/5834/4853 4917/5930/4917
f 4831/5808/4831 4794/5768/4794 4806/5782/4806
f 4862/5843/4862 4854/5835/4854 4861/5842/4861
f 4901/5899/4901 4853/5834/4853 4863/5845/4863
f 4854/5835/4854 4862/5843/4862 4735/5699/4735
f 4868/5853/4868 1442/5852/1442 1382/5817/1382
f 4864/5846/4864 4861/5842/4861 4917/5930/4917
f 4917/5930/4917 4865/5847/4865 1210/5849/1210
f 4913/5921/4913 4881/5868/4881 4843/5824/4843
f 4810/5786/4810 4804/5780/4804 4805/5781/4805
f 4911/5915/4911 4909/5911/4909 4915/5924/4915
f 1438/5885/1438 4892/5883/4892 4873/5858/4873
f 4792/5766/4792 4804/5780/4804 4796/5770/4796
f 4907/5908/4907 4909/5911/4909 4911/5915/4911
f 4793/5767/4793 4786/5760/4786 4797/5771/4797
f 4808/5784/4808 4802/5778/4802 4803/5779/4803
f 4743/5710/4743 4767/5740/4767 4766/5739/4766
f 4858/5839/4858 4896/5890/4896 4916/5927/4916
f 4902/5901/4902 4911/5915/4911 4915/5924/4915
f 4844/5825/4844 4842/5822/4842 4912/5918/4912
f 4767/5740/4767 4788/5762/4788 4766/5739/4766
f 4906/5906/4906 4913/5921/4913 4905/5905/4905
f 4830/5807/4830 4880/5867/4880 4847/5828/4847
f 4834/5811/4834 4831/5808/4831 4848/5829/4848
f 4915/5924/4915 4908/5909/4908 4900/5898/4900
f 4747/5717/4747 4743/5710/4743 4756/5729/4756
f 4913/5921/4913 4914/5923/4914 4881/5868/4881
f 4882/5869/4882 4914/5923/4914 411/5907/411
f 4787/5761/4787 4793/5767/4793 4781/5755/4781
f 4844/5825/4844 4912/5918/4912 4845/5826/4845
f 4847/5828/4847 4880/5867/4880 4872/5857/4872
f 4904/5903/4904 4839/5816/4839 4900/5898/4900
f 4880/5867/4880 1191/5791/1191 1190/5887/1190
f 4840/5820/4840 4918/5931/4918 4881/5868/4881
f 4918/5931/4918 4844/5825/4844 4843/5824/4843
f 4919/5932/4919 4920/5933/4920 4841/5821/4841
f 4886/5877/4886 4896/5890/4896 4860/5841/4860
f 4910/5913/4910 1416/5919/1416 4920/5933/4920
f 4897/5891/4897 4894/5886/4894 4910/5913/4910
f 4829/5806/4829 4811/5787/4811 4834/5811/4834
f 4915/5924/4915 4858/5839/4858 4916/5927/4916
f 4915/5924/4915 4900/5898/4900 4858/5839/4858
f 1442/5852/1442 4867/5851/4867 1393/5871/1393
f 4921/5934/4921 4922/5935/4922 4746/5716/4746
f 4911/5915/4911 4882/5869/4882 4907/5908/4907
f 4914/5923/4914 409/5922/409 411/5907/411
f 4916/5927/4916 4841/5821/4841 4902/5901/4902
f 4908/5909/4908 4885/5874/4885 4903/5902/4903
f 4887/5878/4887 4850/5831/4850 4857/5838/4857
f 4918/5931/4918 4840/5820/4840 4842/5822/4842
f 4803/5779/4803 4829/5806/4829 4846/5827/4846
f 4846/5827/4846 4807/5783/4807 4828/5805/4828
f 4868/5853/4868 4879/5866/4879 4867/5851/4867
f 4765/5738/4765 4757/5730/4757 4770/5744/4770
f 4881/5868/4881 4914/5923/4914 4882/5869/4882
f 4920/5933/4920 1416/5919/1416 4912/5918/4912
f 4770/5744/4770 4772/5746/4772 4787/5761/4787
f 4895/5889/4895 4897/5891/4897 4919/5932/4919
f 4839/5816/4839 4877/5864/4877 4900/5898/4900
f 4814/5790/4814 4802/5778/4802 4797/5771/4797
f 4845/5826/4845 1427/5936/1427 1426/5870/1426
f 4789/5763/4789 4784/5758/4784 4773/5747/4773
f 432/5914/432 4909/5911/4909 4907/5908/4907
f 4773/5747/4773 4760/5733/4760 4766/5739/4766
f 4903/5902/4903 4885/5874/4885 4839/5816/4839
f 4887/5878/4887 4884/5873/4884 4850/5831/4850
f 4773/5747/4773 4775/5749/4775 4762/5735/4762
f 4910/5913/4910 4920/5933/4920 4919/5932/4919
f 4864/5846/4864 1194/5876/1194 4759/5732/4759
f 4797/5771/4797 4791/5765/4791 4814/5790/4814
f 4912/5918/4912 4841/5821/4841 4920/5933/4920
f 4883/5872/4883 4897/5891/4897 4886/5877/4886
f 4872/5857/4872 4880/5867/4880 1190/5887/1190
f 4787/5761/4787 4781/5755/4781 4770/5744/4770
f 4882/5869/4882 4902/5901/4902 4840/5820/4840
f 392/5819/392 4868/5853/4868 1382/5817/1382
f 4739/5703/4739 4870/5855/4870 4823/5800/4823
f 4842/5822/4842 4844/5825/4844 4918/5931/4918
f 4905/5905/4905 1426/5870/1426 4879/5866/4879
f 4919/5932/4919 4841/5821/4841 4916/5927/4916
f 432/5914/432 621/5910/621 4909/5911/4909
f 4756/5729/4756 4766/5739/4766 4875/5860/4875
f 4800/5776/4800 4769/5743/4769 4790/5764/4790
f 4864/5846/4864 4917/5930/4917 1210/5849/1210
f 4896/5890/4896 4858/5839/4858 4860/5841/4860
f 4872/5857/4872 1438/5885/1438 4873/5858/4873
f 4895/5889/4895 4919/5932/4919 4916/5927/4916
f 4862/5843/4862 4758/5731/4758 4736/5700/4736
f 1416/5919/1416 4910/5913/4910 1439/5912/1439
f 4843/5824/4843 4881/5868/4881 4918/5931/4918
f 4757/5730/4757 4759/5732/4759 4771/5745/4771
f 4809/5785/4809 4810/5786/4810 4811/5787/4811
f 4919/5932/4919 4897/5891/4897 4910/5913/4910
f 4902/5901/4902 4915/5924/4915 4916/5927/4916
f 1416/5919/1416 1427/5936/1427 4845/5826/4845
f 4781/5755/4781 4737/5701/4737 4782/5756/4782
f 1245/5774/1245 4806/5782/4806 4798/5772/4798
f 4841/5821/4841 4912/5918/4912 4842/5822/4842
f 3687/5712/3687 4898/5893/4898 4891/5882/4891
f 4735/5699/4735 4737/5701/4737 4774/5748/4774
f 4750/5720/4750 4863/5845/4863 4855/5836/4855
f 4744/5713/4744 4891/5882/4891 4889/5880/4889
f 4751/5721/4751 4743/5710/4743 4749/5719/4749
f 4752/5722/4752 4923/5937/4923 4866/5850/4866
f 4917/5930/4917 4853/5834/4853 4901/5899/4901
f 4891/5882/4891 4866/5850/4866 4923/5937/4923
f 4776/5750/4776 4759/5732/4759 1194/5876/1194
f 4893/5884/4893 4749/5719/4749 4924/5938/4924
f 4898/5893/4898 4866/5850/4866 4891/5882/4891
f 3660/5920/3660 4898/5893/4898 3687/5712/3687
f 3676/5926/3676 4921/5934/4921 4746/5716/4746
f 4755/5728/4755 3656/5939/3656 3677/5925/3677
f 4901/5899/4901 4865/5847/4865 4917/5930/4917
f 3676/5926/3676 3711/5940/3711 4921/5934/4921
f 3724/5706/3724 3656/5939/3656 4755/5728/4755
f 4888/5879/4888 4735/5699/4735 4774/5748/4774
f 4921/5934/4921 4889/5880/4889 4922/5935/4922
f 1210/5849/1210 1194/5876/1194 4864/5846/4864
f 4813/5789/4813 4785/5759/4785 4826/5803/4826
f 4923/5937/4923 4922/5935/4922 4891/5882/4891
f 3175/5707/3175 4755/5728/4755 4745/5715/4745
f 4922/5935/4922 4856/5837/4856 4746/5716/4746
f 4923/5937/4923 4856/5837/4856 4922/5935/4922
f 4856/5837/4856 4923/5937/4923 4924/5938/4924
f 4855/5836/4855 4863/5845/4863 4853/5834/4853
f 4739/5703/4739 4826/5803/4826 4740/5704/4740
f 4785/5759/4785 2504/5691/2504 4890/5881/4890
f 4826/5803/4826 4785/5759/4785 4740/5704/4740
f 4925/5941/4925 4926/5942/4926 4680/5687/4680
f 4925/5941/4925 4680/5687/4680 4661/5943/4661
f 4927/5944/4927 4822/5799/4822 4653/5945/4653
f 4926/5942/4926 4816/5793/4816 4768/5742/4768
f 4890/5881/4890 4740/5704/4740 4785/5759/4785
f 134/5844/134 4866/5850/4866 137/5894/137
f 4925/5941/4925 4670/5946/4670 4822/5799/4822
f 4653/5945/4653 4822/5799/4822 4670/5946/4670
f 4925/5941/4925 4661/5943/4661 4670/5946/4670
f 4925/5941/4925 4817/5794/4817 4816/5793/4816
f 4817/5794/4817 4925/5941/4925 4822/5799/4822
f 4608/5693/4608 4927/5944/4927 4653/5945/4653
f 4816/5793/4816 4926/5942/4926 4925/5941/4925
f 4820/5797/4820 4822/5799/4822 4927/5944/4927
f 4820/5797/4820 4927/5944/4927 4733/5695/4733
f 4733/5695/4733 4927/5944/4927 4608/5693/4608
f 2498/5947/2498 4890/5881/4890 2504/5691/2504
f 4745/5715/4745 3186/5948/3186 3175/5707/3175
f 4749/5719/4749 4893/5884/4893 4751/5721/4751
f 4748/5718/4748 4739/5703/4739 4738/5702/4738
f 4922/5935/4922 4889/5880/4889 4891/5882/4891
f 133/5900/133 1236/5848/1236 4901/5899/4901
f 3186/5948/3186 4745/5715/4745 3221/5696/3221
f 4890/5881/4890 2498/5947/2498 2497/5698/2497
f 3723/5904/3723 4889/5880/4889 4921/5934/4921
f 4924/5938/4924 4738/5702/4738 4856/5837/4856
f 4656/5689/4656 4730/5688/4730 4607/5897/4607
f 4863/5845/4863 134/5844/134 133/5900/133
f 3724/5706/3724 4755/5728/4755 3175/5707/3175
f 3676/5926/3676 4746/5716/4746 4755/5728/4755
f 3221/5696/3221 4745/5715/4745 4734/5697/4734
f 4734/5697/4734 4738/5702/4738 4740/5704/4740
f 4748/5718/4748 4924/5938/4924 4749/5719/4749
f 4921/5934/4921 3711/5940/3711 3723/5904/3723
f 4924/5938/4924 4748/5718/4748 4738/5702/4738
f 12/5823/12 4928/5949/4928 4832/5809/4832
f 4929/5950/4929 4899/5895/4899 4730/5688/4730
f 22/5951/22 4928/5949/4928 12/5823/12
f 643/5952/643 4874/5859/4874 645/5892/645
f 4930/5953/4930 4800/5776/4800 4931/5954/4931
f 4932/5955/4932 4933/5956/4933 4934/5957/4934
f 13/5958/13 4874/5859/4874 643/5952/643
f 1166/5875/1166 1231/5773/1231 4776/5750/4776
f 24/5959/24 4935/5960/4935 16/5961/16
f 16/5961/16 4928/5949/4928 22/5951/22
f 4929/5950/4929 4730/5688/4730 4936/5962/4936
f 4730/5688/4730 4680/5687/4680 4926/5942/4926
f 4730/5688/4730 4899/5895/4899 4607/5897/4607
f 4933/5956/4933 4768/5742/4768 4769/5743/4769
f 4930/5953/4930 4934/5957/4934 4800/5776/4800
f 4800/5776/4800 4799/5775/4799 4931/5954/4931
f 4936/5962/4936 4730/5688/4730 4926/5942/4926
f 4928/5949/4928 16/5961/16 4935/5960/4935
f 4933/5956/4933 4932/5955/4932 4937/5963/4937
f 4928/5949/4928 4935/5960/4935 4832/5809/4832
f 20/5896/20 4938/5964/4938 18/5965/18
f 24/5959/24 4939/5966/4939 4935/5960/4935
f 4938/5964/4938 24/5959/24 18/5965/18
f 4935/5960/4935 4799/5775/4799 4832/5809/4832
f 4938/5964/4938 4939/5966/4939 24/5959/24
f 4799/5775/4799 4935/5960/4935 4931/5954/4931
f 4939/5966/4939 4930/5953/4930 4931/5954/4931
f 4935/5960/4935 4939/5966/4939 4931/5954/4931
f 4938/5964/4938 4929/5950/4929 4939/5966/4939
f 4936/5962/4936 4768/5742/4768 4937/5963/4937
f 4938/5964/4938 4940/5967/4940 4929/5950/4929
f 4929/5950/4929 4932/5955/4932 4939/5966/4939
f 4899/5895/4899 4940/5967/4940 20/5896/20
f 20/5896/20 4940/5967/4940 4938/5964/4938
f 12/5823/12 4874/5859/4874 13/5958/13
f 4934/5957/4934 4933/5956/4933 4769/5743/4769
f 4934/5957/4934 4930/5953/4930 4932/5955/4932
f 4899/5895/4899 4929/5950/4929 4940/5967/4940
f 4937/5963/4937 4932/5955/4932 4929/5950/4929
f 4800/5776/4800 4934/5957/4934 4769/5743/4769
f 4929/5950/4929 4936/5962/4936 4937/5963/4937
f 4932/5955/4932 4930/5953/4930 4939/5966/4939
f 4768/5742/4768 4933/5956/4933 4937/5963/4937
f 4924/5938/4924 4923/5937/4923 4893/5884/4893
f 4752/5722/4752 4893/5884/4893 4923/5937/4923
f 4768/5742/4768 4936/5962/4936 4926/5942/4926
s off